shipment_id,order_id,carrier_name,dispatch_date,promised_delivery_date,actual_delivery_date
SHP-ORD-00001,ORD-00001,Carrier B,2025-04-02,2025-04-07,2025-04-07
SHP-ORD-00002,ORD-00002,DHL,2025-04-02,2025-04-07,2025-04-09
SHP-ORD-00003,ORD-00003,FedEx,2025-04-02,2025-04-07,2025-04-08
SHP-ORD-00004,ORD-00004,Carrier B,2025-04-02,2025-04-07,2025-04-07
SHP-ORD-00005,ORD-00005,Carrier B,2025-04-02,2025-04-07,2025-04-09
SHP-ORD-00006,ORD-00006,DHL,2025-04-02,2025-04-07,2025-04-08
SHP-ORD-00007,ORD-00007,FedEx,2025-04-02,2025-04-07,2025-04-09
SHP-ORD-00008,ORD-00008,DHL,2025-04-02,2025-04-07,2025-04-07
SHP-ORD-00009,ORD-00009,FedEx,2025-04-02,2025-04-07,2025-04-08
SHP-ORD-00010,ORD-00010,Carrier B,2025-04-02,2025-04-07,2025-04-08
SHP-ORD-00011,ORD-00011,Carrier B,2025-04-02,2025-04-07,2025-04-09
SHP-ORD-00012,ORD-00012,FedEx,2025-04-02,2025-04-07,2025-04-07
SHP-ORD-00013,ORD-00013,DHL,2025-04-02,2025-04-07,2025-04-08
SHP-ORD-00014,ORD-00014,FedEx,2025-04-02,2025-04-07,2025-04-07
SHP-ORD-00015,ORD-00015,DHL,2025-04-02,2025-04-07,2025-04-07
SHP-ORD-00016,ORD-00016,FedEx,2025-04-02,2025-04-07,2025-04-09
SHP-ORD-00017,ORD-00017,DHL,2025-04-02,2025-04-07,2025-04-07
SHP-ORD-00018,ORD-00018,FedEx,2025-04-02,2025-04-07,2025-04-09
SHP-ORD-00019,ORD-00019,FedEx,2025-04-02,2025-04-07,2025-04-07
SHP-ORD-00020,ORD-00020,DHL,2025-04-02,2025-04-07,2025-04-09
SHP-ORD-00021,ORD-00021,FedEx,2025-04-02,2025-04-07,2025-04-09
SHP-ORD-00022,ORD-00022,DHL,2025-04-02,2025-04-07,2025-04-08
SHP-ORD-00023,ORD-00023,FedEx,2025-04-02,2025-04-07,2025-04-09
SHP-ORD-00024,ORD-00024,DHL,2025-04-02,2025-04-07,2025-04-08
SHP-ORD-00025,ORD-00025,Carrier B,2025-04-02,2025-04-07,2025-04-09
SHP-ORD-00026,ORD-00026,Carrier B,2025-04-02,2025-04-07,2025-04-07
SHP-ORD-00027,ORD-00027,Carrier B,2025-04-02,2025-04-07,2025-04-08
SHP-ORD-00028,ORD-00028,Carrier B,2025-04-02,2025-04-07,2025-04-07
SHP-ORD-00029,ORD-00029,FedEx,2025-04-02,2025-04-07,2025-04-07
SHP-ORD-00030,ORD-00030,FedEx,2025-04-02,2025-04-07,2025-04-07
SHP-ORD-00031,ORD-00031,DHL,2025-04-03,2025-04-08,2025-04-08
SHP-ORD-00032,ORD-00032,Carrier B,2025-04-03,2025-04-08,2025-04-09
SHP-ORD-00033,ORD-00033,Carrier B,2025-04-03,2025-04-08,2025-04-08
SHP-ORD-00034,ORD-00034,FedEx,2025-04-03,2025-04-08,2025-04-10
SHP-ORD-00035,ORD-00035,FedEx,2025-04-03,2025-04-08,2025-04-10
SHP-ORD-00036,ORD-00036,FedEx,2025-04-03,2025-04-08,2025-04-08
SHP-ORD-00037,ORD-00037,DHL,2025-04-03,2025-04-08,2025-04-08
SHP-ORD-00038,ORD-00038,DHL,2025-04-03,2025-04-08,2025-04-10
SHP-ORD-00039,ORD-00039,FedEx,2025-04-03,2025-04-08,2025-04-10
SHP-ORD-00040,ORD-00040,DHL,2025-04-03,2025-04-08,2025-04-10
SHP-ORD-00041,ORD-00041,DHL,2025-04-03,2025-04-08,2025-04-08
SHP-ORD-00042,ORD-00042,DHL,2025-04-03,2025-04-08,2025-04-10
SHP-ORD-00043,ORD-00043,FedEx,2025-04-04,2025-04-09,2025-04-10
SHP-ORD-00044,ORD-00044,Carrier B,2025-04-04,2025-04-09,2025-04-09
SHP-ORD-00045,ORD-00045,DHL,2025-04-04,2025-04-09,2025-04-11
SHP-ORD-00046,ORD-00046,Carrier B,2025-04-04,2025-04-09,2025-04-11
SHP-ORD-00047,ORD-00047,Carrier B,2025-04-04,2025-04-09,2025-04-09
SHP-ORD-00048,ORD-00048,FedEx,2025-04-04,2025-04-09,2025-04-10
SHP-ORD-00049,ORD-00049,FedEx,2025-04-04,2025-04-09,2025-04-11
SHP-ORD-00050,ORD-00050,DHL,2025-04-04,2025-04-09,2025-04-11
SHP-ORD-00051,ORD-00051,FedEx,2025-04-04,2025-04-09,2025-04-10
SHP-ORD-00052,ORD-00052,Carrier B,2025-04-04,2025-04-09,2025-04-09
SHP-ORD-00053,ORD-00053,DHL,2025-04-04,2025-04-09,2025-04-09
SHP-ORD-00054,ORD-00054,Carrier B,2025-04-04,2025-04-09,2025-04-11
SHP-ORD-00055,ORD-00055,FedEx,2025-04-04,2025-04-09,2025-04-09
SHP-ORD-00056,ORD-00056,FedEx,2025-04-04,2025-04-09,2025-04-10
SHP-ORD-00057,ORD-00057,DHL,2025-04-04,2025-04-09,2025-04-09
SHP-ORD-00058,ORD-00058,FedEx,2025-04-04,2025-04-09,2025-04-11
SHP-ORD-00059,ORD-00059,DHL,2025-04-04,2025-04-09,2025-04-09
SHP-ORD-00060,ORD-00060,Carrier B,2025-04-04,2025-04-09,2025-04-11
SHP-ORD-00061,ORD-00061,DHL,2025-04-04,2025-04-09,2025-04-10
SHP-ORD-00062,ORD-00062,DHL,2025-04-04,2025-04-09,2025-04-10
SHP-ORD-00063,ORD-00063,FedEx,2025-04-04,2025-04-09,2025-04-11
SHP-ORD-00064,ORD-00064,FedEx,2025-04-05,2025-04-10,2025-04-10
SHP-ORD-00065,ORD-00065,Carrier B,2025-04-05,2025-04-10,2025-04-11
SHP-ORD-00066,ORD-00066,Carrier B,2025-04-05,2025-04-10,2025-04-10
SHP-ORD-00067,ORD-00067,DHL,2025-04-05,2025-04-10,2025-04-10
SHP-ORD-00068,ORD-00068,Carrier B,2025-04-05,2025-04-10,2025-04-12
SHP-ORD-00069,ORD-00069,DHL,2025-04-05,2025-04-10,2025-04-10
SHP-ORD-00070,ORD-00070,FedEx,2025-04-05,2025-04-10,2025-04-12
SHP-ORD-00071,ORD-00071,FedEx,2025-04-05,2025-04-10,2025-04-12
SHP-ORD-00072,ORD-00072,Carrier B,2025-04-05,2025-04-10,2025-04-10
SHP-ORD-00073,ORD-00073,FedEx,2025-04-05,2025-04-10,2025-04-10
SHP-ORD-00074,ORD-00074,DHL,2025-04-05,2025-04-10,2025-04-11
SHP-ORD-00075,ORD-00075,DHL,2025-04-05,2025-04-10,2025-04-12
SHP-ORD-00076,ORD-00076,DHL,2025-04-05,2025-04-10,2025-04-10
SHP-ORD-00077,ORD-00077,DHL,2025-04-05,2025-04-10,2025-04-10
SHP-ORD-00078,ORD-00078,FedEx,2025-04-05,2025-04-10,2025-04-10
SHP-ORD-00079,ORD-00079,FedEx,2025-04-05,2025-04-10,2025-04-11
SHP-ORD-00080,ORD-00080,DHL,2025-04-05,2025-04-10,2025-04-11
SHP-ORD-00081,ORD-00081,DHL,2025-04-05,2025-04-10,2025-04-10
SHP-ORD-00082,ORD-00082,DHL,2025-04-05,2025-04-10,2025-04-10
SHP-ORD-00083,ORD-00083,DHL,2025-04-05,2025-04-10,2025-04-10
SHP-ORD-00084,ORD-00084,FedEx,2025-04-05,2025-04-10,2025-04-11
SHP-ORD-00085,ORD-00085,Carrier B,2025-04-05,2025-04-10,2025-04-11
SHP-ORD-00086,ORD-00086,DHL,2025-04-05,2025-04-10,2025-04-10
SHP-ORD-00087,ORD-00087,FedEx,2025-04-05,2025-04-10,2025-04-11
SHP-ORD-00088,ORD-00088,DHL,2025-04-05,2025-04-10,2025-04-10
SHP-ORD-00089,ORD-00089,Carrier B,2025-04-06,2025-04-11,2025-04-12
SHP-ORD-00090,ORD-00090,Carrier B,2025-04-06,2025-04-11,2025-04-11
SHP-ORD-00091,ORD-00091,FedEx,2025-04-06,2025-04-11,2025-04-12
SHP-ORD-00092,ORD-00092,DHL,2025-04-06,2025-04-11,2025-04-11
SHP-ORD-00093,ORD-00093,FedEx,2025-04-06,2025-04-11,2025-04-12
SHP-ORD-00094,ORD-00094,FedEx,2025-04-06,2025-04-11,2025-04-13
SHP-ORD-00095,ORD-00095,DHL,2025-04-06,2025-04-11,2025-04-11
SHP-ORD-00096,ORD-00096,DHL,2025-04-06,2025-04-11,2025-04-11
SHP-ORD-00097,ORD-00097,DHL,2025-04-06,2025-04-11,2025-04-13
SHP-ORD-00098,ORD-00098,FedEx,2025-04-06,2025-04-11,2025-04-12
SHP-ORD-00099,ORD-00099,FedEx,2025-04-06,2025-04-11,2025-04-12
SHP-ORD-00100,ORD-00100,DHL,2025-04-06,2025-04-11,2025-04-12
SHP-ORD-00101,ORD-00101,FedEx,2025-04-06,2025-04-11,2025-04-13
SHP-ORD-00102,ORD-00102,FedEx,2025-04-06,2025-04-11,2025-04-12
SHP-ORD-00103,ORD-00103,FedEx,2025-04-06,2025-04-11,2025-04-11
SHP-ORD-00104,ORD-00104,DHL,2025-04-06,2025-04-11,2025-04-11
SHP-ORD-00105,ORD-00105,FedEx,2025-04-06,2025-04-11,2025-04-12
SHP-ORD-00106,ORD-00106,DHL,2025-04-06,2025-04-11,2025-04-11
SHP-ORD-00107,ORD-00107,FedEx,2025-04-06,2025-04-11,2025-04-11
SHP-ORD-00108,ORD-00108,FedEx,2025-04-06,2025-04-11,2025-04-13
SHP-ORD-00109,ORD-00109,DHL,2025-04-07,2025-04-12,2025-04-14
SHP-ORD-00110,ORD-00110,FedEx,2025-04-07,2025-04-12,2025-04-14
SHP-ORD-00111,ORD-00111,DHL,2025-04-07,2025-04-12,2025-04-14
SHP-ORD-00112,ORD-00112,FedEx,2025-04-07,2025-04-12,2025-04-12
SHP-ORD-00113,ORD-00113,DHL,2025-04-07,2025-04-12,2025-04-12
SHP-ORD-00114,ORD-00114,FedEx,2025-04-07,2025-04-12,2025-04-13
SHP-ORD-00115,ORD-00115,FedEx,2025-04-07,2025-04-12,2025-04-13
SHP-ORD-00116,ORD-00116,DHL,2025-04-07,2025-04-12,2025-04-13
SHP-ORD-00117,ORD-00117,Carrier B,2025-04-07,2025-04-12,2025-04-14
SHP-ORD-00118,ORD-00118,FedEx,2025-04-07,2025-04-12,2025-04-14
SHP-ORD-00119,ORD-00119,DHL,2025-04-07,2025-04-12,2025-04-14
SHP-ORD-00120,ORD-00120,DHL,2025-04-07,2025-04-12,2025-04-12
SHP-ORD-00121,ORD-00121,DHL,2025-04-07,2025-04-12,2025-04-12
SHP-ORD-00122,ORD-00122,Carrier B,2025-04-07,2025-04-12,2025-04-14
SHP-ORD-00123,ORD-00123,FedEx,2025-04-07,2025-04-12,2025-04-14
SHP-ORD-00124,ORD-00124,Carrier B,2025-04-07,2025-04-12,2025-04-13
SHP-ORD-00125,ORD-00125,FedEx,2025-04-07,2025-04-12,2025-04-12
SHP-ORD-00126,ORD-00126,FedEx,2025-04-07,2025-04-12,2025-04-12
SHP-ORD-00127,ORD-00127,Carrier B,2025-04-07,2025-04-12,2025-04-14
SHP-ORD-00128,ORD-00128,DHL,2025-04-07,2025-04-12,2025-04-12
SHP-ORD-00129,ORD-00129,DHL,2025-04-07,2025-04-12,2025-04-14
SHP-ORD-00130,ORD-00130,DHL,2025-04-07,2025-04-12,2025-04-12
SHP-ORD-00131,ORD-00131,DHL,2025-04-07,2025-04-12,2025-04-14
SHP-ORD-00132,ORD-00132,FedEx,2025-04-07,2025-04-12,2025-04-14
SHP-ORD-00133,ORD-00133,DHL,2025-04-07,2025-04-12,2025-04-12
SHP-ORD-00134,ORD-00134,FedEx,2025-04-07,2025-04-12,2025-04-12
SHP-ORD-00135,ORD-00135,Carrier B,2025-04-07,2025-04-12,2025-04-13
SHP-ORD-00136,ORD-00136,Carrier B,2025-04-07,2025-04-12,2025-04-12
SHP-ORD-00137,ORD-00137,FedEx,2025-04-08,2025-04-13,2025-04-13
SHP-ORD-00138,ORD-00138,DHL,2025-04-08,2025-04-13,2025-04-13
SHP-ORD-00139,ORD-00139,FedEx,2025-04-08,2025-04-13,2025-04-14
SHP-ORD-00140,ORD-00140,FedEx,2025-04-08,2025-04-13,2025-04-13
SHP-ORD-00141,ORD-00141,Carrier B,2025-04-08,2025-04-13,2025-04-13
SHP-ORD-00142,ORD-00142,FedEx,2025-04-08,2025-04-13,2025-04-13
SHP-ORD-00143,ORD-00143,DHL,2025-04-08,2025-04-13,2025-04-15
SHP-ORD-00144,ORD-00144,Carrier B,2025-04-08,2025-04-13,2025-04-15
SHP-ORD-00145,ORD-00145,Carrier B,2025-04-08,2025-04-13,2025-04-13
SHP-ORD-00146,ORD-00146,DHL,2025-04-08,2025-04-13,2025-04-14
SHP-ORD-00147,ORD-00147,DHL,2025-04-08,2025-04-13,2025-04-14
SHP-ORD-00148,ORD-00148,DHL,2025-04-08,2025-04-13,2025-04-14
SHP-ORD-00149,ORD-00149,Carrier B,2025-04-08,2025-04-13,2025-04-13
SHP-ORD-00150,ORD-00150,DHL,2025-04-08,2025-04-13,2025-04-13
SHP-ORD-00151,ORD-00151,DHL,2025-04-08,2025-04-13,2025-04-14
SHP-ORD-00152,ORD-00152,FedEx,2025-04-08,2025-04-13,2025-04-15
SHP-ORD-00153,ORD-00153,FedEx,2025-04-08,2025-04-13,2025-04-15
SHP-ORD-00154,ORD-00154,DHL,2025-04-08,2025-04-13,2025-04-15
SHP-ORD-00155,ORD-00155,Carrier B,2025-04-09,2025-04-14,2025-04-15
SHP-ORD-00156,ORD-00156,Carrier B,2025-04-09,2025-04-14,2025-04-15
SHP-ORD-00157,ORD-00157,Carrier B,2025-04-09,2025-04-14,2025-04-16
SHP-ORD-00158,ORD-00158,DHL,2025-04-09,2025-04-14,2025-04-15
SHP-ORD-00159,ORD-00159,DHL,2025-04-09,2025-04-14,2025-04-15
SHP-ORD-00160,ORD-00160,Carrier B,2025-04-09,2025-04-14,2025-04-16
SHP-ORD-00161,ORD-00161,DHL,2025-04-09,2025-04-14,2025-04-15
SHP-ORD-00162,ORD-00162,FedEx,2025-04-09,2025-04-14,2025-04-14
SHP-ORD-00163,ORD-00163,DHL,2025-04-09,2025-04-14,2025-04-15
SHP-ORD-00164,ORD-00164,Carrier B,2025-04-09,2025-04-14,2025-04-14
SHP-ORD-00165,ORD-00165,FedEx,2025-04-09,2025-04-14,2025-04-14
SHP-ORD-00166,ORD-00166,Carrier B,2025-04-09,2025-04-14,2025-04-16
SHP-ORD-00167,ORD-00167,FedEx,2025-04-09,2025-04-14,2025-04-16
SHP-ORD-00168,ORD-00168,DHL,2025-04-09,2025-04-14,2025-04-15
SHP-ORD-00169,ORD-00169,DHL,2025-04-09,2025-04-14,2025-04-15
SHP-ORD-00170,ORD-00170,DHL,2025-04-09,2025-04-14,2025-04-14
SHP-ORD-00171,ORD-00171,DHL,2025-04-09,2025-04-14,2025-04-16
SHP-ORD-00172,ORD-00172,Carrier B,2025-04-09,2025-04-14,2025-04-16
SHP-ORD-00173,ORD-00173,DHL,2025-04-09,2025-04-14,2025-04-15
SHP-ORD-00174,ORD-00174,FedEx,2025-04-09,2025-04-14,2025-04-14
SHP-ORD-00175,ORD-00175,DHL,2025-04-09,2025-04-14,2025-04-14
SHP-ORD-00176,ORD-00176,FedEx,2025-04-09,2025-04-14,2025-04-16
SHP-ORD-00177,ORD-00177,FedEx,2025-04-09,2025-04-14,2025-04-15
SHP-ORD-00178,ORD-00178,FedEx,2025-04-09,2025-04-14,2025-04-15
SHP-ORD-00179,ORD-00179,Carrier B,2025-04-09,2025-04-14,2025-04-15
SHP-ORD-00180,ORD-00180,DHL,2025-04-09,2025-04-14,2025-04-15
SHP-ORD-00181,ORD-00181,DHL,2025-04-09,2025-04-14,2025-04-16
SHP-ORD-00182,ORD-00182,FedEx,2025-04-10,2025-04-15,2025-04-17
SHP-ORD-00183,ORD-00183,FedEx,2025-04-10,2025-04-15,2025-04-16
SHP-ORD-00184,ORD-00184,Carrier B,2025-04-10,2025-04-15,2025-04-16
SHP-ORD-00185,ORD-00185,DHL,2025-04-10,2025-04-15,2025-04-17
SHP-ORD-00186,ORD-00186,Carrier B,2025-04-10,2025-04-15,2025-04-15
SHP-ORD-00187,ORD-00187,FedEx,2025-04-10,2025-04-15,2025-04-17
SHP-ORD-00188,ORD-00188,FedEx,2025-04-10,2025-04-15,2025-04-16
SHP-ORD-00189,ORD-00189,Carrier B,2025-04-10,2025-04-15,2025-04-16
SHP-ORD-00190,ORD-00190,DHL,2025-04-10,2025-04-15,2025-04-15
SHP-ORD-00191,ORD-00191,FedEx,2025-04-10,2025-04-15,2025-04-17
SHP-ORD-00192,ORD-00192,FedEx,2025-04-10,2025-04-15,2025-04-16
SHP-ORD-00193,ORD-00193,Carrier B,2025-04-10,2025-04-15,2025-04-16
SHP-ORD-00194,ORD-00194,DHL,2025-04-10,2025-04-15,2025-04-17
SHP-ORD-00195,ORD-00195,DHL,2025-04-10,2025-04-15,2025-04-15
SHP-ORD-00196,ORD-00196,FedEx,2025-04-10,2025-04-15,2025-04-16
SHP-ORD-00197,ORD-00197,FedEx,2025-04-10,2025-04-15,2025-04-15
SHP-ORD-00198,ORD-00198,Carrier B,2025-04-10,2025-04-15,2025-04-15
SHP-ORD-00199,ORD-00199,FedEx,2025-04-10,2025-04-15,2025-04-17
SHP-ORD-00200,ORD-00200,DHL,2025-04-10,2025-04-15,2025-04-16
SHP-ORD-00201,ORD-00201,Carrier B,2025-04-10,2025-04-15,2025-04-17
SHP-ORD-00202,ORD-00202,FedEx,2025-04-11,2025-04-16,2025-04-17
SHP-ORD-00203,ORD-00203,DHL,2025-04-11,2025-04-16,2025-04-17
SHP-ORD-00204,ORD-00204,DHL,2025-04-11,2025-04-16,2025-04-18
SHP-ORD-00205,ORD-00205,DHL,2025-04-11,2025-04-16,2025-04-18
SHP-ORD-00206,ORD-00206,DHL,2025-04-11,2025-04-16,2025-04-18
SHP-ORD-00207,ORD-00207,FedEx,2025-04-11,2025-04-16,2025-04-17
SHP-ORD-00208,ORD-00208,DHL,2025-04-11,2025-04-16,2025-04-17
SHP-ORD-00209,ORD-00209,DHL,2025-04-11,2025-04-16,2025-04-16
SHP-ORD-00210,ORD-00210,DHL,2025-04-11,2025-04-16,2025-04-16
SHP-ORD-00211,ORD-00211,FedEx,2025-04-11,2025-04-16,2025-04-16
SHP-ORD-00212,ORD-00212,DHL,2025-04-11,2025-04-16,2025-04-17
SHP-ORD-00213,ORD-00213,Carrier B,2025-04-11,2025-04-16,2025-04-17
SHP-ORD-00214,ORD-00214,DHL,2025-04-11,2025-04-16,2025-04-16
SHP-ORD-00215,ORD-00215,DHL,2025-04-11,2025-04-16,2025-04-17
SHP-ORD-00216,ORD-00216,DHL,2025-04-11,2025-04-16,2025-04-16
SHP-ORD-00217,ORD-00217,Carrier B,2025-04-11,2025-04-16,2025-04-16
SHP-ORD-00218,ORD-00218,Carrier B,2025-04-11,2025-04-16,2025-04-16
SHP-ORD-00219,ORD-00219,FedEx,2025-04-11,2025-04-16,2025-04-18
SHP-ORD-00220,ORD-00220,DHL,2025-04-12,2025-04-17,2025-04-18
SHP-ORD-00221,ORD-00221,FedEx,2025-04-12,2025-04-17,2025-04-18
SHP-ORD-00222,ORD-00222,DHL,2025-04-12,2025-04-17,2025-04-17
SHP-ORD-00223,ORD-00223,FedEx,2025-04-12,2025-04-17,2025-04-18
SHP-ORD-00224,ORD-00224,Carrier B,2025-04-12,2025-04-17,2025-04-17
SHP-ORD-00225,ORD-00225,FedEx,2025-04-12,2025-04-17,2025-04-17
SHP-ORD-00226,ORD-00226,DHL,2025-04-12,2025-04-17,2025-04-18
SHP-ORD-00227,ORD-00227,DHL,2025-04-12,2025-04-17,2025-04-19
SHP-ORD-00228,ORD-00228,FedEx,2025-04-12,2025-04-17,2025-04-17
SHP-ORD-00229,ORD-00229,Carrier B,2025-04-12,2025-04-17,2025-04-19
SHP-ORD-00230,ORD-00230,Carrier B,2025-04-12,2025-04-17,2025-04-18
SHP-ORD-00231,ORD-00231,DHL,2025-04-12,2025-04-17,2025-04-17
SHP-ORD-00232,ORD-00232,DHL,2025-04-12,2025-04-17,2025-04-18
SHP-ORD-00233,ORD-00233,FedEx,2025-04-12,2025-04-17,2025-04-19
SHP-ORD-00234,ORD-00234,DHL,2025-04-12,2025-04-17,2025-04-18
SHP-ORD-00235,ORD-00235,FedEx,2025-04-12,2025-04-17,2025-04-17
SHP-ORD-00236,ORD-00236,DHL,2025-04-12,2025-04-17,2025-04-19
SHP-ORD-00237,ORD-00237,Carrier B,2025-04-12,2025-04-17,2025-04-17
SHP-ORD-00238,ORD-00238,FedEx,2025-04-12,2025-04-17,2025-04-18
SHP-ORD-00239,ORD-00239,Carrier B,2025-04-12,2025-04-17,2025-04-18
SHP-ORD-00240,ORD-00240,FedEx,2025-04-12,2025-04-17,2025-04-19
SHP-ORD-00241,ORD-00241,Carrier B,2025-04-12,2025-04-17,2025-04-17
SHP-ORD-00242,ORD-00242,FedEx,2025-04-12,2025-04-17,2025-04-19
SHP-ORD-00243,ORD-00243,DHL,2025-04-12,2025-04-17,2025-04-17
SHP-ORD-00244,ORD-00244,FedEx,2025-04-12,2025-04-17,2025-04-17
SHP-ORD-00245,ORD-00245,Carrier B,2025-04-12,2025-04-17,2025-04-19
SHP-ORD-00246,ORD-00246,DHL,2025-04-12,2025-04-17,2025-04-18
SHP-ORD-00247,ORD-00247,FedEx,2025-04-13,2025-04-18,2025-04-20
SHP-ORD-00248,ORD-00248,DHL,2025-04-13,2025-04-18,2025-04-20
SHP-ORD-00249,ORD-00249,DHL,2025-04-13,2025-04-18,2025-04-20
SHP-ORD-00250,ORD-00250,DHL,2025-04-13,2025-04-18,2025-04-18
SHP-ORD-00251,ORD-00251,Carrier B,2025-04-13,2025-04-18,2025-04-20
SHP-ORD-00252,ORD-00252,DHL,2025-04-13,2025-04-18,2025-04-20
SHP-ORD-00253,ORD-00253,FedEx,2025-04-13,2025-04-18,2025-04-19
SHP-ORD-00254,ORD-00254,FedEx,2025-04-13,2025-04-18,2025-04-20
SHP-ORD-00255,ORD-00255,DHL,2025-04-13,2025-04-18,2025-04-19
SHP-ORD-00256,ORD-00256,DHL,2025-04-13,2025-04-18,2025-04-19
SHP-ORD-00257,ORD-00257,FedEx,2025-04-13,2025-04-18,2025-04-19
SHP-ORD-00258,ORD-00258,FedEx,2025-04-13,2025-04-18,2025-04-18
SHP-ORD-00259,ORD-00259,DHL,2025-04-13,2025-04-18,2025-04-18
SHP-ORD-00260,ORD-00260,Carrier B,2025-04-13,2025-04-18,2025-04-18
SHP-ORD-00261,ORD-00261,FedEx,2025-04-13,2025-04-18,2025-04-19
SHP-ORD-00262,ORD-00262,DHL,2025-04-13,2025-04-18,2025-04-19
SHP-ORD-00263,ORD-00263,DHL,2025-04-13,2025-04-18,2025-04-18
SHP-ORD-00264,ORD-00264,DHL,2025-04-13,2025-04-18,2025-04-19
SHP-ORD-00265,ORD-00265,FedEx,2025-04-13,2025-04-18,2025-04-19
SHP-ORD-00266,ORD-00266,DHL,2025-04-13,2025-04-18,2025-04-18
SHP-ORD-00267,ORD-00267,Carrier B,2025-04-13,2025-04-18,2025-04-18
SHP-ORD-00268,ORD-00268,FedEx,2025-04-13,2025-04-18,2025-04-19
SHP-ORD-00269,ORD-00269,DHL,2025-04-13,2025-04-18,2025-04-18
SHP-ORD-00270,ORD-00270,FedEx,2025-04-14,2025-04-19,2025-04-21
SHP-ORD-00271,ORD-00271,FedEx,2025-04-14,2025-04-19,2025-04-20
SHP-ORD-00272,ORD-00272,DHL,2025-04-14,2025-04-19,2025-04-21
SHP-ORD-00273,ORD-00273,DHL,2025-04-14,2025-04-19,2025-04-20
SHP-ORD-00274,ORD-00274,FedEx,2025-04-14,2025-04-19,2025-04-19
SHP-ORD-00275,ORD-00275,DHL,2025-04-14,2025-04-19,2025-04-21
SHP-ORD-00276,ORD-00276,DHL,2025-04-14,2025-04-19,2025-04-19
SHP-ORD-00277,ORD-00277,DHL,2025-04-14,2025-04-19,2025-04-20
SHP-ORD-00278,ORD-00278,DHL,2025-04-14,2025-04-19,2025-04-19
SHP-ORD-00279,ORD-00279,FedEx,2025-04-14,2025-04-19,2025-04-21
SHP-ORD-00280,ORD-00280,Carrier B,2025-04-14,2025-04-19,2025-04-21
SHP-ORD-00281,ORD-00281,DHL,2025-04-14,2025-04-19,2025-04-19
SHP-ORD-00282,ORD-00282,DHL,2025-04-14,2025-04-19,2025-04-20
SHP-ORD-00283,ORD-00283,Carrier B,2025-04-14,2025-04-19,2025-04-20
SHP-ORD-00284,ORD-00284,FedEx,2025-04-14,2025-04-19,2025-04-19
SHP-ORD-00285,ORD-00285,FedEx,2025-04-14,2025-04-19,2025-04-20
SHP-ORD-00286,ORD-00286,DHL,2025-04-15,2025-04-20,2025-04-20
SHP-ORD-00287,ORD-00287,DHL,2025-04-15,2025-04-20,2025-04-22
SHP-ORD-00288,ORD-00288,Carrier B,2025-04-15,2025-04-20,2025-04-22
SHP-ORD-00289,ORD-00289,Carrier B,2025-04-15,2025-04-20,2025-04-20
SHP-ORD-00290,ORD-00290,FedEx,2025-04-15,2025-04-20,2025-04-21
SHP-ORD-00291,ORD-00291,DHL,2025-04-15,2025-04-20,2025-04-22
SHP-ORD-00292,ORD-00292,DHL,2025-04-15,2025-04-20,2025-04-20
SHP-ORD-00293,ORD-00293,FedEx,2025-04-15,2025-04-20,2025-04-20
SHP-ORD-00294,ORD-00294,DHL,2025-04-15,2025-04-20,2025-04-21
SHP-ORD-00295,ORD-00295,DHL,2025-04-15,2025-04-20,2025-04-20
SHP-ORD-00296,ORD-00296,DHL,2025-04-15,2025-04-20,2025-04-21
SHP-ORD-00297,ORD-00297,FedEx,2025-04-15,2025-04-20,2025-04-22
SHP-ORD-00298,ORD-00298,FedEx,2025-04-15,2025-04-20,2025-04-21
SHP-ORD-00299,ORD-00299,FedEx,2025-04-15,2025-04-20,2025-04-21
SHP-ORD-00300,ORD-00300,Carrier B,2025-04-15,2025-04-20,2025-04-21
SHP-ORD-00301,ORD-00301,FedEx,2025-04-15,2025-04-20,2025-04-21
SHP-ORD-00302,ORD-00302,Carrier B,2025-04-15,2025-04-20,2025-04-21
SHP-ORD-00303,ORD-00303,DHL,2025-04-15,2025-04-20,2025-04-20
SHP-ORD-00304,ORD-00304,DHL,2025-04-15,2025-04-20,2025-04-22
SHP-ORD-00305,ORD-00305,DHL,2025-04-15,2025-04-20,2025-04-21
SHP-ORD-00306,ORD-00306,DHL,2025-04-15,2025-04-20,2025-04-21
SHP-ORD-00307,ORD-00307,DHL,2025-04-16,2025-04-21,2025-04-23
SHP-ORD-00308,ORD-00308,DHL,2025-04-16,2025-04-21,2025-04-21
SHP-ORD-00309,ORD-00309,DHL,2025-04-16,2025-04-21,2025-04-22
SHP-ORD-00310,ORD-00310,DHL,2025-04-16,2025-04-21,2025-04-22
SHP-ORD-00311,ORD-00311,DHL,2025-04-16,2025-04-21,2025-04-23
SHP-ORD-00312,ORD-00312,FedEx,2025-04-16,2025-04-21,2025-04-22
SHP-ORD-00313,ORD-00313,DHL,2025-04-16,2025-04-21,2025-04-22
SHP-ORD-00314,ORD-00314,Carrier B,2025-04-16,2025-04-21,2025-04-23
SHP-ORD-00315,ORD-00315,FedEx,2025-04-16,2025-04-21,2025-04-21
SHP-ORD-00316,ORD-00316,FedEx,2025-04-16,2025-04-21,2025-04-22
SHP-ORD-00317,ORD-00317,FedEx,2025-04-16,2025-04-21,2025-04-23
SHP-ORD-00318,ORD-00318,DHL,2025-04-16,2025-04-21,2025-04-21
SHP-ORD-00319,ORD-00319,FedEx,2025-04-16,2025-04-21,2025-04-21
SHP-ORD-00320,ORD-00320,DHL,2025-04-16,2025-04-21,2025-04-21
SHP-ORD-00321,ORD-00321,FedEx,2025-04-16,2025-04-21,2025-04-21
SHP-ORD-00322,ORD-00322,FedEx,2025-04-16,2025-04-21,2025-04-21
SHP-ORD-00323,ORD-00323,DHL,2025-04-16,2025-04-21,2025-04-21
SHP-ORD-00324,ORD-00324,FedEx,2025-04-16,2025-04-21,2025-04-21
SHP-ORD-00325,ORD-00325,Carrier B,2025-04-16,2025-04-21,2025-04-22
SHP-ORD-00326,ORD-00326,FedEx,2025-04-17,2025-04-22,2025-04-24
SHP-ORD-00327,ORD-00327,DHL,2025-04-17,2025-04-22,2025-04-24
SHP-ORD-00328,ORD-00328,FedEx,2025-04-17,2025-04-22,2025-04-23
SHP-ORD-00329,ORD-00329,FedEx,2025-04-17,2025-04-22,2025-04-22
SHP-ORD-00330,ORD-00330,Carrier B,2025-04-17,2025-04-22,2025-04-22
SHP-ORD-00331,ORD-00331,Carrier B,2025-04-17,2025-04-22,2025-04-22
SHP-ORD-00332,ORD-00332,FedEx,2025-04-17,2025-04-22,2025-04-22
SHP-ORD-00333,ORD-00333,DHL,2025-04-17,2025-04-22,2025-04-24
SHP-ORD-00334,ORD-00334,DHL,2025-04-17,2025-04-22,2025-04-23
SHP-ORD-00335,ORD-00335,FedEx,2025-04-17,2025-04-22,2025-04-24
SHP-ORD-00336,ORD-00336,FedEx,2025-04-17,2025-04-22,2025-04-22
SHP-ORD-00337,ORD-00337,Carrier B,2025-04-17,2025-04-22,2025-04-24
SHP-ORD-00338,ORD-00338,Carrier B,2025-04-17,2025-04-22,2025-04-22
SHP-ORD-00339,ORD-00339,Carrier B,2025-04-17,2025-04-22,2025-04-23
SHP-ORD-00340,ORD-00340,DHL,2025-04-17,2025-04-22,2025-04-22
SHP-ORD-00341,ORD-00341,DHL,2025-04-17,2025-04-22,2025-04-22
SHP-ORD-00342,ORD-00342,FedEx,2025-04-17,2025-04-22,2025-04-22
SHP-ORD-00343,ORD-00343,FedEx,2025-04-17,2025-04-22,2025-04-23
SHP-ORD-00344,ORD-00344,FedEx,2025-04-17,2025-04-22,2025-04-22
SHP-ORD-00345,ORD-00345,DHL,2025-04-17,2025-04-22,2025-04-23
SHP-ORD-00346,ORD-00346,DHL,2025-04-17,2025-04-22,2025-04-23
SHP-ORD-00347,ORD-00347,Carrier B,2025-04-17,2025-04-22,2025-04-24
SHP-ORD-00348,ORD-00348,Carrier B,2025-04-17,2025-04-22,2025-04-24
SHP-ORD-00349,ORD-00349,Carrier B,2025-04-17,2025-04-22,2025-04-23
SHP-ORD-00350,ORD-00350,Carrier B,2025-04-17,2025-04-22,2025-04-23
SHP-ORD-00351,ORD-00351,FedEx,2025-04-17,2025-04-22,2025-04-24
SHP-ORD-00352,ORD-00352,DHL,2025-04-17,2025-04-22,2025-04-22
SHP-ORD-00353,ORD-00353,DHL,2025-04-17,2025-04-22,2025-04-22
SHP-ORD-00354,ORD-00354,FedEx,2025-04-17,2025-04-22,2025-04-24
SHP-ORD-00355,ORD-00355,Carrier B,2025-04-17,2025-04-22,2025-04-23
SHP-ORD-00356,ORD-00356,Carrier B,2025-04-18,2025-04-23,2025-04-23
SHP-ORD-00357,ORD-00357,FedEx,2025-04-18,2025-04-23,2025-04-23
SHP-ORD-00358,ORD-00358,FedEx,2025-04-18,2025-04-23,2025-04-24
SHP-ORD-00359,ORD-00359,DHL,2025-04-18,2025-04-23,2025-04-23
SHP-ORD-00360,ORD-00360,DHL,2025-04-18,2025-04-23,2025-04-25
SHP-ORD-00361,ORD-00361,Carrier B,2025-04-18,2025-04-23,2025-04-24
SHP-ORD-00362,ORD-00362,FedEx,2025-04-18,2025-04-23,2025-04-25
SHP-ORD-00363,ORD-00363,FedEx,2025-04-18,2025-04-23,2025-04-24
SHP-ORD-00364,ORD-00364,FedEx,2025-04-18,2025-04-23,2025-04-25
SHP-ORD-00365,ORD-00365,FedEx,2025-04-18,2025-04-23,2025-04-23
SHP-ORD-00366,ORD-00366,FedEx,2025-04-18,2025-04-23,2025-04-25
SHP-ORD-00367,ORD-00367,Carrier B,2025-04-18,2025-04-23,2025-04-25
SHP-ORD-00368,ORD-00368,FedEx,2025-04-18,2025-04-23,2025-04-23
SHP-ORD-00369,ORD-00369,DHL,2025-04-18,2025-04-23,2025-04-25
SHP-ORD-00370,ORD-00370,FedEx,2025-04-18,2025-04-23,2025-04-24
SHP-ORD-00371,ORD-00371,FedEx,2025-04-18,2025-04-23,2025-04-25
SHP-ORD-00372,ORD-00372,Carrier B,2025-04-18,2025-04-23,2025-04-24
SHP-ORD-00373,ORD-00373,DHL,2025-04-18,2025-04-23,2025-04-24
SHP-ORD-00374,ORD-00374,DHL,2025-04-18,2025-04-23,2025-04-24
SHP-ORD-00375,ORD-00375,DHL,2025-04-18,2025-04-23,2025-04-25
SHP-ORD-00376,ORD-00376,FedEx,2025-04-18,2025-04-23,2025-04-24
SHP-ORD-00377,ORD-00377,DHL,2025-04-18,2025-04-23,2025-04-23
SHP-ORD-00378,ORD-00378,FedEx,2025-04-18,2025-04-23,2025-04-23
SHP-ORD-00379,ORD-00379,Carrier B,2025-04-18,2025-04-23,2025-04-24
SHP-ORD-00380,ORD-00380,FedEx,2025-04-18,2025-04-23,2025-04-24
SHP-ORD-00381,ORD-00381,DHL,2025-04-18,2025-04-23,2025-04-25
SHP-ORD-00382,ORD-00382,FedEx,2025-04-18,2025-04-23,2025-04-23
SHP-ORD-00383,ORD-00383,DHL,2025-04-18,2025-04-23,2025-04-24
SHP-ORD-00384,ORD-00384,Carrier B,2025-04-18,2025-04-23,2025-04-25
SHP-ORD-00385,ORD-00385,DHL,2025-04-19,2025-04-24,2025-04-24
SHP-ORD-00386,ORD-00386,DHL,2025-04-19,2025-04-24,2025-04-26
SHP-ORD-00387,ORD-00387,Carrier B,2025-04-19,2025-04-24,2025-04-26
SHP-ORD-00388,ORD-00388,DHL,2025-04-19,2025-04-24,2025-04-26
SHP-ORD-00389,ORD-00389,FedEx,2025-04-19,2025-04-24,2025-04-24
SHP-ORD-00390,ORD-00390,FedEx,2025-04-19,2025-04-24,2025-04-26
SHP-ORD-00391,ORD-00391,DHL,2025-04-19,2025-04-24,2025-04-24
SHP-ORD-00392,ORD-00392,DHL,2025-04-19,2025-04-24,2025-04-24
SHP-ORD-00393,ORD-00393,FedEx,2025-04-19,2025-04-24,2025-04-25
SHP-ORD-00394,ORD-00394,FedEx,2025-04-19,2025-04-24,2025-04-24
SHP-ORD-00395,ORD-00395,Carrier B,2025-04-19,2025-04-24,2025-04-24
SHP-ORD-00396,ORD-00396,FedEx,2025-04-19,2025-04-24,2025-04-24
SHP-ORD-00397,ORD-00397,DHL,2025-04-19,2025-04-24,2025-04-26
SHP-ORD-00398,ORD-00398,FedEx,2025-04-19,2025-04-24,2025-04-24
SHP-ORD-00399,ORD-00399,Carrier B,2025-04-19,2025-04-24,2025-04-25
SHP-ORD-00400,ORD-00400,FedEx,2025-04-19,2025-04-24,2025-04-25
SHP-ORD-00401,ORD-00401,DHL,2025-04-19,2025-04-24,2025-04-24
SHP-ORD-00402,ORD-00402,FedEx,2025-04-19,2025-04-24,2025-04-25
SHP-ORD-00403,ORD-00403,DHL,2025-04-19,2025-04-24,2025-04-24
SHP-ORD-00404,ORD-00404,Carrier B,2025-04-19,2025-04-24,2025-04-25
SHP-ORD-00405,ORD-00405,FedEx,2025-04-19,2025-04-24,2025-04-24
SHP-ORD-00406,ORD-00406,DHL,2025-04-19,2025-04-24,2025-04-26
SHP-ORD-00407,ORD-00407,DHL,2025-04-20,2025-04-25,2025-04-27
SHP-ORD-00408,ORD-00408,FedEx,2025-04-20,2025-04-25,2025-04-27
SHP-ORD-00409,ORD-00409,Carrier B,2025-04-20,2025-04-25,2025-04-26
SHP-ORD-00410,ORD-00410,FedEx,2025-04-20,2025-04-25,2025-04-26
SHP-ORD-00411,ORD-00411,DHL,2025-04-20,2025-04-25,2025-04-27
SHP-ORD-00412,ORD-00412,FedEx,2025-04-20,2025-04-25,2025-04-26
SHP-ORD-00413,ORD-00413,FedEx,2025-04-20,2025-04-25,2025-04-27
SHP-ORD-00414,ORD-00414,FedEx,2025-04-20,2025-04-25,2025-04-25
SHP-ORD-00415,ORD-00415,DHL,2025-04-20,2025-04-25,2025-04-27
SHP-ORD-00416,ORD-00416,DHL,2025-04-20,2025-04-25,2025-04-25
SHP-ORD-00417,ORD-00417,DHL,2025-04-20,2025-04-25,2025-04-25
SHP-ORD-00418,ORD-00418,FedEx,2025-04-21,2025-04-26,2025-04-26
SHP-ORD-00419,ORD-00419,FedEx,2025-04-21,2025-04-26,2025-04-27
SHP-ORD-00420,ORD-00420,DHL,2025-04-21,2025-04-26,2025-04-27
SHP-ORD-00421,ORD-00421,Carrier B,2025-04-21,2025-04-26,2025-04-27
SHP-ORD-00422,ORD-00422,FedEx,2025-04-21,2025-04-26,2025-04-28
SHP-ORD-00423,ORD-00423,DHL,2025-04-21,2025-04-26,2025-04-28
SHP-ORD-00424,ORD-00424,FedEx,2025-04-21,2025-04-26,2025-04-26
SHP-ORD-00425,ORD-00425,DHL,2025-04-21,2025-04-26,2025-04-27
SHP-ORD-00426,ORD-00426,Carrier B,2025-04-21,2025-04-26,2025-04-26
SHP-ORD-00427,ORD-00427,Carrier B,2025-04-21,2025-04-26,2025-04-26
SHP-ORD-00428,ORD-00428,DHL,2025-04-21,2025-04-26,2025-04-27
SHP-ORD-00429,ORD-00429,FedEx,2025-04-21,2025-04-26,2025-04-27
SHP-ORD-00430,ORD-00430,Carrier B,2025-04-21,2025-04-26,2025-04-26
SHP-ORD-00431,ORD-00431,DHL,2025-04-21,2025-04-26,2025-04-28
SHP-ORD-00432,ORD-00432,FedEx,2025-04-21,2025-04-26,2025-04-27
SHP-ORD-00433,ORD-00433,DHL,2025-04-21,2025-04-26,2025-04-28
SHP-ORD-00434,ORD-00434,Carrier B,2025-04-21,2025-04-26,2025-04-28
SHP-ORD-00435,ORD-00435,Carrier B,2025-04-21,2025-04-26,2025-04-26
SHP-ORD-00436,ORD-00436,FedEx,2025-04-21,2025-04-26,2025-04-26
SHP-ORD-00437,ORD-00437,DHL,2025-04-21,2025-04-26,2025-04-27
SHP-ORD-00438,ORD-00438,Carrier B,2025-04-21,2025-04-26,2025-04-26
SHP-ORD-00439,ORD-00439,FedEx,2025-04-21,2025-04-26,2025-04-28
SHP-ORD-00440,ORD-00440,DHL,2025-04-21,2025-04-26,2025-04-26
SHP-ORD-00441,ORD-00441,DHL,2025-04-21,2025-04-26,2025-04-26
SHP-ORD-00442,ORD-00442,DHL,2025-04-21,2025-04-26,2025-04-26
SHP-ORD-00443,ORD-00443,FedEx,2025-04-21,2025-04-26,2025-04-27
SHP-ORD-00444,ORD-00444,DHL,2025-04-21,2025-04-26,2025-04-26
SHP-ORD-00445,ORD-00445,Carrier B,2025-04-21,2025-04-26,2025-04-27
SHP-ORD-00446,ORD-00446,DHL,2025-04-21,2025-04-26,2025-04-26
SHP-ORD-00447,ORD-00447,DHL,2025-04-21,2025-04-26,2025-04-27
SHP-ORD-00448,ORD-00448,FedEx,2025-04-22,2025-04-27,2025-04-29
SHP-ORD-00449,ORD-00449,FedEx,2025-04-22,2025-04-27,2025-04-29
SHP-ORD-00450,ORD-00450,DHL,2025-04-22,2025-04-27,2025-04-28
SHP-ORD-00451,ORD-00451,FedEx,2025-04-22,2025-04-27,2025-04-28
SHP-ORD-00452,ORD-00452,Carrier B,2025-04-22,2025-04-27,2025-04-28
SHP-ORD-00453,ORD-00453,FedEx,2025-04-22,2025-04-27,2025-04-27
SHP-ORD-00454,ORD-00454,DHL,2025-04-22,2025-04-27,2025-04-29
SHP-ORD-00455,ORD-00455,FedEx,2025-04-22,2025-04-27,2025-04-27
SHP-ORD-00456,ORD-00456,Carrier B,2025-04-22,2025-04-27,2025-04-28
SHP-ORD-00457,ORD-00457,FedEx,2025-04-22,2025-04-27,2025-04-28
SHP-ORD-00458,ORD-00458,FedEx,2025-04-22,2025-04-27,2025-04-27
SHP-ORD-00459,ORD-00459,FedEx,2025-04-22,2025-04-27,2025-04-27
SHP-ORD-00460,ORD-00460,Carrier B,2025-04-22,2025-04-27,2025-04-28
SHP-ORD-00461,ORD-00461,FedEx,2025-04-22,2025-04-27,2025-04-29
SHP-ORD-00462,ORD-00462,FedEx,2025-04-22,2025-04-27,2025-04-28
SHP-ORD-00463,ORD-00463,FedEx,2025-04-22,2025-04-27,2025-04-29
SHP-ORD-00464,ORD-00464,DHL,2025-04-22,2025-04-27,2025-04-28
SHP-ORD-00465,ORD-00465,FedEx,2025-04-22,2025-04-27,2025-04-27
SHP-ORD-00466,ORD-00466,FedEx,2025-04-22,2025-04-27,2025-04-28
SHP-ORD-00467,ORD-00467,FedEx,2025-04-22,2025-04-27,2025-04-28
SHP-ORD-00468,ORD-00468,DHL,2025-04-22,2025-04-27,2025-04-28
SHP-ORD-00469,ORD-00469,DHL,2025-04-22,2025-04-27,2025-04-27
SHP-ORD-00470,ORD-00470,DHL,2025-04-22,2025-04-27,2025-04-27
SHP-ORD-00471,ORD-00471,Carrier B,2025-04-22,2025-04-27,2025-04-29
SHP-ORD-00472,ORD-00472,Carrier B,2025-04-22,2025-04-27,2025-04-28
SHP-ORD-00473,ORD-00473,FedEx,2025-04-22,2025-04-27,2025-04-29
SHP-ORD-00474,ORD-00474,DHL,2025-04-22,2025-04-27,2025-04-28
SHP-ORD-00475,ORD-00475,DHL,2025-04-23,2025-04-28,2025-04-28
SHP-ORD-00476,ORD-00476,Carrier B,2025-04-23,2025-04-28,2025-04-29
SHP-ORD-00477,ORD-00477,DHL,2025-04-23,2025-04-28,2025-04-28
SHP-ORD-00478,ORD-00478,DHL,2025-04-23,2025-04-28,2025-04-29
SHP-ORD-00479,ORD-00479,DHL,2025-04-23,2025-04-28,2025-04-28
SHP-ORD-00480,ORD-00480,Carrier B,2025-04-23,2025-04-28,2025-04-30
SHP-ORD-00481,ORD-00481,FedEx,2025-04-23,2025-04-28,2025-04-29
SHP-ORD-00482,ORD-00482,FedEx,2025-04-23,2025-04-28,2025-04-30
SHP-ORD-00483,ORD-00483,FedEx,2025-04-23,2025-04-28,2025-04-30
SHP-ORD-00484,ORD-00484,FedEx,2025-04-23,2025-04-28,2025-04-29
SHP-ORD-00485,ORD-00485,DHL,2025-04-23,2025-04-28,2025-04-30
SHP-ORD-00486,ORD-00486,FedEx,2025-04-23,2025-04-28,2025-04-29
SHP-ORD-00487,ORD-00487,FedEx,2025-04-23,2025-04-28,2025-04-28
SHP-ORD-00488,ORD-00488,Carrier B,2025-04-23,2025-04-28,2025-04-30
SHP-ORD-00489,ORD-00489,DHL,2025-04-23,2025-04-28,2025-04-28
SHP-ORD-00490,ORD-00490,DHL,2025-04-23,2025-04-28,2025-04-30
SHP-ORD-00491,ORD-00491,FedEx,2025-04-23,2025-04-28,2025-04-28
SHP-ORD-00492,ORD-00492,FedEx,2025-04-23,2025-04-28,2025-04-28
SHP-ORD-00493,ORD-00493,Carrier B,2025-04-23,2025-04-28,2025-04-28
SHP-ORD-00494,ORD-00494,DHL,2025-04-23,2025-04-28,2025-04-28
SHP-ORD-00495,ORD-00495,FedEx,2025-04-23,2025-04-28,2025-04-28
SHP-ORD-00496,ORD-00496,Carrier B,2025-04-23,2025-04-28,2025-04-28
SHP-ORD-00497,ORD-00497,Carrier B,2025-04-23,2025-04-28,2025-04-30
SHP-ORD-00498,ORD-00498,Carrier B,2025-04-23,2025-04-28,2025-04-29
SHP-ORD-00499,ORD-00499,DHL,2025-04-23,2025-04-28,2025-04-28
SHP-ORD-00500,ORD-00500,FedEx,2025-04-24,2025-04-29,2025-04-29
SHP-ORD-00501,ORD-00501,DHL,2025-04-24,2025-04-29,2025-05-01
SHP-ORD-00502,ORD-00502,DHL,2025-04-24,2025-04-29,2025-04-29
SHP-ORD-00503,ORD-00503,FedEx,2025-04-24,2025-04-29,2025-04-30
SHP-ORD-00504,ORD-00504,DHL,2025-04-24,2025-04-29,2025-04-29
SHP-ORD-00505,ORD-00505,FedEx,2025-04-24,2025-04-29,2025-05-01
SHP-ORD-00506,ORD-00506,DHL,2025-04-24,2025-04-29,2025-05-01
SHP-ORD-00507,ORD-00507,FedEx,2025-04-24,2025-04-29,2025-05-01
SHP-ORD-00508,ORD-00508,DHL,2025-04-24,2025-04-29,2025-04-30
SHP-ORD-00509,ORD-00509,FedEx,2025-04-24,2025-04-29,2025-04-30
SHP-ORD-00510,ORD-00510,Carrier B,2025-04-24,2025-04-29,2025-04-30
SHP-ORD-00511,ORD-00511,DHL,2025-04-24,2025-04-29,2025-04-29
SHP-ORD-00512,ORD-00512,DHL,2025-04-24,2025-04-29,2025-04-29
SHP-ORD-00513,ORD-00513,Carrier B,2025-04-24,2025-04-29,2025-05-01
SHP-ORD-00514,ORD-00514,DHL,2025-04-24,2025-04-29,2025-05-01
SHP-ORD-00515,ORD-00515,Carrier B,2025-04-24,2025-04-29,2025-04-30
SHP-ORD-00516,ORD-00516,FedEx,2025-04-24,2025-04-29,2025-04-30
SHP-ORD-00517,ORD-00517,FedEx,2025-04-24,2025-04-29,2025-04-29
SHP-ORD-00518,ORD-00518,FedEx,2025-04-25,2025-04-30,2025-04-30
SHP-ORD-00519,ORD-00519,FedEx,2025-04-25,2025-04-30,2025-04-30
SHP-ORD-00520,ORD-00520,Carrier B,2025-04-25,2025-04-30,2025-05-01
SHP-ORD-00521,ORD-00521,FedEx,2025-04-25,2025-04-30,2025-05-02
SHP-ORD-00522,ORD-00522,DHL,2025-04-25,2025-04-30,2025-05-01
SHP-ORD-00523,ORD-00523,DHL,2025-04-25,2025-04-30,2025-05-02
SHP-ORD-00524,ORD-00524,DHL,2025-04-25,2025-04-30,2025-05-02
SHP-ORD-00525,ORD-00525,DHL,2025-04-25,2025-04-30,2025-05-01
SHP-ORD-00526,ORD-00526,DHL,2025-04-25,2025-04-30,2025-05-02
SHP-ORD-00527,ORD-00527,FedEx,2025-04-25,2025-04-30,2025-04-30
SHP-ORD-00528,ORD-00528,FedEx,2025-04-25,2025-04-30,2025-04-30
SHP-ORD-00529,ORD-00529,DHL,2025-04-25,2025-04-30,2025-04-30
SHP-ORD-00530,ORD-00530,DHL,2025-04-25,2025-04-30,2025-05-02
SHP-ORD-00531,ORD-00531,DHL,2025-04-25,2025-04-30,2025-05-02
SHP-ORD-00532,ORD-00532,Carrier B,2025-04-25,2025-04-30,2025-05-02
SHP-ORD-00533,ORD-00533,DHL,2025-04-25,2025-04-30,2025-05-01
SHP-ORD-00534,ORD-00534,DHL,2025-04-25,2025-04-30,2025-05-02
SHP-ORD-00535,ORD-00535,FedEx,2025-04-25,2025-04-30,2025-05-01
SHP-ORD-00536,ORD-00536,DHL,2025-04-26,2025-05-01,2025-05-03
SHP-ORD-00537,ORD-00537,DHL,2025-04-26,2025-05-01,2025-05-01
SHP-ORD-00538,ORD-00538,FedEx,2025-04-26,2025-05-01,2025-05-01
SHP-ORD-00539,ORD-00539,FedEx,2025-04-26,2025-05-01,2025-05-02
SHP-ORD-00540,ORD-00540,DHL,2025-04-26,2025-05-01,2025-05-03
SHP-ORD-00541,ORD-00541,FedEx,2025-04-26,2025-05-01,2025-05-01
SHP-ORD-00542,ORD-00542,FedEx,2025-04-26,2025-05-01,2025-05-01
SHP-ORD-00543,ORD-00543,DHL,2025-04-26,2025-05-01,2025-05-01
SHP-ORD-00544,ORD-00544,FedEx,2025-04-26,2025-05-01,2025-05-02
SHP-ORD-00545,ORD-00545,Carrier B,2025-04-26,2025-05-01,2025-05-02
SHP-ORD-00546,ORD-00546,FedEx,2025-04-26,2025-05-01,2025-05-01
SHP-ORD-00547,ORD-00547,DHL,2025-04-26,2025-05-01,2025-05-01
SHP-ORD-00548,ORD-00548,DHL,2025-04-27,2025-05-02,2025-05-04
SHP-ORD-00549,ORD-00549,Carrier B,2025-04-27,2025-05-02,2025-05-03
SHP-ORD-00550,ORD-00550,FedEx,2025-04-27,2025-05-02,2025-05-03
SHP-ORD-00551,ORD-00551,DHL,2025-04-27,2025-05-02,2025-05-03
SHP-ORD-00552,ORD-00552,DHL,2025-04-27,2025-05-02,2025-05-02
SHP-ORD-00553,ORD-00553,DHL,2025-04-27,2025-05-02,2025-05-02
SHP-ORD-00554,ORD-00554,DHL,2025-04-27,2025-05-02,2025-05-03
SHP-ORD-00555,ORD-00555,DHL,2025-04-27,2025-05-02,2025-05-02
SHP-ORD-00556,ORD-00556,Carrier B,2025-04-27,2025-05-02,2025-05-02
SHP-ORD-00557,ORD-00557,FedEx,2025-04-27,2025-05-02,2025-05-04
SHP-ORD-00558,ORD-00558,FedEx,2025-04-27,2025-05-02,2025-05-02
SHP-ORD-00559,ORD-00559,Carrier B,2025-04-27,2025-05-02,2025-05-04
SHP-ORD-00560,ORD-00560,FedEx,2025-04-27,2025-05-02,2025-05-03
SHP-ORD-00561,ORD-00561,Carrier B,2025-04-28,2025-05-03,2025-05-04
SHP-ORD-00562,ORD-00562,DHL,2025-04-28,2025-05-03,2025-05-05
SHP-ORD-00563,ORD-00563,DHL,2025-04-28,2025-05-03,2025-05-03
SHP-ORD-00564,ORD-00564,FedEx,2025-04-28,2025-05-03,2025-05-04
SHP-ORD-00565,ORD-00565,FedEx,2025-04-28,2025-05-03,2025-05-03
SHP-ORD-00566,ORD-00566,DHL,2025-04-28,2025-05-03,2025-05-04
SHP-ORD-00567,ORD-00567,Carrier B,2025-04-28,2025-05-03,2025-05-03
SHP-ORD-00568,ORD-00568,Carrier B,2025-04-28,2025-05-03,2025-05-03
SHP-ORD-00569,ORD-00569,FedEx,2025-04-28,2025-05-03,2025-05-03
SHP-ORD-00570,ORD-00570,FedEx,2025-04-28,2025-05-03,2025-05-05
SHP-ORD-00571,ORD-00571,FedEx,2025-04-28,2025-05-03,2025-05-05
SHP-ORD-00572,ORD-00572,Carrier B,2025-04-28,2025-05-03,2025-05-04
SHP-ORD-00573,ORD-00573,FedEx,2025-04-28,2025-05-03,2025-05-03
SHP-ORD-00574,ORD-00574,FedEx,2025-04-28,2025-05-03,2025-05-05
SHP-ORD-00575,ORD-00575,FedEx,2025-04-28,2025-05-03,2025-05-05
SHP-ORD-00576,ORD-00576,FedEx,2025-04-28,2025-05-03,2025-05-03
SHP-ORD-00577,ORD-00577,Carrier B,2025-04-28,2025-05-03,2025-05-03
SHP-ORD-00578,ORD-00578,DHL,2025-04-28,2025-05-03,2025-05-03
SHP-ORD-00579,ORD-00579,FedEx,2025-04-28,2025-05-03,2025-05-03
SHP-ORD-00580,ORD-00580,FedEx,2025-04-28,2025-05-03,2025-05-04
SHP-ORD-00581,ORD-00581,FedEx,2025-04-28,2025-05-03,2025-05-05
SHP-ORD-00582,ORD-00582,FedEx,2025-04-28,2025-05-03,2025-05-04
SHP-ORD-00583,ORD-00583,FedEx,2025-04-28,2025-05-03,2025-05-04
SHP-ORD-00584,ORD-00584,DHL,2025-04-28,2025-05-03,2025-05-04
SHP-ORD-00585,ORD-00585,FedEx,2025-04-29,2025-05-04,2025-05-06
SHP-ORD-00586,ORD-00586,FedEx,2025-04-29,2025-05-04,2025-05-05
SHP-ORD-00587,ORD-00587,FedEx,2025-04-29,2025-05-04,2025-05-06
SHP-ORD-00588,ORD-00588,DHL,2025-04-29,2025-05-04,2025-05-05
SHP-ORD-00589,ORD-00589,DHL,2025-04-29,2025-05-04,2025-05-06
SHP-ORD-00590,ORD-00590,DHL,2025-04-29,2025-05-04,2025-05-05
SHP-ORD-00591,ORD-00591,DHL,2025-04-29,2025-05-04,2025-05-05
SHP-ORD-00592,ORD-00592,DHL,2025-04-29,2025-05-04,2025-05-05
SHP-ORD-00593,ORD-00593,FedEx,2025-04-29,2025-05-04,2025-05-05
SHP-ORD-00594,ORD-00594,Carrier B,2025-04-29,2025-05-04,2025-05-04
SHP-ORD-00595,ORD-00595,FedEx,2025-04-29,2025-05-04,2025-05-05
SHP-ORD-00596,ORD-00596,DHL,2025-04-29,2025-05-04,2025-05-05
SHP-ORD-00597,ORD-00597,DHL,2025-04-29,2025-05-04,2025-05-06
SHP-ORD-00598,ORD-00598,DHL,2025-04-29,2025-05-04,2025-05-05
SHP-ORD-00599,ORD-00599,Carrier B,2025-04-29,2025-05-04,2025-05-06
SHP-ORD-00600,ORD-00600,DHL,2025-04-29,2025-05-04,2025-05-06
SHP-ORD-00601,ORD-00601,Carrier B,2025-04-29,2025-05-04,2025-05-06
SHP-ORD-00602,ORD-00602,Carrier B,2025-04-30,2025-05-05,2025-05-06
SHP-ORD-00603,ORD-00603,Carrier B,2025-04-30,2025-05-05,2025-05-05
SHP-ORD-00604,ORD-00604,Carrier B,2025-04-30,2025-05-05,2025-05-06
SHP-ORD-00605,ORD-00605,Carrier B,2025-04-30,2025-05-05,2025-05-07
SHP-ORD-00606,ORD-00606,DHL,2025-04-30,2025-05-05,2025-05-07
SHP-ORD-00607,ORD-00607,FedEx,2025-04-30,2025-05-05,2025-05-07
SHP-ORD-00608,ORD-00608,FedEx,2025-04-30,2025-05-05,2025-05-07
SHP-ORD-00609,ORD-00609,DHL,2025-04-30,2025-05-05,2025-05-05
SHP-ORD-00610,ORD-00610,Carrier B,2025-04-30,2025-05-05,2025-05-05
SHP-ORD-00611,ORD-00611,DHL,2025-04-30,2025-05-05,2025-05-06
SHP-ORD-00612,ORD-00612,Carrier B,2025-04-30,2025-05-05,2025-05-05
SHP-ORD-00613,ORD-00613,Carrier B,2025-04-30,2025-05-05,2025-05-07
SHP-ORD-00614,ORD-00614,FedEx,2025-04-30,2025-05-05,2025-05-05
SHP-ORD-00615,ORD-00615,FedEx,2025-04-30,2025-05-05,2025-05-06
SHP-ORD-00616,ORD-00616,FedEx,2025-04-30,2025-05-05,2025-05-06
SHP-ORD-00617,ORD-00617,FedEx,2025-05-01,2025-05-06,2025-05-06
SHP-ORD-00618,ORD-00618,DHL,2025-05-01,2025-05-06,2025-05-06
SHP-ORD-00619,ORD-00619,Carrier B,2025-05-01,2025-05-06,2025-05-08
SHP-ORD-00620,ORD-00620,DHL,2025-05-01,2025-05-06,2025-05-08
SHP-ORD-00621,ORD-00621,DHL,2025-05-01,2025-05-06,2025-05-08
SHP-ORD-00622,ORD-00622,FedEx,2025-05-01,2025-05-06,2025-05-07
SHP-ORD-00623,ORD-00623,FedEx,2025-05-01,2025-05-06,2025-05-07
SHP-ORD-00624,ORD-00624,DHL,2025-05-01,2025-05-06,2025-05-06
SHP-ORD-00625,ORD-00625,FedEx,2025-05-01,2025-05-06,2025-05-08
SHP-ORD-00626,ORD-00626,FedEx,2025-05-01,2025-05-06,2025-05-06
SHP-ORD-00627,ORD-00627,DHL,2025-05-01,2025-05-06,2025-05-06
SHP-ORD-00628,ORD-00628,FedEx,2025-05-01,2025-05-06,2025-05-07
SHP-ORD-00629,ORD-00629,Carrier B,2025-05-01,2025-05-06,2025-05-08
SHP-ORD-00630,ORD-00630,FedEx,2025-05-01,2025-05-06,2025-05-06
SHP-ORD-00631,ORD-00631,FedEx,2025-05-01,2025-05-06,2025-05-07
SHP-ORD-00632,ORD-00632,FedEx,2025-05-01,2025-05-06,2025-05-08
SHP-ORD-00633,ORD-00633,FedEx,2025-05-01,2025-05-06,2025-05-08
SHP-ORD-00634,ORD-00634,DHL,2025-05-01,2025-05-06,2025-05-08
SHP-ORD-00635,ORD-00635,DHL,2025-05-01,2025-05-06,2025-05-07
SHP-ORD-00636,ORD-00636,DHL,2025-05-01,2025-05-06,2025-05-08
SHP-ORD-00637,ORD-00637,DHL,2025-05-01,2025-05-06,2025-05-06
SHP-ORD-00638,ORD-00638,FedEx,2025-05-02,2025-05-07,2025-05-08
SHP-ORD-00639,ORD-00639,DHL,2025-05-02,2025-05-07,2025-05-09
SHP-ORD-00640,ORD-00640,FedEx,2025-05-02,2025-05-07,2025-05-08
SHP-ORD-00641,ORD-00641,FedEx,2025-05-02,2025-05-07,2025-05-08
SHP-ORD-00642,ORD-00642,DHL,2025-05-02,2025-05-07,2025-05-08
SHP-ORD-00643,ORD-00643,Carrier B,2025-05-02,2025-05-07,2025-05-09
SHP-ORD-00644,ORD-00644,DHL,2025-05-02,2025-05-07,2025-05-08
SHP-ORD-00645,ORD-00645,FedEx,2025-05-02,2025-05-07,2025-05-08
SHP-ORD-00646,ORD-00646,FedEx,2025-05-02,2025-05-07,2025-05-08
SHP-ORD-00647,ORD-00647,Carrier B,2025-05-02,2025-05-07,2025-05-07
SHP-ORD-00648,ORD-00648,FedEx,2025-05-02,2025-05-07,2025-05-07
SHP-ORD-00649,ORD-00649,FedEx,2025-05-02,2025-05-07,2025-05-09
SHP-ORD-00650,ORD-00650,FedEx,2025-05-02,2025-05-07,2025-05-09
SHP-ORD-00651,ORD-00651,FedEx,2025-05-02,2025-05-07,2025-05-09
SHP-ORD-00652,ORD-00652,FedEx,2025-05-02,2025-05-07,2025-05-08
SHP-ORD-00653,ORD-00653,DHL,2025-05-02,2025-05-07,2025-05-09
SHP-ORD-00654,ORD-00654,DHL,2025-05-02,2025-05-07,2025-05-07
SHP-ORD-00655,ORD-00655,Carrier B,2025-05-02,2025-05-07,2025-05-08
SHP-ORD-00656,ORD-00656,FedEx,2025-05-02,2025-05-07,2025-05-08
SHP-ORD-00657,ORD-00657,FedEx,2025-05-02,2025-05-07,2025-05-09
SHP-ORD-00658,ORD-00658,DHL,2025-05-02,2025-05-07,2025-05-08
SHP-ORD-00659,ORD-00659,DHL,2025-05-02,2025-05-07,2025-05-08
SHP-ORD-00660,ORD-00660,DHL,2025-05-02,2025-05-07,2025-05-07
SHP-ORD-00661,ORD-00661,Carrier B,2025-05-02,2025-05-07,2025-05-07
SHP-ORD-00662,ORD-00662,FedEx,2025-05-02,2025-05-07,2025-05-08
SHP-ORD-00663,ORD-00663,Carrier B,2025-05-03,2025-05-08,2025-05-10
SHP-ORD-00664,ORD-00664,DHL,2025-05-03,2025-05-08,2025-05-08
SHP-ORD-00665,ORD-00665,FedEx,2025-05-03,2025-05-08,2025-05-09
SHP-ORD-00666,ORD-00666,Carrier B,2025-05-03,2025-05-08,2025-05-10
SHP-ORD-00667,ORD-00667,DHL,2025-05-03,2025-05-08,2025-05-08
SHP-ORD-00668,ORD-00668,FedEx,2025-05-03,2025-05-08,2025-05-10
SHP-ORD-00669,ORD-00669,FedEx,2025-05-03,2025-05-08,2025-05-09
SHP-ORD-00670,ORD-00670,FedEx,2025-05-03,2025-05-08,2025-05-10
SHP-ORD-00671,ORD-00671,DHL,2025-05-03,2025-05-08,2025-05-10
SHP-ORD-00672,ORD-00672,FedEx,2025-05-03,2025-05-08,2025-05-10
SHP-ORD-00673,ORD-00673,FedEx,2025-05-03,2025-05-08,2025-05-08
SHP-ORD-00674,ORD-00674,FedEx,2025-05-03,2025-05-08,2025-05-09
SHP-ORD-00675,ORD-00675,DHL,2025-05-03,2025-05-08,2025-05-09
SHP-ORD-00676,ORD-00676,Carrier B,2025-05-03,2025-05-08,2025-05-09
SHP-ORD-00677,ORD-00677,DHL,2025-05-03,2025-05-08,2025-05-08
SHP-ORD-00678,ORD-00678,FedEx,2025-05-03,2025-05-08,2025-05-09
SHP-ORD-00679,ORD-00679,Carrier B,2025-05-03,2025-05-08,2025-05-08
SHP-ORD-00680,ORD-00680,DHL,2025-05-03,2025-05-08,2025-05-09
SHP-ORD-00681,ORD-00681,Carrier B,2025-05-03,2025-05-08,2025-05-08
SHP-ORD-00682,ORD-00682,DHL,2025-05-03,2025-05-08,2025-05-08
SHP-ORD-00683,ORD-00683,DHL,2025-05-03,2025-05-08,2025-05-09
SHP-ORD-00684,ORD-00684,DHL,2025-05-03,2025-05-08,2025-05-10
SHP-ORD-00685,ORD-00685,FedEx,2025-05-03,2025-05-08,2025-05-08
SHP-ORD-00686,ORD-00686,DHL,2025-05-03,2025-05-08,2025-05-08
SHP-ORD-00687,ORD-00687,Carrier B,2025-05-03,2025-05-08,2025-05-09
SHP-ORD-00688,ORD-00688,Carrier B,2025-05-04,2025-05-09,2025-05-10
SHP-ORD-00689,ORD-00689,Carrier B,2025-05-04,2025-05-09,2025-05-09
SHP-ORD-00690,ORD-00690,DHL,2025-05-04,2025-05-09,2025-05-10
SHP-ORD-00691,ORD-00691,FedEx,2025-05-04,2025-05-09,2025-05-10
SHP-ORD-00692,ORD-00692,FedEx,2025-05-04,2025-05-09,2025-05-11
SHP-ORD-00693,ORD-00693,DHL,2025-05-04,2025-05-09,2025-05-09
SHP-ORD-00694,ORD-00694,DHL,2025-05-04,2025-05-09,2025-05-09
SHP-ORD-00695,ORD-00695,FedEx,2025-05-04,2025-05-09,2025-05-10
SHP-ORD-00696,ORD-00696,FedEx,2025-05-04,2025-05-09,2025-05-09
SHP-ORD-00697,ORD-00697,DHL,2025-05-04,2025-05-09,2025-05-10
SHP-ORD-00698,ORD-00698,DHL,2025-05-04,2025-05-09,2025-05-10
SHP-ORD-00699,ORD-00699,Carrier B,2025-05-04,2025-05-09,2025-05-11
SHP-ORD-00700,ORD-00700,DHL,2025-05-04,2025-05-09,2025-05-11
SHP-ORD-00701,ORD-00701,DHL,2025-05-04,2025-05-09,2025-05-11
SHP-ORD-00702,ORD-00702,DHL,2025-05-04,2025-05-09,2025-05-09
SHP-ORD-00703,ORD-00703,Carrier B,2025-05-04,2025-05-09,2025-05-09
SHP-ORD-00704,ORD-00704,DHL,2025-05-04,2025-05-09,2025-05-11
SHP-ORD-00705,ORD-00705,Carrier B,2025-05-04,2025-05-09,2025-05-10
SHP-ORD-00706,ORD-00706,Carrier B,2025-05-04,2025-05-09,2025-05-09
SHP-ORD-00707,ORD-00707,Carrier B,2025-05-04,2025-05-09,2025-05-11
SHP-ORD-00708,ORD-00708,FedEx,2025-05-04,2025-05-09,2025-05-09
SHP-ORD-00709,ORD-00709,FedEx,2025-05-04,2025-05-09,2025-05-10
SHP-ORD-00710,ORD-00710,FedEx,2025-05-04,2025-05-09,2025-05-11
SHP-ORD-00711,ORD-00711,FedEx,2025-05-04,2025-05-09,2025-05-09
SHP-ORD-00712,ORD-00712,FedEx,2025-05-04,2025-05-09,2025-05-10
SHP-ORD-00713,ORD-00713,FedEx,2025-05-04,2025-05-09,2025-05-09
SHP-ORD-00714,ORD-00714,FedEx,2025-05-04,2025-05-09,2025-05-09
SHP-ORD-00715,ORD-00715,DHL,2025-05-04,2025-05-09,2025-05-10
SHP-ORD-00716,ORD-00716,DHL,2025-05-04,2025-05-09,2025-05-10
SHP-ORD-00717,ORD-00717,FedEx,2025-05-05,2025-05-10,2025-05-10
SHP-ORD-00718,ORD-00718,DHL,2025-05-05,2025-05-10,2025-05-12
SHP-ORD-00719,ORD-00719,DHL,2025-05-05,2025-05-10,2025-05-12
SHP-ORD-00720,ORD-00720,DHL,2025-05-05,2025-05-10,2025-05-11
SHP-ORD-00721,ORD-00721,Carrier B,2025-05-05,2025-05-10,2025-05-11
SHP-ORD-00722,ORD-00722,FedEx,2025-05-05,2025-05-10,2025-05-11
SHP-ORD-00723,ORD-00723,FedEx,2025-05-05,2025-05-10,2025-05-10
SHP-ORD-00724,ORD-00724,DHL,2025-05-05,2025-05-10,2025-05-11
SHP-ORD-00725,ORD-00725,FedEx,2025-05-05,2025-05-10,2025-05-11
SHP-ORD-00726,ORD-00726,DHL,2025-05-05,2025-05-10,2025-05-12
SHP-ORD-00727,ORD-00727,FedEx,2025-05-05,2025-05-10,2025-05-11
SHP-ORD-00728,ORD-00728,FedEx,2025-05-05,2025-05-10,2025-05-10
SHP-ORD-00729,ORD-00729,FedEx,2025-05-05,2025-05-10,2025-05-12
SHP-ORD-00730,ORD-00730,FedEx,2025-05-05,2025-05-10,2025-05-11
SHP-ORD-00731,ORD-00731,DHL,2025-05-05,2025-05-10,2025-05-12
SHP-ORD-00732,ORD-00732,DHL,2025-05-05,2025-05-10,2025-05-11
SHP-ORD-00733,ORD-00733,FedEx,2025-05-05,2025-05-10,2025-05-12
SHP-ORD-00734,ORD-00734,FedEx,2025-05-05,2025-05-10,2025-05-10
SHP-ORD-00735,ORD-00735,FedEx,2025-05-05,2025-05-10,2025-05-12
SHP-ORD-00736,ORD-00736,FedEx,2025-05-05,2025-05-10,2025-05-10
SHP-ORD-00737,ORD-00737,Carrier B,2025-05-05,2025-05-10,2025-05-11
SHP-ORD-00738,ORD-00738,FedEx,2025-05-05,2025-05-10,2025-05-10
SHP-ORD-00739,ORD-00739,DHL,2025-05-05,2025-05-10,2025-05-11
SHP-ORD-00740,ORD-00740,Carrier B,2025-05-05,2025-05-10,2025-05-12
SHP-ORD-00741,ORD-00741,FedEx,2025-05-05,2025-05-10,2025-05-10
SHP-ORD-00742,ORD-00742,DHL,2025-05-05,2025-05-10,2025-05-11
SHP-ORD-00743,ORD-00743,Carrier B,2025-05-05,2025-05-10,2025-05-11
SHP-ORD-00744,ORD-00744,Carrier B,2025-05-06,2025-05-11,2025-05-11
SHP-ORD-00745,ORD-00745,DHL,2025-05-06,2025-05-11,2025-05-12
SHP-ORD-00746,ORD-00746,DHL,2025-05-06,2025-05-11,2025-05-13
SHP-ORD-00747,ORD-00747,Carrier B,2025-05-06,2025-05-11,2025-05-13
SHP-ORD-00748,ORD-00748,FedEx,2025-05-06,2025-05-11,2025-05-12
SHP-ORD-00749,ORD-00749,Carrier B,2025-05-06,2025-05-11,2025-05-13
SHP-ORD-00750,ORD-00750,DHL,2025-05-06,2025-05-11,2025-05-11
SHP-ORD-00751,ORD-00751,DHL,2025-05-06,2025-05-11,2025-05-12
SHP-ORD-00752,ORD-00752,Carrier B,2025-05-06,2025-05-11,2025-05-12
SHP-ORD-00753,ORD-00753,Carrier B,2025-05-06,2025-05-11,2025-05-11
SHP-ORD-00754,ORD-00754,FedEx,2025-05-06,2025-05-11,2025-05-11
SHP-ORD-00755,ORD-00755,FedEx,2025-05-06,2025-05-11,2025-05-13
SHP-ORD-00756,ORD-00756,DHL,2025-05-06,2025-05-11,2025-05-12
SHP-ORD-00757,ORD-00757,DHL,2025-05-06,2025-05-11,2025-05-13
SHP-ORD-00758,ORD-00758,DHL,2025-05-07,2025-05-12,2025-05-13
SHP-ORD-00759,ORD-00759,Carrier B,2025-05-07,2025-05-12,2025-05-14
SHP-ORD-00760,ORD-00760,Carrier B,2025-05-07,2025-05-12,2025-05-14
SHP-ORD-00761,ORD-00761,DHL,2025-05-07,2025-05-12,2025-05-14
SHP-ORD-00762,ORD-00762,FedEx,2025-05-07,2025-05-12,2025-05-13
SHP-ORD-00763,ORD-00763,DHL,2025-05-07,2025-05-12,2025-05-13
SHP-ORD-00764,ORD-00764,DHL,2025-05-07,2025-05-12,2025-05-13
SHP-ORD-00765,ORD-00765,DHL,2025-05-07,2025-05-12,2025-05-13
SHP-ORD-00766,ORD-00766,DHL,2025-05-07,2025-05-12,2025-05-13
SHP-ORD-00767,ORD-00767,DHL,2025-05-07,2025-05-12,2025-05-13
SHP-ORD-00768,ORD-00768,FedEx,2025-05-07,2025-05-12,2025-05-13
SHP-ORD-00769,ORD-00769,FedEx,2025-05-07,2025-05-12,2025-05-13
SHP-ORD-00770,ORD-00770,DHL,2025-05-07,2025-05-12,2025-05-12
SHP-ORD-00771,ORD-00771,FedEx,2025-05-07,2025-05-12,2025-05-14
SHP-ORD-00772,ORD-00772,FedEx,2025-05-07,2025-05-12,2025-05-12
SHP-ORD-00773,ORD-00773,FedEx,2025-05-07,2025-05-12,2025-05-13
SHP-ORD-00774,ORD-00774,DHL,2025-05-07,2025-05-12,2025-05-12
SHP-ORD-00775,ORD-00775,FedEx,2025-05-07,2025-05-12,2025-05-12
SHP-ORD-00776,ORD-00776,Carrier B,2025-05-07,2025-05-12,2025-05-14
SHP-ORD-00777,ORD-00777,DHL,2025-05-07,2025-05-12,2025-05-13
SHP-ORD-00778,ORD-00778,DHL,2025-05-07,2025-05-12,2025-05-12
SHP-ORD-00779,ORD-00779,DHL,2025-05-07,2025-05-12,2025-05-14
SHP-ORD-00780,ORD-00780,FedEx,2025-05-07,2025-05-12,2025-05-14
SHP-ORD-00781,ORD-00781,DHL,2025-05-07,2025-05-12,2025-05-13
SHP-ORD-00782,ORD-00782,Carrier B,2025-05-07,2025-05-12,2025-05-12
SHP-ORD-00783,ORD-00783,DHL,2025-05-08,2025-05-13,2025-05-15
SHP-ORD-00784,ORD-00784,Carrier B,2025-05-08,2025-05-13,2025-05-15
SHP-ORD-00785,ORD-00785,DHL,2025-05-08,2025-05-13,2025-05-15
SHP-ORD-00786,ORD-00786,FedEx,2025-05-08,2025-05-13,2025-05-14
SHP-ORD-00787,ORD-00787,FedEx,2025-05-08,2025-05-13,2025-05-13
SHP-ORD-00788,ORD-00788,DHL,2025-05-08,2025-05-13,2025-05-14
SHP-ORD-00789,ORD-00789,FedEx,2025-05-08,2025-05-13,2025-05-13
SHP-ORD-00790,ORD-00790,FedEx,2025-05-08,2025-05-13,2025-05-14
SHP-ORD-00791,ORD-00791,Carrier B,2025-05-08,2025-05-13,2025-05-15
SHP-ORD-00792,ORD-00792,FedEx,2025-05-08,2025-05-13,2025-05-13
SHP-ORD-00793,ORD-00793,FedEx,2025-05-08,2025-05-13,2025-05-14
SHP-ORD-00794,ORD-00794,Carrier B,2025-05-08,2025-05-13,2025-05-15
SHP-ORD-00795,ORD-00795,Carrier B,2025-05-08,2025-05-13,2025-05-14
SHP-ORD-00796,ORD-00796,FedEx,2025-05-08,2025-05-13,2025-05-13
SHP-ORD-00797,ORD-00797,Carrier B,2025-05-08,2025-05-13,2025-05-13
SHP-ORD-00798,ORD-00798,Carrier B,2025-05-08,2025-05-13,2025-05-13
SHP-ORD-00799,ORD-00799,DHL,2025-05-08,2025-05-13,2025-05-14
SHP-ORD-00800,ORD-00800,FedEx,2025-05-08,2025-05-13,2025-05-15
SHP-ORD-00801,ORD-00801,FedEx,2025-05-08,2025-05-13,2025-05-13
SHP-ORD-00802,ORD-00802,DHL,2025-05-09,2025-05-14,2025-05-15
SHP-ORD-00803,ORD-00803,FedEx,2025-05-09,2025-05-14,2025-05-16
SHP-ORD-00804,ORD-00804,Carrier B,2025-05-09,2025-05-14,2025-05-14
SHP-ORD-00805,ORD-00805,DHL,2025-05-09,2025-05-14,2025-05-15
SHP-ORD-00806,ORD-00806,DHL,2025-05-09,2025-05-14,2025-05-16
SHP-ORD-00807,ORD-00807,Carrier B,2025-05-09,2025-05-14,2025-05-15
SHP-ORD-00808,ORD-00808,Carrier B,2025-05-09,2025-05-14,2025-05-16
SHP-ORD-00809,ORD-00809,FedEx,2025-05-09,2025-05-14,2025-05-15
SHP-ORD-00810,ORD-00810,FedEx,2025-05-09,2025-05-14,2025-05-14
SHP-ORD-00811,ORD-00811,DHL,2025-05-09,2025-05-14,2025-05-14
SHP-ORD-00812,ORD-00812,FedEx,2025-05-09,2025-05-14,2025-05-16
SHP-ORD-00813,ORD-00813,DHL,2025-05-09,2025-05-14,2025-05-16
SHP-ORD-00814,ORD-00814,DHL,2025-05-09,2025-05-14,2025-05-16
SHP-ORD-00815,ORD-00815,Carrier B,2025-05-09,2025-05-14,2025-05-16
SHP-ORD-00816,ORD-00816,DHL,2025-05-09,2025-05-14,2025-05-16
SHP-ORD-00817,ORD-00817,DHL,2025-05-09,2025-05-14,2025-05-16
SHP-ORD-00818,ORD-00818,FedEx,2025-05-09,2025-05-14,2025-05-14
SHP-ORD-00819,ORD-00819,DHL,2025-05-10,2025-05-15,2025-05-17
SHP-ORD-00820,ORD-00820,FedEx,2025-05-10,2025-05-15,2025-05-15
SHP-ORD-00821,ORD-00821,Carrier B,2025-05-10,2025-05-15,2025-05-17
SHP-ORD-00822,ORD-00822,FedEx,2025-05-10,2025-05-15,2025-05-15
SHP-ORD-00823,ORD-00823,DHL,2025-05-10,2025-05-15,2025-05-17
SHP-ORD-00824,ORD-00824,FedEx,2025-05-10,2025-05-15,2025-05-17
SHP-ORD-00825,ORD-00825,FedEx,2025-05-10,2025-05-15,2025-05-16
SHP-ORD-00826,ORD-00826,DHL,2025-05-10,2025-05-15,2025-05-15
SHP-ORD-00827,ORD-00827,DHL,2025-05-10,2025-05-15,2025-05-15
SHP-ORD-00828,ORD-00828,FedEx,2025-05-10,2025-05-15,2025-05-17
SHP-ORD-00829,ORD-00829,FedEx,2025-05-10,2025-05-15,2025-05-17
SHP-ORD-00830,ORD-00830,DHL,2025-05-10,2025-05-15,2025-05-15
SHP-ORD-00831,ORD-00831,DHL,2025-05-10,2025-05-15,2025-05-16
SHP-ORD-00832,ORD-00832,FedEx,2025-05-10,2025-05-15,2025-05-17
SHP-ORD-00833,ORD-00833,DHL,2025-05-10,2025-05-15,2025-05-16
SHP-ORD-00834,ORD-00834,FedEx,2025-05-10,2025-05-15,2025-05-17
SHP-ORD-00835,ORD-00835,DHL,2025-05-11,2025-05-16,2025-05-16
SHP-ORD-00836,ORD-00836,FedEx,2025-05-11,2025-05-16,2025-05-17
SHP-ORD-00837,ORD-00837,DHL,2025-05-11,2025-05-16,2025-05-18
SHP-ORD-00838,ORD-00838,FedEx,2025-05-11,2025-05-16,2025-05-18
SHP-ORD-00839,ORD-00839,Carrier B,2025-05-11,2025-05-16,2025-05-16
SHP-ORD-00840,ORD-00840,FedEx,2025-05-11,2025-05-16,2025-05-16
SHP-ORD-00841,ORD-00841,FedEx,2025-05-11,2025-05-16,2025-05-16
SHP-ORD-00842,ORD-00842,FedEx,2025-05-11,2025-05-16,2025-05-16
SHP-ORD-00843,ORD-00843,Carrier B,2025-05-11,2025-05-16,2025-05-16
SHP-ORD-00844,ORD-00844,DHL,2025-05-11,2025-05-16,2025-05-18
SHP-ORD-00845,ORD-00845,DHL,2025-05-11,2025-05-16,2025-05-16
SHP-ORD-00846,ORD-00846,Carrier B,2025-05-11,2025-05-16,2025-05-18
SHP-ORD-00847,ORD-00847,Carrier B,2025-05-12,2025-05-17,2025-05-17
SHP-ORD-00848,ORD-00848,DHL,2025-05-12,2025-05-17,2025-05-17
SHP-ORD-00849,ORD-00849,FedEx,2025-05-12,2025-05-17,2025-05-17
SHP-ORD-00850,ORD-00850,Carrier B,2025-05-12,2025-05-17,2025-05-17
SHP-ORD-00851,ORD-00851,FedEx,2025-05-12,2025-05-17,2025-05-18
SHP-ORD-00852,ORD-00852,DHL,2025-05-12,2025-05-17,2025-05-17
SHP-ORD-00853,ORD-00853,DHL,2025-05-12,2025-05-17,2025-05-19
SHP-ORD-00854,ORD-00854,DHL,2025-05-12,2025-05-17,2025-05-18
SHP-ORD-00855,ORD-00855,DHL,2025-05-12,2025-05-17,2025-05-18
SHP-ORD-00856,ORD-00856,DHL,2025-05-12,2025-05-17,2025-05-17
SHP-ORD-00857,ORD-00857,Carrier B,2025-05-12,2025-05-17,2025-05-17
SHP-ORD-00858,ORD-00858,FedEx,2025-05-12,2025-05-17,2025-05-18
SHP-ORD-00859,ORD-00859,FedEx,2025-05-12,2025-05-17,2025-05-18
SHP-ORD-00860,ORD-00860,DHL,2025-05-13,2025-05-18,2025-05-19
SHP-ORD-00861,ORD-00861,Carrier B,2025-05-13,2025-05-18,2025-05-18
SHP-ORD-00862,ORD-00862,FedEx,2025-05-13,2025-05-18,2025-05-18
SHP-ORD-00863,ORD-00863,FedEx,2025-05-13,2025-05-18,2025-05-20
SHP-ORD-00864,ORD-00864,FedEx,2025-05-13,2025-05-18,2025-05-19
SHP-ORD-00865,ORD-00865,FedEx,2025-05-13,2025-05-18,2025-05-20
SHP-ORD-00866,ORD-00866,Carrier B,2025-05-13,2025-05-18,2025-05-20
SHP-ORD-00867,ORD-00867,DHL,2025-05-13,2025-05-18,2025-05-19
SHP-ORD-00868,ORD-00868,DHL,2025-05-13,2025-05-18,2025-05-20
SHP-ORD-00869,ORD-00869,DHL,2025-05-13,2025-05-18,2025-05-20
SHP-ORD-00870,ORD-00870,DHL,2025-05-13,2025-05-18,2025-05-18
SHP-ORD-00871,ORD-00871,FedEx,2025-05-13,2025-05-18,2025-05-19
SHP-ORD-00872,ORD-00872,FedEx,2025-05-13,2025-05-18,2025-05-18
SHP-ORD-00873,ORD-00873,DHL,2025-05-14,2025-05-19,2025-05-21
SHP-ORD-00874,ORD-00874,FedEx,2025-05-14,2025-05-19,2025-05-19
SHP-ORD-00875,ORD-00875,DHL,2025-05-14,2025-05-19,2025-05-19
SHP-ORD-00876,ORD-00876,FedEx,2025-05-14,2025-05-19,2025-05-19
SHP-ORD-00877,ORD-00877,FedEx,2025-05-14,2025-05-19,2025-05-21
SHP-ORD-00878,ORD-00878,FedEx,2025-05-14,2025-05-19,2025-05-21
SHP-ORD-00879,ORD-00879,DHL,2025-05-14,2025-05-19,2025-05-19
SHP-ORD-00880,ORD-00880,FedEx,2025-05-14,2025-05-19,2025-05-19
SHP-ORD-00881,ORD-00881,Carrier B,2025-05-14,2025-05-19,2025-05-21
SHP-ORD-00882,ORD-00882,FedEx,2025-05-14,2025-05-19,2025-05-21
SHP-ORD-00883,ORD-00883,DHL,2025-05-14,2025-05-19,2025-05-21
SHP-ORD-00884,ORD-00884,Carrier B,2025-05-14,2025-05-19,2025-05-21
SHP-ORD-00885,ORD-00885,Carrier B,2025-05-15,2025-05-20,2025-05-20
SHP-ORD-00886,ORD-00886,Carrier B,2025-05-15,2025-05-20,2025-05-21
SHP-ORD-00887,ORD-00887,FedEx,2025-05-15,2025-05-20,2025-05-21
SHP-ORD-00888,ORD-00888,FedEx,2025-05-15,2025-05-20,2025-05-21
SHP-ORD-00889,ORD-00889,DHL,2025-05-15,2025-05-20,2025-05-21
SHP-ORD-00890,ORD-00890,FedEx,2025-05-15,2025-05-20,2025-05-22
SHP-ORD-00891,ORD-00891,FedEx,2025-05-15,2025-05-20,2025-05-20
SHP-ORD-00892,ORD-00892,Carrier B,2025-05-15,2025-05-20,2025-05-22
SHP-ORD-00893,ORD-00893,DHL,2025-05-15,2025-05-20,2025-05-21
SHP-ORD-00894,ORD-00894,DHL,2025-05-15,2025-05-20,2025-05-21
SHP-ORD-00895,ORD-00895,Carrier B,2025-05-15,2025-05-20,2025-05-22
SHP-ORD-00896,ORD-00896,DHL,2025-05-15,2025-05-20,2025-05-21
SHP-ORD-00897,ORD-00897,DHL,2025-05-15,2025-05-20,2025-05-21
SHP-ORD-00898,ORD-00898,DHL,2025-05-15,2025-05-20,2025-05-21
SHP-ORD-00899,ORD-00899,FedEx,2025-05-15,2025-05-20,2025-05-22
SHP-ORD-00900,ORD-00900,FedEx,2025-05-15,2025-05-20,2025-05-20
SHP-ORD-00901,ORD-00901,Carrier B,2025-05-15,2025-05-20,2025-05-21
SHP-ORD-00902,ORD-00902,Carrier B,2025-05-15,2025-05-20,2025-05-21
SHP-ORD-00903,ORD-00903,Carrier B,2025-05-15,2025-05-20,2025-05-21
SHP-ORD-00904,ORD-00904,DHL,2025-05-15,2025-05-20,2025-05-20
SHP-ORD-00905,ORD-00905,Carrier B,2025-05-15,2025-05-20,2025-05-20
SHP-ORD-00906,ORD-00906,FedEx,2025-05-15,2025-05-20,2025-05-21
SHP-ORD-00907,ORD-00907,FedEx,2025-05-15,2025-05-20,2025-05-21
SHP-ORD-00908,ORD-00908,DHL,2025-05-16,2025-05-21,2025-05-21
SHP-ORD-00909,ORD-00909,DHL,2025-05-16,2025-05-21,2025-05-23
SHP-ORD-00910,ORD-00910,FedEx,2025-05-16,2025-05-21,2025-05-22
SHP-ORD-00911,ORD-00911,FedEx,2025-05-16,2025-05-21,2025-05-21
SHP-ORD-00912,ORD-00912,FedEx,2025-05-16,2025-05-21,2025-05-23
SHP-ORD-00913,ORD-00913,DHL,2025-05-16,2025-05-21,2025-05-22
SHP-ORD-00914,ORD-00914,DHL,2025-05-16,2025-05-21,2025-05-21
SHP-ORD-00915,ORD-00915,DHL,2025-05-16,2025-05-21,2025-05-23
SHP-ORD-00916,ORD-00916,FedEx,2025-05-16,2025-05-21,2025-05-23
SHP-ORD-00917,ORD-00917,DHL,2025-05-16,2025-05-21,2025-05-23
SHP-ORD-00918,ORD-00918,DHL,2025-05-17,2025-05-22,2025-05-24
SHP-ORD-00919,ORD-00919,DHL,2025-05-17,2025-05-22,2025-05-23
SHP-ORD-00920,ORD-00920,FedEx,2025-05-17,2025-05-22,2025-05-22
SHP-ORD-00921,ORD-00921,DHL,2025-05-17,2025-05-22,2025-05-23
SHP-ORD-00922,ORD-00922,Carrier B,2025-05-17,2025-05-22,2025-05-22
SHP-ORD-00923,ORD-00923,FedEx,2025-05-17,2025-05-22,2025-05-23
SHP-ORD-00924,ORD-00924,FedEx,2025-05-17,2025-05-22,2025-05-24
SHP-ORD-00925,ORD-00925,DHL,2025-05-17,2025-05-22,2025-05-23
SHP-ORD-00926,ORD-00926,DHL,2025-05-17,2025-05-22,2025-05-23
SHP-ORD-00927,ORD-00927,FedEx,2025-05-17,2025-05-22,2025-05-22
SHP-ORD-00928,ORD-00928,FedEx,2025-05-17,2025-05-22,2025-05-22
SHP-ORD-00929,ORD-00929,FedEx,2025-05-17,2025-05-22,2025-05-23
SHP-ORD-00930,ORD-00930,Carrier B,2025-05-17,2025-05-22,2025-05-24
SHP-ORD-00931,ORD-00931,DHL,2025-05-17,2025-05-22,2025-05-24
SHP-ORD-00932,ORD-00932,DHL,2025-05-17,2025-05-22,2025-05-22
SHP-ORD-00933,ORD-00933,Carrier B,2025-05-17,2025-05-22,2025-05-23
SHP-ORD-00934,ORD-00934,FedEx,2025-05-17,2025-05-22,2025-05-24
SHP-ORD-00935,ORD-00935,Carrier B,2025-05-17,2025-05-22,2025-05-24
SHP-ORD-00936,ORD-00936,DHL,2025-05-17,2025-05-22,2025-05-23
SHP-ORD-00937,ORD-00937,FedEx,2025-05-17,2025-05-22,2025-05-24
SHP-ORD-00938,ORD-00938,Carrier B,2025-05-17,2025-05-22,2025-05-22
SHP-ORD-00939,ORD-00939,Carrier B,2025-05-18,2025-05-23,2025-05-23
SHP-ORD-00940,ORD-00940,Carrier B,2025-05-18,2025-05-23,2025-05-25
SHP-ORD-00941,ORD-00941,FedEx,2025-05-18,2025-05-23,2025-05-23
SHP-ORD-00942,ORD-00942,Carrier B,2025-05-18,2025-05-23,2025-05-24
SHP-ORD-00943,ORD-00943,Carrier B,2025-05-18,2025-05-23,2025-05-25
SHP-ORD-00944,ORD-00944,FedEx,2025-05-18,2025-05-23,2025-05-25
SHP-ORD-00945,ORD-00945,FedEx,2025-05-18,2025-05-23,2025-05-25
SHP-ORD-00946,ORD-00946,FedEx,2025-05-18,2025-05-23,2025-05-24
SHP-ORD-00947,ORD-00947,Carrier B,2025-05-18,2025-05-23,2025-05-24
SHP-ORD-00948,ORD-00948,DHL,2025-05-18,2025-05-23,2025-05-25
SHP-ORD-00949,ORD-00949,FedEx,2025-05-18,2025-05-23,2025-05-23
SHP-ORD-00950,ORD-00950,FedEx,2025-05-18,2025-05-23,2025-05-24
SHP-ORD-00951,ORD-00951,FedEx,2025-05-18,2025-05-23,2025-05-25
SHP-ORD-00952,ORD-00952,DHL,2025-05-18,2025-05-23,2025-05-24
SHP-ORD-00953,ORD-00953,DHL,2025-05-18,2025-05-23,2025-05-24
SHP-ORD-00954,ORD-00954,Carrier B,2025-05-18,2025-05-23,2025-05-23
SHP-ORD-00955,ORD-00955,DHL,2025-05-18,2025-05-23,2025-05-25
SHP-ORD-00956,ORD-00956,DHL,2025-05-18,2025-05-23,2025-05-24
SHP-ORD-00957,ORD-00957,FedEx,2025-05-18,2025-05-23,2025-05-24
SHP-ORD-00958,ORD-00958,FedEx,2025-05-18,2025-05-23,2025-05-24
SHP-ORD-00959,ORD-00959,DHL,2025-05-18,2025-05-23,2025-05-25
SHP-ORD-00960,ORD-00960,FedEx,2025-05-18,2025-05-23,2025-05-25
SHP-ORD-00961,ORD-00961,FedEx,2025-05-18,2025-05-23,2025-05-23
SHP-ORD-00962,ORD-00962,Carrier B,2025-05-18,2025-05-23,2025-05-25
SHP-ORD-00963,ORD-00963,DHL,2025-05-18,2025-05-23,2025-05-25
SHP-ORD-00964,ORD-00964,FedEx,2025-05-18,2025-05-23,2025-05-25
SHP-ORD-00965,ORD-00965,FedEx,2025-05-18,2025-05-23,2025-05-25
SHP-ORD-00966,ORD-00966,FedEx,2025-05-18,2025-05-23,2025-05-25
SHP-ORD-00967,ORD-00967,Carrier B,2025-05-18,2025-05-23,2025-05-24
SHP-ORD-00968,ORD-00968,FedEx,2025-05-19,2025-05-24,2025-05-24
SHP-ORD-00969,ORD-00969,FedEx,2025-05-19,2025-05-24,2025-05-26
SHP-ORD-00970,ORD-00970,DHL,2025-05-19,2025-05-24,2025-05-25
SHP-ORD-00971,ORD-00971,FedEx,2025-05-19,2025-05-24,2025-05-26
SHP-ORD-00972,ORD-00972,FedEx,2025-05-19,2025-05-24,2025-05-26
SHP-ORD-00973,ORD-00973,FedEx,2025-05-19,2025-05-24,2025-05-25
SHP-ORD-00974,ORD-00974,FedEx,2025-05-19,2025-05-24,2025-05-26
SHP-ORD-00975,ORD-00975,FedEx,2025-05-19,2025-05-24,2025-05-26
SHP-ORD-00976,ORD-00976,FedEx,2025-05-19,2025-05-24,2025-05-25
SHP-ORD-00977,ORD-00977,Carrier B,2025-05-19,2025-05-24,2025-05-24
SHP-ORD-00978,ORD-00978,FedEx,2025-05-19,2025-05-24,2025-05-24
SHP-ORD-00979,ORD-00979,DHL,2025-05-19,2025-05-24,2025-05-24
SHP-ORD-00980,ORD-00980,DHL,2025-05-19,2025-05-24,2025-05-26
SHP-ORD-00981,ORD-00981,DHL,2025-05-19,2025-05-24,2025-05-24
SHP-ORD-00982,ORD-00982,FedEx,2025-05-19,2025-05-24,2025-05-24
SHP-ORD-00983,ORD-00983,FedEx,2025-05-19,2025-05-24,2025-05-24
SHP-ORD-00984,ORD-00984,DHL,2025-05-19,2025-05-24,2025-05-26
SHP-ORD-00985,ORD-00985,DHL,2025-05-19,2025-05-24,2025-05-24
SHP-ORD-00986,ORD-00986,DHL,2025-05-19,2025-05-24,2025-05-25
SHP-ORD-00987,ORD-00987,FedEx,2025-05-19,2025-05-24,2025-05-26
SHP-ORD-00988,ORD-00988,Carrier B,2025-05-19,2025-05-24,2025-05-25
SHP-ORD-00989,ORD-00989,FedEx,2025-05-19,2025-05-24,2025-05-25
SHP-ORD-00990,ORD-00990,FedEx,2025-05-19,2025-05-24,2025-05-24
SHP-ORD-00991,ORD-00991,DHL,2025-05-20,2025-05-25,2025-05-27
SHP-ORD-00992,ORD-00992,FedEx,2025-05-20,2025-05-25,2025-05-25
SHP-ORD-00993,ORD-00993,DHL,2025-05-20,2025-05-25,2025-05-25
SHP-ORD-00994,ORD-00994,DHL,2025-05-20,2025-05-25,2025-05-25
SHP-ORD-00995,ORD-00995,Carrier B,2025-05-20,2025-05-25,2025-05-27
SHP-ORD-00996,ORD-00996,Carrier B,2025-05-20,2025-05-25,2025-05-26
SHP-ORD-00997,ORD-00997,DHL,2025-05-20,2025-05-25,2025-05-26
SHP-ORD-00998,ORD-00998,DHL,2025-05-20,2025-05-25,2025-05-25
SHP-ORD-00999,ORD-00999,FedEx,2025-05-20,2025-05-25,2025-05-25
SHP-ORD-01000,ORD-01000,DHL,2025-05-20,2025-05-25,2025-05-27
SHP-ORD-01001,ORD-01001,FedEx,2025-05-20,2025-05-25,2025-05-26
SHP-ORD-01002,ORD-01002,FedEx,2025-05-20,2025-05-25,2025-05-25
SHP-ORD-01003,ORD-01003,FedEx,2025-05-20,2025-05-25,2025-05-25
SHP-ORD-01004,ORD-01004,DHL,2025-05-20,2025-05-25,2025-05-27
SHP-ORD-01005,ORD-01005,DHL,2025-05-20,2025-05-25,2025-05-25
SHP-ORD-01006,ORD-01006,Carrier B,2025-05-20,2025-05-25,2025-05-26
SHP-ORD-01007,ORD-01007,FedEx,2025-05-20,2025-05-25,2025-05-26
SHP-ORD-01008,ORD-01008,Carrier B,2025-05-20,2025-05-25,2025-05-27
SHP-ORD-01009,ORD-01009,DHL,2025-05-20,2025-05-25,2025-05-27
SHP-ORD-01010,ORD-01010,DHL,2025-05-20,2025-05-25,2025-05-25
SHP-ORD-01011,ORD-01011,DHL,2025-05-20,2025-05-25,2025-05-25
SHP-ORD-01012,ORD-01012,FedEx,2025-05-20,2025-05-25,2025-05-26
SHP-ORD-01013,ORD-01013,Carrier B,2025-05-20,2025-05-25,2025-05-25
SHP-ORD-01014,ORD-01014,DHL,2025-05-20,2025-05-25,2025-05-27
SHP-ORD-01015,ORD-01015,Carrier B,2025-05-20,2025-05-25,2025-05-26
SHP-ORD-01016,ORD-01016,DHL,2025-05-20,2025-05-25,2025-05-26
SHP-ORD-01017,ORD-01017,Carrier B,2025-05-20,2025-05-25,2025-05-25
SHP-ORD-01018,ORD-01018,DHL,2025-05-20,2025-05-25,2025-05-27
SHP-ORD-01019,ORD-01019,FedEx,2025-05-21,2025-05-26,2025-05-28
SHP-ORD-01020,ORD-01020,FedEx,2025-05-21,2025-05-26,2025-05-28
SHP-ORD-01021,ORD-01021,DHL,2025-05-21,2025-05-26,2025-05-26
SHP-ORD-01022,ORD-01022,DHL,2025-05-21,2025-05-26,2025-05-26
SHP-ORD-01023,ORD-01023,FedEx,2025-05-21,2025-05-26,2025-05-27
SHP-ORD-01024,ORD-01024,Carrier B,2025-05-21,2025-05-26,2025-05-27
SHP-ORD-01025,ORD-01025,DHL,2025-05-21,2025-05-26,2025-05-27
SHP-ORD-01026,ORD-01026,Carrier B,2025-05-21,2025-05-26,2025-05-28
SHP-ORD-01027,ORD-01027,Carrier B,2025-05-21,2025-05-26,2025-05-27
SHP-ORD-01028,ORD-01028,DHL,2025-05-21,2025-05-26,2025-05-26
SHP-ORD-01029,ORD-01029,Carrier B,2025-05-21,2025-05-26,2025-05-26
SHP-ORD-01030,ORD-01030,DHL,2025-05-21,2025-05-26,2025-05-28
SHP-ORD-01031,ORD-01031,Carrier B,2025-05-21,2025-05-26,2025-05-26
SHP-ORD-01032,ORD-01032,FedEx,2025-05-22,2025-05-27,2025-05-28
SHP-ORD-01033,ORD-01033,FedEx,2025-05-22,2025-05-27,2025-05-29
SHP-ORD-01034,ORD-01034,DHL,2025-05-22,2025-05-27,2025-05-27
SHP-ORD-01035,ORD-01035,DHL,2025-05-22,2025-05-27,2025-05-27
SHP-ORD-01036,ORD-01036,DHL,2025-05-22,2025-05-27,2025-05-29
SHP-ORD-01037,ORD-01037,DHL,2025-05-22,2025-05-27,2025-05-27
SHP-ORD-01038,ORD-01038,FedEx,2025-05-22,2025-05-27,2025-05-29
SHP-ORD-01039,ORD-01039,Carrier B,2025-05-22,2025-05-27,2025-05-29
SHP-ORD-01040,ORD-01040,DHL,2025-05-22,2025-05-27,2025-05-27
SHP-ORD-01041,ORD-01041,DHL,2025-05-22,2025-05-27,2025-05-27
SHP-ORD-01042,ORD-01042,DHL,2025-05-22,2025-05-27,2025-05-27
SHP-ORD-01043,ORD-01043,DHL,2025-05-22,2025-05-27,2025-05-27
SHP-ORD-01044,ORD-01044,Carrier B,2025-05-22,2025-05-27,2025-05-27
SHP-ORD-01045,ORD-01045,DHL,2025-05-22,2025-05-27,2025-05-28
SHP-ORD-01046,ORD-01046,FedEx,2025-05-22,2025-05-27,2025-05-28
SHP-ORD-01047,ORD-01047,DHL,2025-05-22,2025-05-27,2025-05-29
SHP-ORD-01048,ORD-01048,DHL,2025-05-22,2025-05-27,2025-05-29
SHP-ORD-01049,ORD-01049,Carrier B,2025-05-22,2025-05-27,2025-05-27
SHP-ORD-01050,ORD-01050,FedEx,2025-05-22,2025-05-27,2025-05-28
SHP-ORD-01051,ORD-01051,Carrier B,2025-05-22,2025-05-27,2025-05-27
SHP-ORD-01052,ORD-01052,DHL,2025-05-22,2025-05-27,2025-05-29
SHP-ORD-01053,ORD-01053,Carrier B,2025-05-22,2025-05-27,2025-05-29
SHP-ORD-01054,ORD-01054,FedEx,2025-05-22,2025-05-27,2025-05-29
SHP-ORD-01055,ORD-01055,Carrier B,2025-05-22,2025-05-27,2025-05-29
SHP-ORD-01056,ORD-01056,Carrier B,2025-05-22,2025-05-27,2025-05-29
SHP-ORD-01057,ORD-01057,Carrier B,2025-05-22,2025-05-27,2025-05-28
SHP-ORD-01058,ORD-01058,FedEx,2025-05-22,2025-05-27,2025-05-27
SHP-ORD-01059,ORD-01059,FedEx,2025-05-22,2025-05-27,2025-05-27
SHP-ORD-01060,ORD-01060,DHL,2025-05-22,2025-05-27,2025-05-29
SHP-ORD-01061,ORD-01061,FedEx,2025-05-22,2025-05-27,2025-05-28
SHP-ORD-01062,ORD-01062,FedEx,2025-05-23,2025-05-28,2025-05-30
SHP-ORD-01063,ORD-01063,FedEx,2025-05-23,2025-05-28,2025-05-29
SHP-ORD-01064,ORD-01064,DHL,2025-05-23,2025-05-28,2025-05-29
SHP-ORD-01065,ORD-01065,DHL,2025-05-23,2025-05-28,2025-05-30
SHP-ORD-01066,ORD-01066,FedEx,2025-05-23,2025-05-28,2025-05-30
SHP-ORD-01067,ORD-01067,FedEx,2025-05-23,2025-05-28,2025-05-28
SHP-ORD-01068,ORD-01068,DHL,2025-05-23,2025-05-28,2025-05-28
SHP-ORD-01069,ORD-01069,DHL,2025-05-23,2025-05-28,2025-05-29
SHP-ORD-01070,ORD-01070,FedEx,2025-05-23,2025-05-28,2025-05-29
SHP-ORD-01071,ORD-01071,FedEx,2025-05-23,2025-05-28,2025-05-30
SHP-ORD-01072,ORD-01072,Carrier B,2025-05-23,2025-05-28,2025-05-29
SHP-ORD-01073,ORD-01073,Carrier B,2025-05-23,2025-05-28,2025-05-28
SHP-ORD-01074,ORD-01074,Carrier B,2025-05-23,2025-05-28,2025-05-30
SHP-ORD-01075,ORD-01075,Carrier B,2025-05-23,2025-05-28,2025-05-28
SHP-ORD-01076,ORD-01076,FedEx,2025-05-24,2025-05-29,2025-05-29
SHP-ORD-01077,ORD-01077,DHL,2025-05-24,2025-05-29,2025-05-31
SHP-ORD-01078,ORD-01078,DHL,2025-05-24,2025-05-29,2025-05-30
SHP-ORD-01079,ORD-01079,DHL,2025-05-24,2025-05-29,2025-05-29
SHP-ORD-01080,ORD-01080,FedEx,2025-05-24,2025-05-29,2025-05-29
SHP-ORD-01081,ORD-01081,DHL,2025-05-24,2025-05-29,2025-05-30
SHP-ORD-01082,ORD-01082,DHL,2025-05-24,2025-05-29,2025-05-29
SHP-ORD-01083,ORD-01083,FedEx,2025-05-24,2025-05-29,2025-05-29
SHP-ORD-01084,ORD-01084,DHL,2025-05-24,2025-05-29,2025-05-31
SHP-ORD-01085,ORD-01085,FedEx,2025-05-24,2025-05-29,2025-05-31
SHP-ORD-01086,ORD-01086,FedEx,2025-05-24,2025-05-29,2025-05-30
SHP-ORD-01087,ORD-01087,FedEx,2025-05-24,2025-05-29,2025-05-29
SHP-ORD-01088,ORD-01088,FedEx,2025-05-24,2025-05-29,2025-05-29
SHP-ORD-01089,ORD-01089,FedEx,2025-05-24,2025-05-29,2025-05-30
SHP-ORD-01090,ORD-01090,Carrier B,2025-05-24,2025-05-29,2025-05-30
SHP-ORD-01091,ORD-01091,DHL,2025-05-24,2025-05-29,2025-05-30
SHP-ORD-01092,ORD-01092,DHL,2025-05-24,2025-05-29,2025-05-31
SHP-ORD-01093,ORD-01093,FedEx,2025-05-24,2025-05-29,2025-05-30
SHP-ORD-01094,ORD-01094,DHL,2025-05-24,2025-05-29,2025-05-29
SHP-ORD-01095,ORD-01095,DHL,2025-05-24,2025-05-29,2025-05-29
SHP-ORD-01096,ORD-01096,DHL,2025-05-24,2025-05-29,2025-05-30
SHP-ORD-01097,ORD-01097,DHL,2025-05-24,2025-05-29,2025-05-29
SHP-ORD-01098,ORD-01098,Carrier B,2025-05-24,2025-05-29,2025-05-31
SHP-ORD-01099,ORD-01099,Carrier B,2025-05-25,2025-05-30,2025-06-01
SHP-ORD-01100,ORD-01100,DHL,2025-05-25,2025-05-30,2025-05-30
SHP-ORD-01101,ORD-01101,FedEx,2025-05-25,2025-05-30,2025-06-01
SHP-ORD-01102,ORD-01102,DHL,2025-05-25,2025-05-30,2025-06-01
SHP-ORD-01103,ORD-01103,DHL,2025-05-25,2025-05-30,2025-06-01
SHP-ORD-01104,ORD-01104,DHL,2025-05-25,2025-05-30,2025-05-31
SHP-ORD-01105,ORD-01105,Carrier B,2025-05-25,2025-05-30,2025-05-31
SHP-ORD-01106,ORD-01106,DHL,2025-05-25,2025-05-30,2025-06-01
SHP-ORD-01107,ORD-01107,Carrier B,2025-05-25,2025-05-30,2025-05-30
SHP-ORD-01108,ORD-01108,FedEx,2025-05-25,2025-05-30,2025-06-01
SHP-ORD-01109,ORD-01109,FedEx,2025-05-25,2025-05-30,2025-06-01
SHP-ORD-01110,ORD-01110,FedEx,2025-05-25,2025-05-30,2025-05-30
SHP-ORD-01111,ORD-01111,Carrier B,2025-05-25,2025-05-30,2025-06-01
SHP-ORD-01112,ORD-01112,Carrier B,2025-05-26,2025-05-31,2025-06-01
SHP-ORD-01113,ORD-01113,DHL,2025-05-26,2025-05-31,2025-06-01
SHP-ORD-01114,ORD-01114,DHL,2025-05-26,2025-05-31,2025-06-02
SHP-ORD-01115,ORD-01115,DHL,2025-05-26,2025-05-31,2025-05-31
SHP-ORD-01116,ORD-01116,Carrier B,2025-05-26,2025-05-31,2025-05-31
SHP-ORD-01117,ORD-01117,Carrier B,2025-05-26,2025-05-31,2025-06-01
SHP-ORD-01118,ORD-01118,DHL,2025-05-26,2025-05-31,2025-06-01
SHP-ORD-01119,ORD-01119,DHL,2025-05-26,2025-05-31,2025-06-01
SHP-ORD-01120,ORD-01120,FedEx,2025-05-26,2025-05-31,2025-05-31
SHP-ORD-01121,ORD-01121,DHL,2025-05-26,2025-05-31,2025-06-01
SHP-ORD-01122,ORD-01122,DHL,2025-05-26,2025-05-31,2025-05-31
SHP-ORD-01123,ORD-01123,FedEx,2025-05-26,2025-05-31,2025-05-31
SHP-ORD-01124,ORD-01124,Carrier B,2025-05-26,2025-05-31,2025-05-31
SHP-ORD-01125,ORD-01125,DHL,2025-05-26,2025-05-31,2025-06-02
SHP-ORD-01126,ORD-01126,Carrier B,2025-05-26,2025-05-31,2025-06-02
SHP-ORD-01127,ORD-01127,FedEx,2025-05-26,2025-05-31,2025-06-01
SHP-ORD-01128,ORD-01128,DHL,2025-05-26,2025-05-31,2025-06-02
SHP-ORD-01129,ORD-01129,DHL,2025-05-26,2025-05-31,2025-05-31
SHP-ORD-01130,ORD-01130,FedEx,2025-05-26,2025-05-31,2025-05-31
SHP-ORD-01131,ORD-01131,DHL,2025-05-26,2025-05-31,2025-06-01
SHP-ORD-01132,ORD-01132,FedEx,2025-05-27,2025-06-01,2025-06-01
SHP-ORD-01133,ORD-01133,FedEx,2025-05-27,2025-06-01,2025-06-03
SHP-ORD-01134,ORD-01134,FedEx,2025-05-27,2025-06-01,2025-06-03
SHP-ORD-01135,ORD-01135,FedEx,2025-05-27,2025-06-01,2025-06-03
SHP-ORD-01136,ORD-01136,DHL,2025-05-27,2025-06-01,2025-06-01
SHP-ORD-01137,ORD-01137,FedEx,2025-05-27,2025-06-01,2025-06-02
SHP-ORD-01138,ORD-01138,DHL,2025-05-27,2025-06-01,2025-06-01
SHP-ORD-01139,ORD-01139,DHL,2025-05-27,2025-06-01,2025-06-02
SHP-ORD-01140,ORD-01140,DHL,2025-05-27,2025-06-01,2025-06-03
SHP-ORD-01141,ORD-01141,Carrier B,2025-05-27,2025-06-01,2025-06-03
SHP-ORD-01142,ORD-01142,DHL,2025-05-27,2025-06-01,2025-06-03
SHP-ORD-01143,ORD-01143,DHL,2025-05-27,2025-06-01,2025-06-01
SHP-ORD-01144,ORD-01144,FedEx,2025-05-27,2025-06-01,2025-06-03
SHP-ORD-01145,ORD-01145,DHL,2025-05-27,2025-06-01,2025-06-02
SHP-ORD-01146,ORD-01146,Carrier B,2025-05-27,2025-06-01,2025-06-01
SHP-ORD-01147,ORD-01147,FedEx,2025-05-27,2025-06-01,2025-06-02
SHP-ORD-01148,ORD-01148,FedEx,2025-05-27,2025-06-01,2025-06-03
SHP-ORD-01149,ORD-01149,FedEx,2025-05-27,2025-06-01,2025-06-01
SHP-ORD-01150,ORD-01150,DHL,2025-05-27,2025-06-01,2025-06-01
SHP-ORD-01151,ORD-01151,DHL,2025-05-27,2025-06-01,2025-06-01
SHP-ORD-01152,ORD-01152,DHL,2025-05-27,2025-06-01,2025-06-02
SHP-ORD-01153,ORD-01153,FedEx,2025-05-27,2025-06-01,2025-06-03
SHP-ORD-01154,ORD-01154,Carrier B,2025-05-27,2025-06-01,2025-06-01
SHP-ORD-01155,ORD-01155,FedEx,2025-05-27,2025-06-01,2025-06-03
SHP-ORD-01156,ORD-01156,FedEx,2025-05-27,2025-06-01,2025-06-02
SHP-ORD-01157,ORD-01157,DHL,2025-05-27,2025-06-01,2025-06-02
SHP-ORD-01158,ORD-01158,FedEx,2025-05-27,2025-06-01,2025-06-02
SHP-ORD-01159,ORD-01159,FedEx,2025-05-27,2025-06-01,2025-06-02
SHP-ORD-01160,ORD-01160,FedEx,2025-05-27,2025-06-01,2025-06-01
SHP-ORD-01161,ORD-01161,DHL,2025-05-28,2025-06-02,2025-06-02
SHP-ORD-01162,ORD-01162,Carrier B,2025-05-28,2025-06-02,2025-06-02
SHP-ORD-01163,ORD-01163,Carrier B,2025-05-28,2025-06-02,2025-06-02
SHP-ORD-01164,ORD-01164,DHL,2025-05-28,2025-06-02,2025-06-02
SHP-ORD-01165,ORD-01165,FedEx,2025-05-28,2025-06-02,2025-06-04
SHP-ORD-01166,ORD-01166,DHL,2025-05-28,2025-06-02,2025-06-04
SHP-ORD-01167,ORD-01167,DHL,2025-05-28,2025-06-02,2025-06-03
SHP-ORD-01168,ORD-01168,FedEx,2025-05-28,2025-06-02,2025-06-04
SHP-ORD-01169,ORD-01169,FedEx,2025-05-28,2025-06-02,2025-06-04
SHP-ORD-01170,ORD-01170,FedEx,2025-05-28,2025-06-02,2025-06-04
SHP-ORD-01171,ORD-01171,DHL,2025-05-28,2025-06-02,2025-06-02
SHP-ORD-01172,ORD-01172,FedEx,2025-05-28,2025-06-02,2025-06-04
SHP-ORD-01173,ORD-01173,Carrier B,2025-05-28,2025-06-02,2025-06-03
SHP-ORD-01174,ORD-01174,FedEx,2025-05-28,2025-06-02,2025-06-02
SHP-ORD-01175,ORD-01175,FedEx,2025-05-29,2025-06-03,2025-06-04
SHP-ORD-01176,ORD-01176,DHL,2025-05-29,2025-06-03,2025-06-04
SHP-ORD-01177,ORD-01177,DHL,2025-05-29,2025-06-03,2025-06-05
SHP-ORD-01178,ORD-01178,FedEx,2025-05-29,2025-06-03,2025-06-03
SHP-ORD-01179,ORD-01179,FedEx,2025-05-29,2025-06-03,2025-06-04
SHP-ORD-01180,ORD-01180,FedEx,2025-05-29,2025-06-03,2025-06-05
SHP-ORD-01181,ORD-01181,FedEx,2025-05-29,2025-06-03,2025-06-04
SHP-ORD-01182,ORD-01182,FedEx,2025-05-29,2025-06-03,2025-06-05
SHP-ORD-01183,ORD-01183,Carrier B,2025-05-29,2025-06-03,2025-06-03
SHP-ORD-01184,ORD-01184,DHL,2025-05-29,2025-06-03,2025-06-03
SHP-ORD-01185,ORD-01185,DHL,2025-05-29,2025-06-03,2025-06-04
SHP-ORD-01186,ORD-01186,FedEx,2025-05-29,2025-06-03,2025-06-03
SHP-ORD-01187,ORD-01187,FedEx,2025-05-29,2025-06-03,2025-06-05
SHP-ORD-01188,ORD-01188,FedEx,2025-05-29,2025-06-03,2025-06-04
SHP-ORD-01189,ORD-01189,DHL,2025-05-29,2025-06-03,2025-06-04
SHP-ORD-01190,ORD-01190,DHL,2025-05-29,2025-06-03,2025-06-03
SHP-ORD-01191,ORD-01191,FedEx,2025-05-29,2025-06-03,2025-06-04
SHP-ORD-01192,ORD-01192,DHL,2025-05-29,2025-06-03,2025-06-04
SHP-ORD-01193,ORD-01193,DHL,2025-05-29,2025-06-03,2025-06-03
SHP-ORD-01194,ORD-01194,FedEx,2025-05-29,2025-06-03,2025-06-03
SHP-ORD-01195,ORD-01195,FedEx,2025-05-29,2025-06-03,2025-06-03
SHP-ORD-01196,ORD-01196,DHL,2025-05-29,2025-06-03,2025-06-03
SHP-ORD-01197,ORD-01197,DHL,2025-05-29,2025-06-03,2025-06-05
SHP-ORD-01198,ORD-01198,FedEx,2025-05-29,2025-06-03,2025-06-03
SHP-ORD-01199,ORD-01199,FedEx,2025-05-29,2025-06-03,2025-06-03
SHP-ORD-01200,ORD-01200,DHL,2025-05-29,2025-06-03,2025-06-04
SHP-ORD-01201,ORD-01201,FedEx,2025-05-30,2025-06-04,2025-06-06
SHP-ORD-01202,ORD-01202,DHL,2025-05-30,2025-06-04,2025-06-06
SHP-ORD-01203,ORD-01203,DHL,2025-05-30,2025-06-04,2025-06-06
SHP-ORD-01204,ORD-01204,FedEx,2025-05-30,2025-06-04,2025-06-04
SHP-ORD-01205,ORD-01205,FedEx,2025-05-30,2025-06-04,2025-06-04
SHP-ORD-01206,ORD-01206,DHL,2025-05-30,2025-06-04,2025-06-06
SHP-ORD-01207,ORD-01207,FedEx,2025-05-30,2025-06-04,2025-06-04
SHP-ORD-01208,ORD-01208,FedEx,2025-05-30,2025-06-04,2025-06-04
SHP-ORD-01209,ORD-01209,DHL,2025-05-30,2025-06-04,2025-06-04
SHP-ORD-01210,ORD-01210,FedEx,2025-05-30,2025-06-04,2025-06-04
SHP-ORD-01211,ORD-01211,DHL,2025-05-30,2025-06-04,2025-06-04
SHP-ORD-01212,ORD-01212,FedEx,2025-05-30,2025-06-04,2025-06-05
SHP-ORD-01213,ORD-01213,DHL,2025-05-30,2025-06-04,2025-06-04
SHP-ORD-01214,ORD-01214,FedEx,2025-05-30,2025-06-04,2025-06-05
SHP-ORD-01215,ORD-01215,Carrier B,2025-05-30,2025-06-04,2025-06-04
SHP-ORD-01216,ORD-01216,DHL,2025-05-31,2025-06-05,2025-06-06
SHP-ORD-01217,ORD-01217,FedEx,2025-05-31,2025-06-05,2025-06-06
SHP-ORD-01218,ORD-01218,DHL,2025-05-31,2025-06-05,2025-06-07
SHP-ORD-01219,ORD-01219,FedEx,2025-05-31,2025-06-05,2025-06-07
SHP-ORD-01220,ORD-01220,DHL,2025-05-31,2025-06-05,2025-06-05
SHP-ORD-01221,ORD-01221,Carrier B,2025-05-31,2025-06-05,2025-06-06
SHP-ORD-01222,ORD-01222,DHL,2025-05-31,2025-06-05,2025-06-05
SHP-ORD-01223,ORD-01223,FedEx,2025-05-31,2025-06-05,2025-06-07
SHP-ORD-01224,ORD-01224,DHL,2025-05-31,2025-06-05,2025-06-06
SHP-ORD-01225,ORD-01225,FedEx,2025-05-31,2025-06-05,2025-06-06
SHP-ORD-01226,ORD-01226,DHL,2025-05-31,2025-06-05,2025-06-07
SHP-ORD-01227,ORD-01227,DHL,2025-05-31,2025-06-05,2025-06-05
SHP-ORD-01228,ORD-01228,FedEx,2025-05-31,2025-06-05,2025-06-07
SHP-ORD-01229,ORD-01229,FedEx,2025-05-31,2025-06-05,2025-06-05
SHP-ORD-01230,ORD-01230,DHL,2025-06-01,2025-06-06,2025-06-06
SHP-ORD-01231,ORD-01231,DHL,2025-06-01,2025-06-06,2025-06-07
SHP-ORD-01232,ORD-01232,FedEx,2025-06-01,2025-06-06,2025-06-08
SHP-ORD-01233,ORD-01233,FedEx,2025-06-01,2025-06-06,2025-06-06
SHP-ORD-01234,ORD-01234,DHL,2025-06-01,2025-06-06,2025-06-07
SHP-ORD-01235,ORD-01235,FedEx,2025-06-01,2025-06-06,2025-06-08
SHP-ORD-01236,ORD-01236,FedEx,2025-06-01,2025-06-06,2025-06-08
SHP-ORD-01237,ORD-01237,FedEx,2025-06-01,2025-06-06,2025-06-07
SHP-ORD-01238,ORD-01238,FedEx,2025-06-01,2025-06-06,2025-06-06
SHP-ORD-01239,ORD-01239,DHL,2025-06-01,2025-06-06,2025-06-07
SHP-ORD-01240,ORD-01240,Carrier B,2025-06-02,2025-06-07,2025-06-09
SHP-ORD-01241,ORD-01241,DHL,2025-06-02,2025-06-07,2025-06-08
SHP-ORD-01242,ORD-01242,FedEx,2025-06-02,2025-06-07,2025-06-08
SHP-ORD-01243,ORD-01243,DHL,2025-06-02,2025-06-07,2025-06-09
SHP-ORD-01244,ORD-01244,DHL,2025-06-02,2025-06-07,2025-06-08
SHP-ORD-01245,ORD-01245,FedEx,2025-06-02,2025-06-07,2025-06-09
SHP-ORD-01246,ORD-01246,Carrier B,2025-06-02,2025-06-07,2025-06-07
SHP-ORD-01247,ORD-01247,DHL,2025-06-02,2025-06-07,2025-06-09
SHP-ORD-01248,ORD-01248,Carrier B,2025-06-02,2025-06-07,2025-06-08
SHP-ORD-01249,ORD-01249,DHL,2025-06-02,2025-06-07,2025-06-08
SHP-ORD-01250,ORD-01250,DHL,2025-06-02,2025-06-07,2025-06-09
SHP-ORD-01251,ORD-01251,FedEx,2025-06-02,2025-06-07,2025-06-09
SHP-ORD-01252,ORD-01252,DHL,2025-06-03,2025-06-08,2025-06-10
SHP-ORD-01253,ORD-01253,FedEx,2025-06-03,2025-06-08,2025-06-08
SHP-ORD-01254,ORD-01254,Carrier B,2025-06-03,2025-06-08,2025-06-08
SHP-ORD-01255,ORD-01255,DHL,2025-06-03,2025-06-08,2025-06-09
SHP-ORD-01256,ORD-01256,Carrier B,2025-06-03,2025-06-08,2025-06-09
SHP-ORD-01257,ORD-01257,DHL,2025-06-03,2025-06-08,2025-06-10
SHP-ORD-01258,ORD-01258,Carrier B,2025-06-03,2025-06-08,2025-06-10
SHP-ORD-01259,ORD-01259,FedEx,2025-06-03,2025-06-08,2025-06-09
SHP-ORD-01260,ORD-01260,DHL,2025-06-03,2025-06-08,2025-06-09
SHP-ORD-01261,ORD-01261,DHL,2025-06-03,2025-06-08,2025-06-08
SHP-ORD-01262,ORD-01262,DHL,2025-06-03,2025-06-08,2025-06-08
SHP-ORD-01263,ORD-01263,DHL,2025-06-03,2025-06-08,2025-06-08
SHP-ORD-01264,ORD-01264,FedEx,2025-06-03,2025-06-08,2025-06-10
SHP-ORD-01265,ORD-01265,FedEx,2025-06-03,2025-06-08,2025-06-08
SHP-ORD-01266,ORD-01266,Carrier B,2025-06-03,2025-06-08,2025-06-09
SHP-ORD-01267,ORD-01267,DHL,2025-06-03,2025-06-08,2025-06-10
SHP-ORD-01268,ORD-01268,FedEx,2025-06-03,2025-06-08,2025-06-10
SHP-ORD-01269,ORD-01269,DHL,2025-06-03,2025-06-08,2025-06-08
SHP-ORD-01270,ORD-01270,Carrier B,2025-06-03,2025-06-08,2025-06-08
SHP-ORD-01271,ORD-01271,FedEx,2025-06-03,2025-06-08,2025-06-09
SHP-ORD-01272,ORD-01272,Carrier B,2025-06-03,2025-06-08,2025-06-10
SHP-ORD-01273,ORD-01273,Carrier B,2025-06-04,2025-06-09,2025-06-09
SHP-ORD-01274,ORD-01274,Carrier B,2025-06-04,2025-06-09,2025-06-09
SHP-ORD-01275,ORD-01275,Carrier B,2025-06-04,2025-06-09,2025-06-09
SHP-ORD-01276,ORD-01276,DHL,2025-06-04,2025-06-09,2025-06-11
SHP-ORD-01277,ORD-01277,FedEx,2025-06-04,2025-06-09,2025-06-10
SHP-ORD-01278,ORD-01278,FedEx,2025-06-04,2025-06-09,2025-06-11
SHP-ORD-01279,ORD-01279,FedEx,2025-06-04,2025-06-09,2025-06-10
SHP-ORD-01280,ORD-01280,DHL,2025-06-04,2025-06-09,2025-06-09
SHP-ORD-01281,ORD-01281,FedEx,2025-06-04,2025-06-09,2025-06-09
SHP-ORD-01282,ORD-01282,FedEx,2025-06-04,2025-06-09,2025-06-10
SHP-ORD-01283,ORD-01283,FedEx,2025-06-04,2025-06-09,2025-06-09
SHP-ORD-01284,ORD-01284,FedEx,2025-06-04,2025-06-09,2025-06-10
SHP-ORD-01285,ORD-01285,Carrier B,2025-06-04,2025-06-09,2025-06-10
SHP-ORD-01286,ORD-01286,FedEx,2025-06-04,2025-06-09,2025-06-11
SHP-ORD-01287,ORD-01287,DHL,2025-06-04,2025-06-09,2025-06-10
SHP-ORD-01288,ORD-01288,DHL,2025-06-04,2025-06-09,2025-06-10
SHP-ORD-01289,ORD-01289,FedEx,2025-06-04,2025-06-09,2025-06-09
SHP-ORD-01290,ORD-01290,Carrier B,2025-06-04,2025-06-09,2025-06-09
SHP-ORD-01291,ORD-01291,DHL,2025-06-04,2025-06-09,2025-06-10
SHP-ORD-01292,ORD-01292,FedEx,2025-06-04,2025-06-09,2025-06-11
SHP-ORD-01293,ORD-01293,FedEx,2025-06-04,2025-06-09,2025-06-10
SHP-ORD-01294,ORD-01294,FedEx,2025-06-04,2025-06-09,2025-06-10
SHP-ORD-01295,ORD-01295,FedEx,2025-06-04,2025-06-09,2025-06-09
SHP-ORD-01296,ORD-01296,FedEx,2025-06-04,2025-06-09,2025-06-10
SHP-ORD-01297,ORD-01297,DHL,2025-06-04,2025-06-09,2025-06-10
SHP-ORD-01298,ORD-01298,Carrier B,2025-06-04,2025-06-09,2025-06-10
SHP-ORD-01299,ORD-01299,DHL,2025-06-04,2025-06-09,2025-06-09
SHP-ORD-01300,ORD-01300,FedEx,2025-06-04,2025-06-09,2025-06-09
SHP-ORD-01301,ORD-01301,FedEx,2025-06-04,2025-06-09,2025-06-09
SHP-ORD-01302,ORD-01302,DHL,2025-06-04,2025-06-09,2025-06-10
SHP-ORD-01303,ORD-01303,FedEx,2025-06-05,2025-06-10,2025-06-10
SHP-ORD-01304,ORD-01304,FedEx,2025-06-05,2025-06-10,2025-06-12
SHP-ORD-01305,ORD-01305,Carrier B,2025-06-05,2025-06-10,2025-06-11
SHP-ORD-01306,ORD-01306,FedEx,2025-06-05,2025-06-10,2025-06-12
SHP-ORD-01307,ORD-01307,Carrier B,2025-06-05,2025-06-10,2025-06-10
SHP-ORD-01308,ORD-01308,FedEx,2025-06-05,2025-06-10,2025-06-12
SHP-ORD-01309,ORD-01309,Carrier B,2025-06-05,2025-06-10,2025-06-11
SHP-ORD-01310,ORD-01310,DHL,2025-06-05,2025-06-10,2025-06-10
SHP-ORD-01311,ORD-01311,DHL,2025-06-05,2025-06-10,2025-06-12
SHP-ORD-01312,ORD-01312,FedEx,2025-06-05,2025-06-10,2025-06-11
SHP-ORD-01313,ORD-01313,Carrier B,2025-06-06,2025-06-11,2025-06-11
SHP-ORD-01314,ORD-01314,Carrier B,2025-06-06,2025-06-11,2025-06-13
SHP-ORD-01315,ORD-01315,DHL,2025-06-06,2025-06-11,2025-06-12
SHP-ORD-01316,ORD-01316,DHL,2025-06-06,2025-06-11,2025-06-12
SHP-ORD-01317,ORD-01317,DHL,2025-06-06,2025-06-11,2025-06-13
SHP-ORD-01318,ORD-01318,FedEx,2025-06-06,2025-06-11,2025-06-11
SHP-ORD-01319,ORD-01319,DHL,2025-06-06,2025-06-11,2025-06-11
SHP-ORD-01320,ORD-01320,Carrier B,2025-06-06,2025-06-11,2025-06-12
SHP-ORD-01321,ORD-01321,FedEx,2025-06-06,2025-06-11,2025-06-13
SHP-ORD-01322,ORD-01322,FedEx,2025-06-06,2025-06-11,2025-06-13
SHP-ORD-01323,ORD-01323,DHL,2025-06-06,2025-06-11,2025-06-12
SHP-ORD-01324,ORD-01324,DHL,2025-06-06,2025-06-11,2025-06-12
SHP-ORD-01325,ORD-01325,FedEx,2025-06-06,2025-06-11,2025-06-13
SHP-ORD-01326,ORD-01326,FedEx,2025-06-06,2025-06-11,2025-06-13
SHP-ORD-01327,ORD-01327,FedEx,2025-06-06,2025-06-11,2025-06-11
SHP-ORD-01328,ORD-01328,DHL,2025-06-06,2025-06-11,2025-06-11
SHP-ORD-01329,ORD-01329,FedEx,2025-06-07,2025-06-12,2025-06-14
SHP-ORD-01330,ORD-01330,DHL,2025-06-07,2025-06-12,2025-06-13
SHP-ORD-01331,ORD-01331,FedEx,2025-06-07,2025-06-12,2025-06-14
SHP-ORD-01332,ORD-01332,DHL,2025-06-07,2025-06-12,2025-06-14
SHP-ORD-01333,ORD-01333,Carrier B,2025-06-07,2025-06-12,2025-06-13
SHP-ORD-01334,ORD-01334,FedEx,2025-06-07,2025-06-12,2025-06-14
SHP-ORD-01335,ORD-01335,FedEx,2025-06-07,2025-06-12,2025-06-13
SHP-ORD-01336,ORD-01336,Carrier B,2025-06-07,2025-06-12,2025-06-13
SHP-ORD-01337,ORD-01337,FedEx,2025-06-07,2025-06-12,2025-06-14
SHP-ORD-01338,ORD-01338,FedEx,2025-06-07,2025-06-12,2025-06-14
SHP-ORD-01339,ORD-01339,Carrier B,2025-06-07,2025-06-12,2025-06-14
SHP-ORD-01340,ORD-01340,Carrier B,2025-06-07,2025-06-12,2025-06-14
SHP-ORD-01341,ORD-01341,DHL,2025-06-07,2025-06-12,2025-06-13
SHP-ORD-01342,ORD-01342,FedEx,2025-06-07,2025-06-12,2025-06-12
SHP-ORD-01343,ORD-01343,FedEx,2025-06-07,2025-06-12,2025-06-13
SHP-ORD-01344,ORD-01344,FedEx,2025-06-08,2025-06-13,2025-06-14
SHP-ORD-01345,ORD-01345,DHL,2025-06-08,2025-06-13,2025-06-15
SHP-ORD-01346,ORD-01346,DHL,2025-06-08,2025-06-13,2025-06-13
SHP-ORD-01347,ORD-01347,Carrier B,2025-06-08,2025-06-13,2025-06-13
SHP-ORD-01348,ORD-01348,FedEx,2025-06-08,2025-06-13,2025-06-13
SHP-ORD-01349,ORD-01349,DHL,2025-06-08,2025-06-13,2025-06-14
SHP-ORD-01350,ORD-01350,FedEx,2025-06-08,2025-06-13,2025-06-15
SHP-ORD-01351,ORD-01351,FedEx,2025-06-08,2025-06-13,2025-06-14
SHP-ORD-01352,ORD-01352,DHL,2025-06-08,2025-06-13,2025-06-13
SHP-ORD-01353,ORD-01353,FedEx,2025-06-08,2025-06-13,2025-06-13
SHP-ORD-01354,ORD-01354,DHL,2025-06-08,2025-06-13,2025-06-15
SHP-ORD-01355,ORD-01355,DHL,2025-06-08,2025-06-13,2025-06-14
SHP-ORD-01356,ORD-01356,Carrier B,2025-06-08,2025-06-13,2025-06-14
SHP-ORD-01357,ORD-01357,DHL,2025-06-08,2025-06-13,2025-06-15
SHP-ORD-01358,ORD-01358,Carrier B,2025-06-08,2025-06-13,2025-06-14
SHP-ORD-01359,ORD-01359,DHL,2025-06-08,2025-06-13,2025-06-13
SHP-ORD-01360,ORD-01360,FedEx,2025-06-08,2025-06-13,2025-06-15
SHP-ORD-01361,ORD-01361,DHL,2025-06-08,2025-06-13,2025-06-14
SHP-ORD-01362,ORD-01362,DHL,2025-06-08,2025-06-13,2025-06-14
SHP-ORD-01363,ORD-01363,DHL,2025-06-08,2025-06-13,2025-06-14
SHP-ORD-01364,ORD-01364,DHL,2025-06-08,2025-06-13,2025-06-15
SHP-ORD-01365,ORD-01365,FedEx,2025-06-08,2025-06-13,2025-06-14
SHP-ORD-01366,ORD-01366,FedEx,2025-06-08,2025-06-13,2025-06-15
SHP-ORD-01367,ORD-01367,FedEx,2025-06-08,2025-06-13,2025-06-15
SHP-ORD-01368,ORD-01368,DHL,2025-06-08,2025-06-13,2025-06-13
SHP-ORD-01369,ORD-01369,DHL,2025-06-09,2025-06-14,2025-06-14
SHP-ORD-01370,ORD-01370,DHL,2025-06-09,2025-06-14,2025-06-15
SHP-ORD-01371,ORD-01371,FedEx,2025-06-09,2025-06-14,2025-06-16
SHP-ORD-01372,ORD-01372,FedEx,2025-06-09,2025-06-14,2025-06-16
SHP-ORD-01373,ORD-01373,DHL,2025-06-09,2025-06-14,2025-06-15
SHP-ORD-01374,ORD-01374,DHL,2025-06-09,2025-06-14,2025-06-15
SHP-ORD-01375,ORD-01375,DHL,2025-06-09,2025-06-14,2025-06-14
SHP-ORD-01376,ORD-01376,DHL,2025-06-09,2025-06-14,2025-06-15
SHP-ORD-01377,ORD-01377,FedEx,2025-06-09,2025-06-14,2025-06-15
SHP-ORD-01378,ORD-01378,DHL,2025-06-09,2025-06-14,2025-06-14
SHP-ORD-01379,ORD-01379,Carrier B,2025-06-09,2025-06-14,2025-06-15
SHP-ORD-01380,ORD-01380,DHL,2025-06-10,2025-06-15,2025-06-15
SHP-ORD-01381,ORD-01381,DHL,2025-06-10,2025-06-15,2025-06-16
SHP-ORD-01382,ORD-01382,DHL,2025-06-10,2025-06-15,2025-06-15
SHP-ORD-01383,ORD-01383,DHL,2025-06-10,2025-06-15,2025-06-16
SHP-ORD-01384,ORD-01384,DHL,2025-06-10,2025-06-15,2025-06-16
SHP-ORD-01385,ORD-01385,DHL,2025-06-10,2025-06-15,2025-06-17
SHP-ORD-01386,ORD-01386,DHL,2025-06-10,2025-06-15,2025-06-17
SHP-ORD-01387,ORD-01387,FedEx,2025-06-10,2025-06-15,2025-06-15
SHP-ORD-01388,ORD-01388,Carrier B,2025-06-10,2025-06-15,2025-06-16
SHP-ORD-01389,ORD-01389,DHL,2025-06-10,2025-06-15,2025-06-15
SHP-ORD-01390,ORD-01390,FedEx,2025-06-10,2025-06-15,2025-06-17
SHP-ORD-01391,ORD-01391,DHL,2025-06-10,2025-06-15,2025-06-15
SHP-ORD-01392,ORD-01392,FedEx,2025-06-10,2025-06-15,2025-06-16
SHP-ORD-01393,ORD-01393,FedEx,2025-06-10,2025-06-15,2025-06-17
SHP-ORD-01394,ORD-01394,FedEx,2025-06-10,2025-06-15,2025-06-17
SHP-ORD-01395,ORD-01395,DHL,2025-06-10,2025-06-15,2025-06-16
SHP-ORD-01396,ORD-01396,Carrier B,2025-06-10,2025-06-15,2025-06-15
SHP-ORD-01397,ORD-01397,DHL,2025-06-10,2025-06-15,2025-06-16
SHP-ORD-01398,ORD-01398,DHL,2025-06-10,2025-06-15,2025-06-15
SHP-ORD-01399,ORD-01399,DHL,2025-06-10,2025-06-15,2025-06-16
SHP-ORD-01400,ORD-01400,FedEx,2025-06-10,2025-06-15,2025-06-16
SHP-ORD-01401,ORD-01401,FedEx,2025-06-10,2025-06-15,2025-06-16
SHP-ORD-01402,ORD-01402,DHL,2025-06-10,2025-06-15,2025-06-16
SHP-ORD-01403,ORD-01403,Carrier B,2025-06-10,2025-06-15,2025-06-15
SHP-ORD-01404,ORD-01404,DHL,2025-06-10,2025-06-15,2025-06-15
SHP-ORD-01405,ORD-01405,DHL,2025-06-10,2025-06-15,2025-06-17
SHP-ORD-01406,ORD-01406,Carrier B,2025-06-11,2025-06-16,2025-06-16
SHP-ORD-01407,ORD-01407,FedEx,2025-06-11,2025-06-16,2025-06-16
SHP-ORD-01408,ORD-01408,DHL,2025-06-11,2025-06-16,2025-06-18
SHP-ORD-01409,ORD-01409,DHL,2025-06-11,2025-06-16,2025-06-18
SHP-ORD-01410,ORD-01410,DHL,2025-06-11,2025-06-16,2025-06-16
SHP-ORD-01411,ORD-01411,FedEx,2025-06-11,2025-06-16,2025-06-16
SHP-ORD-01412,ORD-01412,DHL,2025-06-11,2025-06-16,2025-06-16
SHP-ORD-01413,ORD-01413,DHL,2025-06-11,2025-06-16,2025-06-18
SHP-ORD-01414,ORD-01414,FedEx,2025-06-11,2025-06-16,2025-06-16
SHP-ORD-01415,ORD-01415,DHL,2025-06-11,2025-06-16,2025-06-16
SHP-ORD-01416,ORD-01416,FedEx,2025-06-11,2025-06-16,2025-06-18
SHP-ORD-01417,ORD-01417,Carrier B,2025-06-11,2025-06-16,2025-06-18
SHP-ORD-01418,ORD-01418,DHL,2025-06-11,2025-06-16,2025-06-17
SHP-ORD-01419,ORD-01419,Carrier B,2025-06-11,2025-06-16,2025-06-18
SHP-ORD-01420,ORD-01420,FedEx,2025-06-11,2025-06-16,2025-06-17
SHP-ORD-01421,ORD-01421,FedEx,2025-06-11,2025-06-16,2025-06-16
SHP-ORD-01422,ORD-01422,FedEx,2025-06-11,2025-06-16,2025-06-18
SHP-ORD-01423,ORD-01423,FedEx,2025-06-11,2025-06-16,2025-06-18
SHP-ORD-01424,ORD-01424,FedEx,2025-06-11,2025-06-16,2025-06-16
SHP-ORD-01425,ORD-01425,DHL,2025-06-11,2025-06-16,2025-06-16
SHP-ORD-01426,ORD-01426,FedEx,2025-06-11,2025-06-16,2025-06-18
SHP-ORD-01427,ORD-01427,DHL,2025-06-11,2025-06-16,2025-06-17
SHP-ORD-01428,ORD-01428,FedEx,2025-06-11,2025-06-16,2025-06-17
SHP-ORD-01429,ORD-01429,DHL,2025-06-12,2025-06-17,2025-06-17
SHP-ORD-01430,ORD-01430,DHL,2025-06-12,2025-06-17,2025-06-19
SHP-ORD-01431,ORD-01431,DHL,2025-06-12,2025-06-17,2025-06-18
SHP-ORD-01432,ORD-01432,Carrier B,2025-06-12,2025-06-17,2025-06-19
SHP-ORD-01433,ORD-01433,FedEx,2025-06-12,2025-06-17,2025-06-19
SHP-ORD-01434,ORD-01434,DHL,2025-06-12,2025-06-17,2025-06-17
SHP-ORD-01435,ORD-01435,DHL,2025-06-12,2025-06-17,2025-06-19
SHP-ORD-01436,ORD-01436,DHL,2025-06-12,2025-06-17,2025-06-17
SHP-ORD-01437,ORD-01437,DHL,2025-06-12,2025-06-17,2025-06-18
SHP-ORD-01438,ORD-01438,DHL,2025-06-12,2025-06-17,2025-06-17
SHP-ORD-01439,ORD-01439,DHL,2025-06-12,2025-06-17,2025-06-17
SHP-ORD-01440,ORD-01440,DHL,2025-06-12,2025-06-17,2025-06-19
SHP-ORD-01441,ORD-01441,Carrier B,2025-06-12,2025-06-17,2025-06-18
SHP-ORD-01442,ORD-01442,Carrier B,2025-06-12,2025-06-17,2025-06-17
SHP-ORD-01443,ORD-01443,FedEx,2025-06-12,2025-06-17,2025-06-19
SHP-ORD-01444,ORD-01444,FedEx,2025-06-12,2025-06-17,2025-06-17
SHP-ORD-01445,ORD-01445,Carrier B,2025-06-12,2025-06-17,2025-06-17
SHP-ORD-01446,ORD-01446,Carrier B,2025-06-12,2025-06-17,2025-06-17
SHP-ORD-01447,ORD-01447,FedEx,2025-06-12,2025-06-17,2025-06-18
SHP-ORD-01448,ORD-01448,FedEx,2025-06-13,2025-06-18,2025-06-20
SHP-ORD-01449,ORD-01449,Carrier B,2025-06-13,2025-06-18,2025-06-19
SHP-ORD-01450,ORD-01450,DHL,2025-06-13,2025-06-18,2025-06-20
SHP-ORD-01451,ORD-01451,FedEx,2025-06-13,2025-06-18,2025-06-19
SHP-ORD-01452,ORD-01452,DHL,2025-06-13,2025-06-18,2025-06-18
SHP-ORD-01453,ORD-01453,Carrier B,2025-06-13,2025-06-18,2025-06-20
SHP-ORD-01454,ORD-01454,Carrier B,2025-06-13,2025-06-18,2025-06-19
SHP-ORD-01455,ORD-01455,DHL,2025-06-13,2025-06-18,2025-06-19
SHP-ORD-01456,ORD-01456,DHL,2025-06-13,2025-06-18,2025-06-18
SHP-ORD-01457,ORD-01457,FedEx,2025-06-13,2025-06-18,2025-06-18
SHP-ORD-01458,ORD-01458,Carrier B,2025-06-13,2025-06-18,2025-06-19
SHP-ORD-01459,ORD-01459,FedEx,2025-06-13,2025-06-18,2025-06-20
SHP-ORD-01460,ORD-01460,Carrier B,2025-06-13,2025-06-18,2025-06-19
SHP-ORD-01461,ORD-01461,FedEx,2025-06-13,2025-06-18,2025-06-19
SHP-ORD-01462,ORD-01462,Carrier B,2025-06-13,2025-06-18,2025-06-19
SHP-ORD-01463,ORD-01463,FedEx,2025-06-13,2025-06-18,2025-06-20
SHP-ORD-01464,ORD-01464,DHL,2025-06-13,2025-06-18,2025-06-19
SHP-ORD-01465,ORD-01465,FedEx,2025-06-13,2025-06-18,2025-06-19
SHP-ORD-01466,ORD-01466,DHL,2025-06-13,2025-06-18,2025-06-19
SHP-ORD-01467,ORD-01467,Carrier B,2025-06-13,2025-06-18,2025-06-20
SHP-ORD-01468,ORD-01468,DHL,2025-06-13,2025-06-18,2025-06-18
SHP-ORD-01469,ORD-01469,DHL,2025-06-13,2025-06-18,2025-06-18
SHP-ORD-01470,ORD-01470,FedEx,2025-06-13,2025-06-18,2025-06-19
SHP-ORD-01471,ORD-01471,Carrier B,2025-06-13,2025-06-18,2025-06-18
SHP-ORD-01472,ORD-01472,DHL,2025-06-13,2025-06-18,2025-06-19
SHP-ORD-01473,ORD-01473,DHL,2025-06-13,2025-06-18,2025-06-18
SHP-ORD-01474,ORD-01474,DHL,2025-06-13,2025-06-18,2025-06-20
SHP-ORD-01475,ORD-01475,DHL,2025-06-14,2025-06-19,2025-06-19
SHP-ORD-01476,ORD-01476,DHL,2025-06-14,2025-06-19,2025-06-19
SHP-ORD-01477,ORD-01477,DHL,2025-06-14,2025-06-19,2025-06-21
SHP-ORD-01478,ORD-01478,DHL,2025-06-14,2025-06-19,2025-06-19
SHP-ORD-01479,ORD-01479,Carrier B,2025-06-14,2025-06-19,2025-06-20
SHP-ORD-01480,ORD-01480,Carrier B,2025-06-14,2025-06-19,2025-06-21
SHP-ORD-01481,ORD-01481,FedEx,2025-06-14,2025-06-19,2025-06-21
SHP-ORD-01482,ORD-01482,FedEx,2025-06-14,2025-06-19,2025-06-21
SHP-ORD-01483,ORD-01483,FedEx,2025-06-14,2025-06-19,2025-06-21
SHP-ORD-01484,ORD-01484,FedEx,2025-06-14,2025-06-19,2025-06-21
SHP-ORD-01485,ORD-01485,DHL,2025-06-14,2025-06-19,2025-06-21
SHP-ORD-01486,ORD-01486,Carrier B,2025-06-14,2025-06-19,2025-06-20
SHP-ORD-01487,ORD-01487,FedEx,2025-06-14,2025-06-19,2025-06-19
SHP-ORD-01488,ORD-01488,DHL,2025-06-14,2025-06-19,2025-06-20
SHP-ORD-01489,ORD-01489,Carrier B,2025-06-14,2025-06-19,2025-06-21
SHP-ORD-01490,ORD-01490,Carrier B,2025-06-14,2025-06-19,2025-06-19
SHP-ORD-01491,ORD-01491,DHL,2025-06-14,2025-06-19,2025-06-21
SHP-ORD-01492,ORD-01492,DHL,2025-06-14,2025-06-19,2025-06-21
SHP-ORD-01493,ORD-01493,DHL,2025-06-14,2025-06-19,2025-06-19
SHP-ORD-01494,ORD-01494,FedEx,2025-06-14,2025-06-19,2025-06-20
SHP-ORD-01495,ORD-01495,FedEx,2025-06-14,2025-06-19,2025-06-21
SHP-ORD-01496,ORD-01496,FedEx,2025-06-14,2025-06-19,2025-06-19
SHP-ORD-01497,ORD-01497,FedEx,2025-06-15,2025-06-20,2025-06-20
SHP-ORD-01498,ORD-01498,Carrier B,2025-06-15,2025-06-20,2025-06-20
SHP-ORD-01499,ORD-01499,DHL,2025-06-15,2025-06-20,2025-06-22
SHP-ORD-01500,ORD-01500,DHL,2025-06-15,2025-06-20,2025-06-22
SHP-ORD-01501,ORD-01501,DHL,2025-06-15,2025-06-20,2025-06-22
SHP-ORD-01502,ORD-01502,FedEx,2025-06-15,2025-06-20,2025-06-22
SHP-ORD-01503,ORD-01503,DHL,2025-06-15,2025-06-20,2025-06-22
SHP-ORD-01504,ORD-01504,Carrier B,2025-06-15,2025-06-20,2025-06-22
SHP-ORD-01505,ORD-01505,FedEx,2025-06-15,2025-06-20,2025-06-21
SHP-ORD-01506,ORD-01506,FedEx,2025-06-15,2025-06-20,2025-06-22
SHP-ORD-01507,ORD-01507,DHL,2025-06-15,2025-06-20,2025-06-22
SHP-ORD-01508,ORD-01508,DHL,2025-06-15,2025-06-20,2025-06-20
SHP-ORD-01509,ORD-01509,DHL,2025-06-15,2025-06-20,2025-06-22
SHP-ORD-01510,ORD-01510,DHL,2025-06-15,2025-06-20,2025-06-20
SHP-ORD-01511,ORD-01511,DHL,2025-06-15,2025-06-20,2025-06-22
SHP-ORD-01512,ORD-01512,FedEx,2025-06-15,2025-06-20,2025-06-21
SHP-ORD-01513,ORD-01513,FedEx,2025-06-15,2025-06-20,2025-06-22
SHP-ORD-01514,ORD-01514,DHL,2025-06-15,2025-06-20,2025-06-22
SHP-ORD-01515,ORD-01515,Carrier B,2025-06-15,2025-06-20,2025-06-22
SHP-ORD-01516,ORD-01516,Carrier B,2025-06-15,2025-06-20,2025-06-21
SHP-ORD-01517,ORD-01517,Carrier B,2025-06-15,2025-06-20,2025-06-21
SHP-ORD-01518,ORD-01518,DHL,2025-06-15,2025-06-20,2025-06-21
SHP-ORD-01519,ORD-01519,DHL,2025-06-15,2025-06-20,2025-06-20
SHP-ORD-01520,ORD-01520,DHL,2025-06-15,2025-06-20,2025-06-22
SHP-ORD-01521,ORD-01521,Carrier B,2025-06-15,2025-06-20,2025-06-21
SHP-ORD-01522,ORD-01522,FedEx,2025-06-15,2025-06-20,2025-06-20
SHP-ORD-01523,ORD-01523,DHL,2025-06-15,2025-06-20,2025-06-21
SHP-ORD-01524,ORD-01524,DHL,2025-06-15,2025-06-20,2025-06-20
SHP-ORD-01525,ORD-01525,DHL,2025-06-15,2025-06-20,2025-06-21
SHP-ORD-01526,ORD-01526,FedEx,2025-06-15,2025-06-20,2025-06-20
SHP-ORD-01527,ORD-01527,DHL,2025-06-16,2025-06-21,2025-06-22
SHP-ORD-01528,ORD-01528,DHL,2025-06-16,2025-06-21,2025-06-22
SHP-ORD-01529,ORD-01529,DHL,2025-06-16,2025-06-21,2025-06-23
SHP-ORD-01530,ORD-01530,DHL,2025-06-16,2025-06-21,2025-06-21
SHP-ORD-01531,ORD-01531,FedEx,2025-06-16,2025-06-21,2025-06-23
SHP-ORD-01532,ORD-01532,Carrier B,2025-06-16,2025-06-21,2025-06-21
SHP-ORD-01533,ORD-01533,DHL,2025-06-16,2025-06-21,2025-06-22
SHP-ORD-01534,ORD-01534,DHL,2025-06-16,2025-06-21,2025-06-23
SHP-ORD-01535,ORD-01535,FedEx,2025-06-16,2025-06-21,2025-06-22
SHP-ORD-01536,ORD-01536,FedEx,2025-06-16,2025-06-21,2025-06-22
SHP-ORD-01537,ORD-01537,DHL,2025-06-16,2025-06-21,2025-06-21
SHP-ORD-01538,ORD-01538,DHL,2025-06-16,2025-06-21,2025-06-22
SHP-ORD-01539,ORD-01539,DHL,2025-06-16,2025-06-21,2025-06-23
SHP-ORD-01540,ORD-01540,FedEx,2025-06-16,2025-06-21,2025-06-23
SHP-ORD-01541,ORD-01541,Carrier B,2025-06-16,2025-06-21,2025-06-21
SHP-ORD-01542,ORD-01542,DHL,2025-06-16,2025-06-21,2025-06-22
SHP-ORD-01543,ORD-01543,FedEx,2025-06-16,2025-06-21,2025-06-23
SHP-ORD-01544,ORD-01544,DHL,2025-06-16,2025-06-21,2025-06-22
SHP-ORD-01545,ORD-01545,Carrier B,2025-06-16,2025-06-21,2025-06-23
SHP-ORD-01546,ORD-01546,DHL,2025-06-16,2025-06-21,2025-06-21
SHP-ORD-01547,ORD-01547,FedEx,2025-06-16,2025-06-21,2025-06-22
SHP-ORD-01548,ORD-01548,DHL,2025-06-16,2025-06-21,2025-06-22
SHP-ORD-01549,ORD-01549,FedEx,2025-06-16,2025-06-21,2025-06-21
SHP-ORD-01550,ORD-01550,FedEx,2025-06-16,2025-06-21,2025-06-23
SHP-ORD-01551,ORD-01551,FedEx,2025-06-16,2025-06-21,2025-06-21
SHP-ORD-01552,ORD-01552,DHL,2025-06-16,2025-06-21,2025-06-23
SHP-ORD-01553,ORD-01553,FedEx,2025-06-16,2025-06-21,2025-06-21
SHP-ORD-01554,ORD-01554,Carrier B,2025-06-17,2025-06-22,2025-06-23
SHP-ORD-01555,ORD-01555,FedEx,2025-06-17,2025-06-22,2025-06-24
SHP-ORD-01556,ORD-01556,FedEx,2025-06-17,2025-06-22,2025-06-24
SHP-ORD-01557,ORD-01557,DHL,2025-06-17,2025-06-22,2025-06-24
SHP-ORD-01558,ORD-01558,FedEx,2025-06-17,2025-06-22,2025-06-22
SHP-ORD-01559,ORD-01559,DHL,2025-06-17,2025-06-22,2025-06-24
SHP-ORD-01560,ORD-01560,FedEx,2025-06-17,2025-06-22,2025-06-23
SHP-ORD-01561,ORD-01561,FedEx,2025-06-17,2025-06-22,2025-06-23
SHP-ORD-01562,ORD-01562,FedEx,2025-06-17,2025-06-22,2025-06-23
SHP-ORD-01563,ORD-01563,DHL,2025-06-17,2025-06-22,2025-06-23
SHP-ORD-01564,ORD-01564,FedEx,2025-06-17,2025-06-22,2025-06-22
SHP-ORD-01565,ORD-01565,DHL,2025-06-17,2025-06-22,2025-06-22
SHP-ORD-01566,ORD-01566,DHL,2025-06-17,2025-06-22,2025-06-23
SHP-ORD-01567,ORD-01567,DHL,2025-06-17,2025-06-22,2025-06-23
SHP-ORD-01568,ORD-01568,DHL,2025-06-17,2025-06-22,2025-06-24
SHP-ORD-01569,ORD-01569,DHL,2025-06-17,2025-06-22,2025-06-22
SHP-ORD-01570,ORD-01570,Carrier B,2025-06-17,2025-06-22,2025-06-24
SHP-ORD-01571,ORD-01571,FedEx,2025-06-17,2025-06-22,2025-06-23
SHP-ORD-01572,ORD-01572,FedEx,2025-06-17,2025-06-22,2025-06-24
SHP-ORD-01573,ORD-01573,FedEx,2025-06-18,2025-06-23,2025-06-23
SHP-ORD-01574,ORD-01574,FedEx,2025-06-18,2025-06-23,2025-06-23
SHP-ORD-01575,ORD-01575,FedEx,2025-06-18,2025-06-23,2025-06-24
SHP-ORD-01576,ORD-01576,DHL,2025-06-18,2025-06-23,2025-06-23
SHP-ORD-01577,ORD-01577,DHL,2025-06-18,2025-06-23,2025-06-23
SHP-ORD-01578,ORD-01578,Carrier B,2025-06-18,2025-06-23,2025-06-23
SHP-ORD-01579,ORD-01579,FedEx,2025-06-18,2025-06-23,2025-06-24
SHP-ORD-01580,ORD-01580,FedEx,2025-06-18,2025-06-23,2025-06-24
SHP-ORD-01581,ORD-01581,Carrier B,2025-06-18,2025-06-23,2025-06-25
SHP-ORD-01582,ORD-01582,Carrier B,2025-06-18,2025-06-23,2025-06-25
SHP-ORD-01583,ORD-01583,DHL,2025-06-18,2025-06-23,2025-06-24
SHP-ORD-01584,ORD-01584,DHL,2025-06-18,2025-06-23,2025-06-25
SHP-ORD-01585,ORD-01585,Carrier B,2025-06-18,2025-06-23,2025-06-23
SHP-ORD-01586,ORD-01586,DHL,2025-06-18,2025-06-23,2025-06-23
SHP-ORD-01587,ORD-01587,FedEx,2025-06-18,2025-06-23,2025-06-23
SHP-ORD-01588,ORD-01588,Carrier B,2025-06-18,2025-06-23,2025-06-24
SHP-ORD-01589,ORD-01589,DHL,2025-06-18,2025-06-23,2025-06-23
SHP-ORD-01590,ORD-01590,FedEx,2025-06-18,2025-06-23,2025-06-25
SHP-ORD-01591,ORD-01591,DHL,2025-06-18,2025-06-23,2025-06-23
SHP-ORD-01592,ORD-01592,DHL,2025-06-18,2025-06-23,2025-06-23
SHP-ORD-01593,ORD-01593,Carrier B,2025-06-18,2025-06-23,2025-06-23
SHP-ORD-01594,ORD-01594,FedEx,2025-06-18,2025-06-23,2025-06-25
SHP-ORD-01595,ORD-01595,Carrier B,2025-06-18,2025-06-23,2025-06-25
SHP-ORD-01596,ORD-01596,DHL,2025-06-18,2025-06-23,2025-06-24
SHP-ORD-01597,ORD-01597,DHL,2025-06-18,2025-06-23,2025-06-24
SHP-ORD-01598,ORD-01598,FedEx,2025-06-18,2025-06-23,2025-06-24
SHP-ORD-01599,ORD-01599,DHL,2025-06-18,2025-06-23,2025-06-23
SHP-ORD-01600,ORD-01600,Carrier B,2025-06-19,2025-06-24,2025-06-25
SHP-ORD-01601,ORD-01601,FedEx,2025-06-19,2025-06-24,2025-06-26
SHP-ORD-01602,ORD-01602,FedEx,2025-06-19,2025-06-24,2025-06-26
SHP-ORD-01603,ORD-01603,DHL,2025-06-19,2025-06-24,2025-06-24
SHP-ORD-01604,ORD-01604,DHL,2025-06-19,2025-06-24,2025-06-26
SHP-ORD-01605,ORD-01605,FedEx,2025-06-19,2025-06-24,2025-06-25
SHP-ORD-01606,ORD-01606,DHL,2025-06-19,2025-06-24,2025-06-24
SHP-ORD-01607,ORD-01607,DHL,2025-06-19,2025-06-24,2025-06-25
SHP-ORD-01608,ORD-01608,FedEx,2025-06-19,2025-06-24,2025-06-25
SHP-ORD-01609,ORD-01609,DHL,2025-06-19,2025-06-24,2025-06-26
SHP-ORD-01610,ORD-01610,FedEx,2025-06-19,2025-06-24,2025-06-26
SHP-ORD-01611,ORD-01611,DHL,2025-06-20,2025-06-25,2025-06-27
SHP-ORD-01612,ORD-01612,DHL,2025-06-20,2025-06-25,2025-06-25
SHP-ORD-01613,ORD-01613,DHL,2025-06-20,2025-06-25,2025-06-27
SHP-ORD-01614,ORD-01614,FedEx,2025-06-20,2025-06-25,2025-06-25
SHP-ORD-01615,ORD-01615,FedEx,2025-06-20,2025-06-25,2025-06-25
SHP-ORD-01616,ORD-01616,Carrier B,2025-06-20,2025-06-25,2025-06-27
SHP-ORD-01617,ORD-01617,DHL,2025-06-20,2025-06-25,2025-06-26
SHP-ORD-01618,ORD-01618,DHL,2025-06-20,2025-06-25,2025-06-26
SHP-ORD-01619,ORD-01619,DHL,2025-06-20,2025-06-25,2025-06-26
SHP-ORD-01620,ORD-01620,DHL,2025-06-20,2025-06-25,2025-06-27
SHP-ORD-01621,ORD-01621,FedEx,2025-06-20,2025-06-25,2025-06-26
SHP-ORD-01622,ORD-01622,FedEx,2025-06-20,2025-06-25,2025-06-27
SHP-ORD-01623,ORD-01623,FedEx,2025-06-20,2025-06-25,2025-06-26
SHP-ORD-01624,ORD-01624,DHL,2025-06-20,2025-06-25,2025-06-26
SHP-ORD-01625,ORD-01625,FedEx,2025-06-20,2025-06-25,2025-06-26
SHP-ORD-01626,ORD-01626,FedEx,2025-06-20,2025-06-25,2025-06-27
SHP-ORD-01627,ORD-01627,DHL,2025-06-20,2025-06-25,2025-06-25
SHP-ORD-01628,ORD-01628,FedEx,2025-06-20,2025-06-25,2025-06-27
SHP-ORD-01629,ORD-01629,DHL,2025-06-20,2025-06-25,2025-06-25
SHP-ORD-01630,ORD-01630,FedEx,2025-06-21,2025-06-26,2025-06-28
SHP-ORD-01631,ORD-01631,FedEx,2025-06-21,2025-06-26,2025-06-28
SHP-ORD-01632,ORD-01632,DHL,2025-06-21,2025-06-26,2025-06-28
SHP-ORD-01633,ORD-01633,FedEx,2025-06-21,2025-06-26,2025-06-26
SHP-ORD-01634,ORD-01634,Carrier B,2025-06-21,2025-06-26,2025-06-26
SHP-ORD-01635,ORD-01635,DHL,2025-06-21,2025-06-26,2025-06-26
SHP-ORD-01636,ORD-01636,FedEx,2025-06-21,2025-06-26,2025-06-28
SHP-ORD-01637,ORD-01637,FedEx,2025-06-21,2025-06-26,2025-06-28
SHP-ORD-01638,ORD-01638,DHL,2025-06-21,2025-06-26,2025-06-27
SHP-ORD-01639,ORD-01639,FedEx,2025-06-21,2025-06-26,2025-06-28
SHP-ORD-01640,ORD-01640,FedEx,2025-06-21,2025-06-26,2025-06-28
SHP-ORD-01641,ORD-01641,DHL,2025-06-21,2025-06-26,2025-06-27
SHP-ORD-01642,ORD-01642,Carrier B,2025-06-21,2025-06-26,2025-06-27
SHP-ORD-01643,ORD-01643,DHL,2025-06-21,2025-06-26,2025-06-27
SHP-ORD-01644,ORD-01644,DHL,2025-06-22,2025-06-27,2025-06-28
SHP-ORD-01645,ORD-01645,Carrier B,2025-06-22,2025-06-27,2025-06-27
SHP-ORD-01646,ORD-01646,FedEx,2025-06-22,2025-06-27,2025-06-29
SHP-ORD-01647,ORD-01647,Carrier B,2025-06-22,2025-06-27,2025-06-29
SHP-ORD-01648,ORD-01648,DHL,2025-06-22,2025-06-27,2025-06-29
SHP-ORD-01649,ORD-01649,FedEx,2025-06-22,2025-06-27,2025-06-28
SHP-ORD-01650,ORD-01650,Carrier B,2025-06-22,2025-06-27,2025-06-27
SHP-ORD-01651,ORD-01651,FedEx,2025-06-22,2025-06-27,2025-06-27
SHP-ORD-01652,ORD-01652,FedEx,2025-06-22,2025-06-27,2025-06-28
SHP-ORD-01653,ORD-01653,DHL,2025-06-22,2025-06-27,2025-06-28
SHP-ORD-01654,ORD-01654,DHL,2025-06-22,2025-06-27,2025-06-28
SHP-ORD-01655,ORD-01655,FedEx,2025-06-22,2025-06-27,2025-06-27
SHP-ORD-01656,ORD-01656,FedEx,2025-06-23,2025-06-28,2025-06-30
SHP-ORD-01657,ORD-01657,DHL,2025-06-23,2025-06-28,2025-06-30
SHP-ORD-01658,ORD-01658,DHL,2025-06-23,2025-06-28,2025-06-30
SHP-ORD-01659,ORD-01659,DHL,2025-06-23,2025-06-28,2025-06-30
SHP-ORD-01660,ORD-01660,Carrier B,2025-06-23,2025-06-28,2025-06-30
SHP-ORD-01661,ORD-01661,FedEx,2025-06-23,2025-06-28,2025-06-29
SHP-ORD-01662,ORD-01662,FedEx,2025-06-23,2025-06-28,2025-06-29
SHP-ORD-01663,ORD-01663,DHL,2025-06-23,2025-06-28,2025-06-29
SHP-ORD-01664,ORD-01664,DHL,2025-06-23,2025-06-28,2025-06-29
SHP-ORD-01665,ORD-01665,FedEx,2025-06-23,2025-06-28,2025-06-29
SHP-ORD-01666,ORD-01666,FedEx,2025-06-23,2025-06-28,2025-06-28
SHP-ORD-01667,ORD-01667,Carrier B,2025-06-23,2025-06-28,2025-06-28
SHP-ORD-01668,ORD-01668,Carrier B,2025-06-23,2025-06-28,2025-06-28
SHP-ORD-01669,ORD-01669,DHL,2025-06-23,2025-06-28,2025-06-30
SHP-ORD-01670,ORD-01670,FedEx,2025-06-23,2025-06-28,2025-06-30
SHP-ORD-01671,ORD-01671,Carrier B,2025-06-23,2025-06-28,2025-06-28
SHP-ORD-01672,ORD-01672,Carrier B,2025-06-24,2025-06-29,2025-06-30
SHP-ORD-01673,ORD-01673,DHL,2025-06-24,2025-06-29,2025-07-01
SHP-ORD-01674,ORD-01674,Carrier B,2025-06-24,2025-06-29,2025-06-30
SHP-ORD-01675,ORD-01675,Carrier B,2025-06-24,2025-06-29,2025-07-01
SHP-ORD-01676,ORD-01676,Carrier B,2025-06-24,2025-06-29,2025-07-01
SHP-ORD-01677,ORD-01677,Carrier B,2025-06-24,2025-06-29,2025-06-30
SHP-ORD-01678,ORD-01678,DHL,2025-06-24,2025-06-29,2025-06-29
SHP-ORD-01679,ORD-01679,DHL,2025-06-24,2025-06-29,2025-06-30
SHP-ORD-01680,ORD-01680,DHL,2025-06-24,2025-06-29,2025-06-30
SHP-ORD-01681,ORD-01681,DHL,2025-06-24,2025-06-29,2025-06-29
SHP-ORD-01682,ORD-01682,DHL,2025-06-24,2025-06-29,2025-06-29
SHP-ORD-01683,ORD-01683,Carrier B,2025-06-24,2025-06-29,2025-06-30
SHP-ORD-01684,ORD-01684,DHL,2025-06-24,2025-06-29,2025-06-30
SHP-ORD-01685,ORD-01685,DHL,2025-06-24,2025-06-29,2025-06-30
SHP-ORD-01686,ORD-01686,DHL,2025-06-25,2025-06-30,2025-07-01
SHP-ORD-01687,ORD-01687,DHL,2025-06-25,2025-06-30,2025-06-30
SHP-ORD-01688,ORD-01688,DHL,2025-06-25,2025-06-30,2025-06-30
SHP-ORD-01689,ORD-01689,FedEx,2025-06-25,2025-06-30,2025-07-01
SHP-ORD-01690,ORD-01690,DHL,2025-06-25,2025-06-30,2025-07-01
SHP-ORD-01691,ORD-01691,FedEx,2025-06-25,2025-06-30,2025-07-02
SHP-ORD-01692,ORD-01692,FedEx,2025-06-25,2025-06-30,2025-06-30
SHP-ORD-01693,ORD-01693,DHL,2025-06-25,2025-06-30,2025-06-30
SHP-ORD-01694,ORD-01694,FedEx,2025-06-25,2025-06-30,2025-07-02
SHP-ORD-01695,ORD-01695,FedEx,2025-06-25,2025-06-30,2025-07-01
SHP-ORD-01696,ORD-01696,FedEx,2025-06-25,2025-06-30,2025-06-30
SHP-ORD-01697,ORD-01697,FedEx,2025-06-25,2025-06-30,2025-06-30
SHP-ORD-01698,ORD-01698,DHL,2025-06-25,2025-06-30,2025-06-30
SHP-ORD-01699,ORD-01699,DHL,2025-06-25,2025-06-30,2025-07-02
SHP-ORD-01700,ORD-01700,Carrier B,2025-06-25,2025-06-30,2025-07-02
SHP-ORD-01701,ORD-01701,FedEx,2025-06-26,2025-07-01,2025-07-01
SHP-ORD-01702,ORD-01702,FedEx,2025-06-26,2025-07-01,2025-07-01
SHP-ORD-01703,ORD-01703,FedEx,2025-06-26,2025-07-01,2025-07-03
SHP-ORD-01704,ORD-01704,DHL,2025-06-26,2025-07-01,2025-07-01
SHP-ORD-01705,ORD-01705,DHL,2025-06-26,2025-07-01,2025-07-03
SHP-ORD-01706,ORD-01706,Carrier B,2025-06-26,2025-07-01,2025-07-03
SHP-ORD-01707,ORD-01707,DHL,2025-06-26,2025-07-01,2025-07-01
SHP-ORD-01708,ORD-01708,DHL,2025-06-26,2025-07-01,2025-07-01
SHP-ORD-01709,ORD-01709,DHL,2025-06-26,2025-07-01,2025-07-02
SHP-ORD-01710,ORD-01710,Carrier B,2025-06-26,2025-07-01,2025-07-01
SHP-ORD-01711,ORD-01711,FedEx,2025-06-26,2025-07-01,2025-07-02
SHP-ORD-01712,ORD-01712,FedEx,2025-06-26,2025-07-01,2025-07-01
SHP-ORD-01713,ORD-01713,DHL,2025-06-26,2025-07-01,2025-07-02
SHP-ORD-01714,ORD-01714,DHL,2025-06-26,2025-07-01,2025-07-03
SHP-ORD-01715,ORD-01715,Carrier B,2025-06-26,2025-07-01,2025-07-02
SHP-ORD-01716,ORD-01716,DHL,2025-06-26,2025-07-01,2025-07-03
SHP-ORD-01717,ORD-01717,FedEx,2025-06-26,2025-07-01,2025-07-02
SHP-ORD-01718,ORD-01718,Carrier B,2025-06-26,2025-07-01,2025-07-03
SHP-ORD-01719,ORD-01719,Carrier B,2025-06-26,2025-07-01,2025-07-01
SHP-ORD-01720,ORD-01720,FedEx,2025-06-26,2025-07-01,2025-07-02
SHP-ORD-01721,ORD-01721,Carrier B,2025-06-26,2025-07-01,2025-07-02
SHP-ORD-01722,ORD-01722,FedEx,2025-06-26,2025-07-01,2025-07-01
SHP-ORD-01723,ORD-01723,FedEx,2025-06-26,2025-07-01,2025-07-03
SHP-ORD-01724,ORD-01724,Carrier B,2025-06-26,2025-07-01,2025-07-03
SHP-ORD-01725,ORD-01725,DHL,2025-06-27,2025-07-02,2025-07-02
SHP-ORD-01726,ORD-01726,FedEx,2025-06-27,2025-07-02,2025-07-03
SHP-ORD-01727,ORD-01727,FedEx,2025-06-27,2025-07-02,2025-07-03
SHP-ORD-01728,ORD-01728,DHL,2025-06-27,2025-07-02,2025-07-03
SHP-ORD-01729,ORD-01729,FedEx,2025-06-27,2025-07-02,2025-07-03
SHP-ORD-01730,ORD-01730,DHL,2025-06-27,2025-07-02,2025-07-02
SHP-ORD-01731,ORD-01731,DHL,2025-06-27,2025-07-02,2025-07-02
SHP-ORD-01732,ORD-01732,FedEx,2025-06-27,2025-07-02,2025-07-03
SHP-ORD-01733,ORD-01733,DHL,2025-06-27,2025-07-02,2025-07-04
SHP-ORD-01734,ORD-01734,Carrier B,2025-06-27,2025-07-02,2025-07-04
SHP-ORD-01735,ORD-01735,DHL,2025-06-27,2025-07-02,2025-07-02
SHP-ORD-01736,ORD-01736,FedEx,2025-06-27,2025-07-02,2025-07-03
SHP-ORD-01737,ORD-01737,FedEx,2025-06-27,2025-07-02,2025-07-02
SHP-ORD-01738,ORD-01738,DHL,2025-06-27,2025-07-02,2025-07-04
SHP-ORD-01739,ORD-01739,Carrier B,2025-06-27,2025-07-02,2025-07-02
SHP-ORD-01740,ORD-01740,FedEx,2025-06-27,2025-07-02,2025-07-04
SHP-ORD-01741,ORD-01741,FedEx,2025-06-27,2025-07-02,2025-07-02
SHP-ORD-01742,ORD-01742,DHL,2025-06-28,2025-07-03,2025-07-04
SHP-ORD-01743,ORD-01743,DHL,2025-06-28,2025-07-03,2025-07-03
SHP-ORD-01744,ORD-01744,FedEx,2025-06-28,2025-07-03,2025-07-05
SHP-ORD-01745,ORD-01745,Carrier B,2025-06-28,2025-07-03,2025-07-04
SHP-ORD-01746,ORD-01746,FedEx,2025-06-28,2025-07-03,2025-07-04
SHP-ORD-01747,ORD-01747,DHL,2025-06-28,2025-07-03,2025-07-04
SHP-ORD-01748,ORD-01748,DHL,2025-06-28,2025-07-03,2025-07-05
SHP-ORD-01749,ORD-01749,DHL,2025-06-28,2025-07-03,2025-07-05
SHP-ORD-01750,ORD-01750,FedEx,2025-06-28,2025-07-03,2025-07-05
SHP-ORD-01751,ORD-01751,DHL,2025-06-28,2025-07-03,2025-07-05
SHP-ORD-01752,ORD-01752,FedEx,2025-06-28,2025-07-03,2025-07-03
SHP-ORD-01753,ORD-01753,FedEx,2025-06-29,2025-07-04,2025-07-06
SHP-ORD-01754,ORD-01754,DHL,2025-06-29,2025-07-04,2025-07-06
SHP-ORD-01755,ORD-01755,DHL,2025-06-29,2025-07-04,2025-07-05
SHP-ORD-01756,ORD-01756,FedEx,2025-06-29,2025-07-04,2025-07-04
SHP-ORD-01757,ORD-01757,FedEx,2025-06-29,2025-07-04,2025-07-05
SHP-ORD-01758,ORD-01758,Carrier B,2025-06-29,2025-07-04,2025-07-04
SHP-ORD-01759,ORD-01759,Carrier B,2025-06-29,2025-07-04,2025-07-06
SHP-ORD-01760,ORD-01760,FedEx,2025-06-29,2025-07-04,2025-07-06
SHP-ORD-01761,ORD-01761,DHL,2025-06-29,2025-07-04,2025-07-05
SHP-ORD-01762,ORD-01762,DHL,2025-06-29,2025-07-04,2025-07-04
SHP-ORD-01763,ORD-01763,DHL,2025-06-29,2025-07-04,2025-07-06
SHP-ORD-01764,ORD-01764,Carrier B,2025-06-29,2025-07-04,2025-07-06
SHP-ORD-01765,ORD-01765,FedEx,2025-06-29,2025-07-04,2025-07-06
SHP-ORD-01766,ORD-01766,DHL,2025-06-29,2025-07-04,2025-07-04
SHP-ORD-01767,ORD-01767,DHL,2025-06-29,2025-07-04,2025-07-06
SHP-ORD-01768,ORD-01768,DHL,2025-06-29,2025-07-04,2025-07-06
SHP-ORD-01769,ORD-01769,DHL,2025-06-29,2025-07-04,2025-07-04
SHP-ORD-01770,ORD-01770,Carrier B,2025-06-29,2025-07-04,2025-07-04
SHP-ORD-01771,ORD-01771,FedEx,2025-06-29,2025-07-04,2025-07-04
SHP-ORD-01772,ORD-01772,FedEx,2025-06-29,2025-07-04,2025-07-06
SHP-ORD-01773,ORD-01773,FedEx,2025-06-29,2025-07-04,2025-07-05
SHP-ORD-01774,ORD-01774,Carrier B,2025-06-29,2025-07-04,2025-07-04
SHP-ORD-01775,ORD-01775,DHL,2025-06-29,2025-07-04,2025-07-06
SHP-ORD-01776,ORD-01776,DHL,2025-06-29,2025-07-04,2025-07-04
SHP-ORD-01777,ORD-01777,FedEx,2025-06-29,2025-07-04,2025-07-05
SHP-ORD-01778,ORD-01778,Carrier B,2025-06-29,2025-07-04,2025-07-05
SHP-ORD-01779,ORD-01779,Carrier B,2025-06-29,2025-07-04,2025-07-04
SHP-ORD-01780,ORD-01780,DHL,2025-06-29,2025-07-04,2025-07-05
SHP-ORD-01781,ORD-01781,FedEx,2025-06-30,2025-07-05,2025-07-05
SHP-ORD-01782,ORD-01782,FedEx,2025-06-30,2025-07-05,2025-07-07
SHP-ORD-01783,ORD-01783,DHL,2025-06-30,2025-07-05,2025-07-06
SHP-ORD-01784,ORD-01784,DHL,2025-06-30,2025-07-05,2025-07-06
SHP-ORD-01785,ORD-01785,FedEx,2025-06-30,2025-07-05,2025-07-05
SHP-ORD-01786,ORD-01786,DHL,2025-06-30,2025-07-05,2025-07-05
SHP-ORD-01787,ORD-01787,FedEx,2025-06-30,2025-07-05,2025-07-07
SHP-ORD-01788,ORD-01788,DHL,2025-06-30,2025-07-05,2025-07-05
SHP-ORD-01789,ORD-01789,DHL,2025-06-30,2025-07-05,2025-07-07
SHP-ORD-01790,ORD-01790,FedEx,2025-06-30,2025-07-05,2025-07-07
SHP-ORD-01791,ORD-01791,DHL,2025-06-30,2025-07-05,2025-07-07
SHP-ORD-01792,ORD-01792,FedEx,2025-06-30,2025-07-05,2025-07-05
SHP-ORD-01793,ORD-01793,FedEx,2025-06-30,2025-07-05,2025-07-05
SHP-ORD-01794,ORD-01794,Carrier B,2025-06-30,2025-07-05,2025-07-06
SHP-ORD-01795,ORD-01795,FedEx,2025-06-30,2025-07-05,2025-07-05
SHP-ORD-01796,ORD-01796,FedEx,2025-06-30,2025-07-05,2025-07-06
SHP-ORD-01797,ORD-01797,FedEx,2025-06-30,2025-07-05,2025-07-07
SHP-ORD-01798,ORD-01798,FedEx,2025-06-30,2025-07-05,2025-07-07
SHP-ORD-01799,ORD-01799,FedEx,2025-06-30,2025-07-05,2025-07-05
SHP-ORD-01800,ORD-01800,FedEx,2025-06-30,2025-07-05,2025-07-07
SHP-ORD-01801,ORD-01801,DHL,2025-06-30,2025-07-05,2025-07-05
SHP-ORD-01802,ORD-01802,FedEx,2025-06-30,2025-07-05,2025-07-05
SHP-ORD-01803,ORD-01803,DHL,2025-07-01,2025-07-06,2025-07-07
SHP-ORD-01804,ORD-01804,FedEx,2025-07-01,2025-07-06,2025-07-08
SHP-ORD-01805,ORD-01805,FedEx,2025-07-01,2025-07-06,2025-07-07
SHP-ORD-01806,ORD-01806,FedEx,2025-07-01,2025-07-06,2025-07-08
SHP-ORD-01807,ORD-01807,Carrier B,2025-07-01,2025-07-06,2025-07-07
SHP-ORD-01808,ORD-01808,DHL,2025-07-01,2025-07-06,2025-07-08
SHP-ORD-01809,ORD-01809,DHL,2025-07-01,2025-07-06,2025-07-08
SHP-ORD-01810,ORD-01810,FedEx,2025-07-01,2025-07-06,2025-07-06
SHP-ORD-01811,ORD-01811,Carrier B,2025-07-01,2025-07-06,2025-07-08
SHP-ORD-01812,ORD-01812,FedEx,2025-07-01,2025-07-06,2025-07-07
SHP-ORD-01813,ORD-01813,FedEx,2025-07-01,2025-07-06,2025-07-07
SHP-ORD-01814,ORD-01814,DHL,2025-07-01,2025-07-06,2025-07-08
SHP-ORD-01815,ORD-01815,FedEx,2025-07-01,2025-07-06,2025-07-08
SHP-ORD-01816,ORD-01816,Carrier B,2025-07-01,2025-07-06,2025-07-06
SHP-ORD-01817,ORD-01817,FedEx,2025-07-01,2025-07-06,2025-07-07
SHP-ORD-01818,ORD-01818,Carrier B,2025-07-01,2025-07-06,2025-07-06
SHP-ORD-01819,ORD-01819,DHL,2025-07-01,2025-07-06,2025-07-07
SHP-ORD-01820,ORD-01820,DHL,2025-07-01,2025-07-06,2025-07-08
SHP-ORD-01821,ORD-01821,FedEx,2025-07-01,2025-07-06,2025-07-07
SHP-ORD-01822,ORD-01822,FedEx,2025-07-01,2025-07-06,2025-07-07
SHP-ORD-01823,ORD-01823,Carrier B,2025-07-01,2025-07-06,2025-07-08
SHP-ORD-01824,ORD-01824,FedEx,2025-07-01,2025-07-06,2025-07-07
SHP-ORD-01825,ORD-01825,DHL,2025-07-02,2025-07-07,2025-07-09
SHP-ORD-01826,ORD-01826,Carrier B,2025-07-02,2025-07-07,2025-07-08
SHP-ORD-01827,ORD-01827,FedEx,2025-07-02,2025-07-07,2025-07-09
SHP-ORD-01828,ORD-01828,DHL,2025-07-02,2025-07-07,2025-07-08
SHP-ORD-01829,ORD-01829,DHL,2025-07-02,2025-07-07,2025-07-08
SHP-ORD-01830,ORD-01830,FedEx,2025-07-02,2025-07-07,2025-07-07
SHP-ORD-01831,ORD-01831,FedEx,2025-07-02,2025-07-07,2025-07-07
SHP-ORD-01832,ORD-01832,DHL,2025-07-02,2025-07-07,2025-07-07
SHP-ORD-01833,ORD-01833,FedEx,2025-07-02,2025-07-07,2025-07-08
SHP-ORD-01834,ORD-01834,DHL,2025-07-02,2025-07-07,2025-07-08
SHP-ORD-01835,ORD-01835,FedEx,2025-07-02,2025-07-07,2025-07-08
SHP-ORD-01836,ORD-01836,Carrier B,2025-07-02,2025-07-07,2025-07-08
SHP-ORD-01837,ORD-01837,FedEx,2025-07-02,2025-07-07,2025-07-07
SHP-ORD-01838,ORD-01838,DHL,2025-07-02,2025-07-07,2025-07-09
SHP-ORD-01839,ORD-01839,DHL,2025-07-02,2025-07-07,2025-07-08
SHP-ORD-01840,ORD-01840,FedEx,2025-07-02,2025-07-07,2025-07-07
SHP-ORD-01841,ORD-01841,FedEx,2025-07-03,2025-07-08,2025-07-08
SHP-ORD-01842,ORD-01842,DHL,2025-07-03,2025-07-08,2025-07-09
SHP-ORD-01843,ORD-01843,Carrier B,2025-07-03,2025-07-08,2025-07-09
SHP-ORD-01844,ORD-01844,FedEx,2025-07-03,2025-07-08,2025-07-10
SHP-ORD-01845,ORD-01845,DHL,2025-07-03,2025-07-08,2025-07-08
SHP-ORD-01846,ORD-01846,FedEx,2025-07-03,2025-07-08,2025-07-09
SHP-ORD-01847,ORD-01847,FedEx,2025-07-03,2025-07-08,2025-07-10
SHP-ORD-01848,ORD-01848,DHL,2025-07-03,2025-07-08,2025-07-09
SHP-ORD-01849,ORD-01849,Carrier B,2025-07-03,2025-07-08,2025-07-10
SHP-ORD-01850,ORD-01850,FedEx,2025-07-03,2025-07-08,2025-07-08
SHP-ORD-01851,ORD-01851,Carrier B,2025-07-03,2025-07-08,2025-07-09
SHP-ORD-01852,ORD-01852,FedEx,2025-07-03,2025-07-08,2025-07-09
SHP-ORD-01853,ORD-01853,DHL,2025-07-03,2025-07-08,2025-07-10
SHP-ORD-01854,ORD-01854,DHL,2025-07-03,2025-07-08,2025-07-09
SHP-ORD-01855,ORD-01855,DHL,2025-07-03,2025-07-08,2025-07-10
SHP-ORD-01856,ORD-01856,DHL,2025-07-03,2025-07-08,2025-07-08
SHP-ORD-01857,ORD-01857,FedEx,2025-07-03,2025-07-08,2025-07-08
SHP-ORD-01858,ORD-01858,DHL,2025-07-03,2025-07-08,2025-07-09
SHP-ORD-01859,ORD-01859,DHL,2025-07-03,2025-07-08,2025-07-09
SHP-ORD-01860,ORD-01860,FedEx,2025-07-03,2025-07-08,2025-07-10
SHP-ORD-01861,ORD-01861,Carrier B,2025-07-03,2025-07-08,2025-07-08
SHP-ORD-01862,ORD-01862,FedEx,2025-07-03,2025-07-08,2025-07-09
SHP-ORD-01863,ORD-01863,DHL,2025-07-03,2025-07-08,2025-07-08
SHP-ORD-01864,ORD-01864,FedEx,2025-07-03,2025-07-08,2025-07-10
SHP-ORD-01865,ORD-01865,FedEx,2025-07-04,2025-07-09,2025-07-10
SHP-ORD-01866,ORD-01866,FedEx,2025-07-04,2025-07-09,2025-07-10
SHP-ORD-01867,ORD-01867,DHL,2025-07-04,2025-07-09,2025-07-11
SHP-ORD-01868,ORD-01868,DHL,2025-07-04,2025-07-09,2025-07-10
SHP-ORD-01869,ORD-01869,FedEx,2025-07-04,2025-07-09,2025-07-10
SHP-ORD-01870,ORD-01870,FedEx,2025-07-04,2025-07-09,2025-07-10
SHP-ORD-01871,ORD-01871,FedEx,2025-07-04,2025-07-09,2025-07-10
SHP-ORD-01872,ORD-01872,DHL,2025-07-04,2025-07-09,2025-07-10
SHP-ORD-01873,ORD-01873,DHL,2025-07-04,2025-07-09,2025-07-10
SHP-ORD-01874,ORD-01874,FedEx,2025-07-04,2025-07-09,2025-07-10
SHP-ORD-01875,ORD-01875,FedEx,2025-07-04,2025-07-09,2025-07-09
SHP-ORD-01876,ORD-01876,DHL,2025-07-04,2025-07-09,2025-07-10
SHP-ORD-01877,ORD-01877,FedEx,2025-07-04,2025-07-09,2025-07-10
SHP-ORD-01878,ORD-01878,FedEx,2025-07-04,2025-07-09,2025-07-11
SHP-ORD-01879,ORD-01879,FedEx,2025-07-04,2025-07-09,2025-07-09
SHP-ORD-01880,ORD-01880,DHL,2025-07-04,2025-07-09,2025-07-10
SHP-ORD-01881,ORD-01881,DHL,2025-07-04,2025-07-09,2025-07-11
SHP-ORD-01882,ORD-01882,DHL,2025-07-04,2025-07-09,2025-07-09
SHP-ORD-01883,ORD-01883,FedEx,2025-07-04,2025-07-09,2025-07-10
SHP-ORD-01884,ORD-01884,DHL,2025-07-04,2025-07-09,2025-07-10
SHP-ORD-01885,ORD-01885,FedEx,2025-07-04,2025-07-09,2025-07-10
SHP-ORD-01886,ORD-01886,Carrier B,2025-07-04,2025-07-09,2025-07-09
SHP-ORD-01887,ORD-01887,DHL,2025-07-04,2025-07-09,2025-07-11
SHP-ORD-01888,ORD-01888,DHL,2025-07-04,2025-07-09,2025-07-09
SHP-ORD-01889,ORD-01889,FedEx,2025-07-04,2025-07-09,2025-07-11
SHP-ORD-01890,ORD-01890,FedEx,2025-07-04,2025-07-09,2025-07-09
SHP-ORD-01891,ORD-01891,DHL,2025-07-04,2025-07-09,2025-07-11
SHP-ORD-01892,ORD-01892,DHL,2025-07-04,2025-07-09,2025-07-09
SHP-ORD-01893,ORD-01893,FedEx,2025-07-04,2025-07-09,2025-07-11
SHP-ORD-01894,ORD-01894,Carrier B,2025-07-04,2025-07-09,2025-07-11
SHP-ORD-01895,ORD-01895,Carrier B,2025-07-05,2025-07-10,2025-07-11
SHP-ORD-01896,ORD-01896,DHL,2025-07-05,2025-07-10,2025-07-10
SHP-ORD-01897,ORD-01897,Carrier B,2025-07-05,2025-07-10,2025-07-12
SHP-ORD-01898,ORD-01898,FedEx,2025-07-05,2025-07-10,2025-07-12
SHP-ORD-01899,ORD-01899,FedEx,2025-07-05,2025-07-10,2025-07-10
SHP-ORD-01900,ORD-01900,FedEx,2025-07-05,2025-07-10,2025-07-12
SHP-ORD-01901,ORD-01901,DHL,2025-07-05,2025-07-10,2025-07-10
SHP-ORD-01902,ORD-01902,FedEx,2025-07-05,2025-07-10,2025-07-11
SHP-ORD-01903,ORD-01903,Carrier B,2025-07-05,2025-07-10,2025-07-10
SHP-ORD-01904,ORD-01904,FedEx,2025-07-05,2025-07-10,2025-07-12
SHP-ORD-01905,ORD-01905,FedEx,2025-07-05,2025-07-10,2025-07-11
SHP-ORD-01906,ORD-01906,Carrier B,2025-07-05,2025-07-10,2025-07-11
SHP-ORD-01907,ORD-01907,FedEx,2025-07-05,2025-07-10,2025-07-12
SHP-ORD-01908,ORD-01908,FedEx,2025-07-05,2025-07-10,2025-07-10
SHP-ORD-01909,ORD-01909,DHL,2025-07-05,2025-07-10,2025-07-12
SHP-ORD-01910,ORD-01910,FedEx,2025-07-05,2025-07-10,2025-07-10
SHP-ORD-01911,ORD-01911,FedEx,2025-07-05,2025-07-10,2025-07-12
SHP-ORD-01912,ORD-01912,FedEx,2025-07-05,2025-07-10,2025-07-10
SHP-ORD-01913,ORD-01913,DHL,2025-07-05,2025-07-10,2025-07-11
SHP-ORD-01914,ORD-01914,Carrier B,2025-07-05,2025-07-10,2025-07-12
SHP-ORD-01915,ORD-01915,Carrier B,2025-07-06,2025-07-11,2025-07-11
SHP-ORD-01916,ORD-01916,FedEx,2025-07-06,2025-07-11,2025-07-11
SHP-ORD-01917,ORD-01917,FedEx,2025-07-06,2025-07-11,2025-07-13
SHP-ORD-01918,ORD-01918,DHL,2025-07-06,2025-07-11,2025-07-12
SHP-ORD-01919,ORD-01919,Carrier B,2025-07-06,2025-07-11,2025-07-13
SHP-ORD-01920,ORD-01920,FedEx,2025-07-06,2025-07-11,2025-07-11
SHP-ORD-01921,ORD-01921,FedEx,2025-07-06,2025-07-11,2025-07-12
SHP-ORD-01922,ORD-01922,DHL,2025-07-06,2025-07-11,2025-07-11
SHP-ORD-01923,ORD-01923,Carrier B,2025-07-06,2025-07-11,2025-07-12
SHP-ORD-01924,ORD-01924,FedEx,2025-07-06,2025-07-11,2025-07-12
SHP-ORD-01925,ORD-01925,FedEx,2025-07-06,2025-07-11,2025-07-12
SHP-ORD-01926,ORD-01926,FedEx,2025-07-06,2025-07-11,2025-07-11
SHP-ORD-01927,ORD-01927,FedEx,2025-07-07,2025-07-12,2025-07-14
SHP-ORD-01928,ORD-01928,DHL,2025-07-07,2025-07-12,2025-07-14
SHP-ORD-01929,ORD-01929,DHL,2025-07-07,2025-07-12,2025-07-12
SHP-ORD-01930,ORD-01930,DHL,2025-07-07,2025-07-12,2025-07-12
SHP-ORD-01931,ORD-01931,FedEx,2025-07-07,2025-07-12,2025-07-12
SHP-ORD-01932,ORD-01932,FedEx,2025-07-07,2025-07-12,2025-07-12
SHP-ORD-01933,ORD-01933,FedEx,2025-07-07,2025-07-12,2025-07-14
SHP-ORD-01934,ORD-01934,FedEx,2025-07-07,2025-07-12,2025-07-12
SHP-ORD-01935,ORD-01935,DHL,2025-07-07,2025-07-12,2025-07-14
SHP-ORD-01936,ORD-01936,FedEx,2025-07-07,2025-07-12,2025-07-13
SHP-ORD-01937,ORD-01937,FedEx,2025-07-07,2025-07-12,2025-07-13
SHP-ORD-01938,ORD-01938,FedEx,2025-07-07,2025-07-12,2025-07-12
SHP-ORD-01939,ORD-01939,DHL,2025-07-07,2025-07-12,2025-07-12
SHP-ORD-01940,ORD-01940,DHL,2025-07-07,2025-07-12,2025-07-13
SHP-ORD-01941,ORD-01941,Carrier B,2025-07-07,2025-07-12,2025-07-13
SHP-ORD-01942,ORD-01942,FedEx,2025-07-07,2025-07-12,2025-07-12
SHP-ORD-01943,ORD-01943,DHL,2025-07-07,2025-07-12,2025-07-12
SHP-ORD-01944,ORD-01944,FedEx,2025-07-07,2025-07-12,2025-07-14
SHP-ORD-01945,ORD-01945,FedEx,2025-07-07,2025-07-12,2025-07-14
SHP-ORD-01946,ORD-01946,Carrier B,2025-07-07,2025-07-12,2025-07-12
SHP-ORD-01947,ORD-01947,FedEx,2025-07-07,2025-07-12,2025-07-12
SHP-ORD-01948,ORD-01948,DHL,2025-07-07,2025-07-12,2025-07-13
SHP-ORD-01949,ORD-01949,FedEx,2025-07-07,2025-07-12,2025-07-14
SHP-ORD-01950,ORD-01950,DHL,2025-07-07,2025-07-12,2025-07-12
SHP-ORD-01951,ORD-01951,DHL,2025-07-08,2025-07-13,2025-07-14
SHP-ORD-01952,ORD-01952,Carrier B,2025-07-08,2025-07-13,2025-07-15
SHP-ORD-01953,ORD-01953,Carrier B,2025-07-08,2025-07-13,2025-07-14
SHP-ORD-01954,ORD-01954,DHL,2025-07-08,2025-07-13,2025-07-13
SHP-ORD-01955,ORD-01955,FedEx,2025-07-08,2025-07-13,2025-07-15
SHP-ORD-01956,ORD-01956,DHL,2025-07-08,2025-07-13,2025-07-14
SHP-ORD-01957,ORD-01957,DHL,2025-07-08,2025-07-13,2025-07-13
SHP-ORD-01958,ORD-01958,FedEx,2025-07-08,2025-07-13,2025-07-13
SHP-ORD-01959,ORD-01959,DHL,2025-07-08,2025-07-13,2025-07-13
SHP-ORD-01960,ORD-01960,Carrier B,2025-07-08,2025-07-13,2025-07-15
SHP-ORD-01961,ORD-01961,DHL,2025-07-08,2025-07-13,2025-07-15
SHP-ORD-01962,ORD-01962,FedEx,2025-07-08,2025-07-13,2025-07-15
SHP-ORD-01963,ORD-01963,Carrier B,2025-07-08,2025-07-13,2025-07-15
SHP-ORD-01964,ORD-01964,FedEx,2025-07-08,2025-07-13,2025-07-14
SHP-ORD-01965,ORD-01965,FedEx,2025-07-08,2025-07-13,2025-07-13
SHP-ORD-01966,ORD-01966,DHL,2025-07-08,2025-07-13,2025-07-13
SHP-ORD-01967,ORD-01967,FedEx,2025-07-08,2025-07-13,2025-07-15
SHP-ORD-01968,ORD-01968,DHL,2025-07-08,2025-07-13,2025-07-15
SHP-ORD-01969,ORD-01969,FedEx,2025-07-08,2025-07-13,2025-07-15
SHP-ORD-01970,ORD-01970,FedEx,2025-07-08,2025-07-13,2025-07-13
SHP-ORD-01971,ORD-01971,FedEx,2025-07-08,2025-07-13,2025-07-13
SHP-ORD-01972,ORD-01972,Carrier B,2025-07-08,2025-07-13,2025-07-15
SHP-ORD-01973,ORD-01973,DHL,2025-07-08,2025-07-13,2025-07-15
SHP-ORD-01974,ORD-01974,FedEx,2025-07-08,2025-07-13,2025-07-14
SHP-ORD-01975,ORD-01975,FedEx,2025-07-08,2025-07-13,2025-07-13
SHP-ORD-01976,ORD-01976,FedEx,2025-07-09,2025-07-14,2025-07-16
SHP-ORD-01977,ORD-01977,DHL,2025-07-09,2025-07-14,2025-07-15
SHP-ORD-01978,ORD-01978,FedEx,2025-07-09,2025-07-14,2025-07-15
SHP-ORD-01979,ORD-01979,DHL,2025-07-09,2025-07-14,2025-07-15
SHP-ORD-01980,ORD-01980,DHL,2025-07-09,2025-07-14,2025-07-16
SHP-ORD-01981,ORD-01981,DHL,2025-07-09,2025-07-14,2025-07-16
SHP-ORD-01982,ORD-01982,DHL,2025-07-09,2025-07-14,2025-07-14
SHP-ORD-01983,ORD-01983,DHL,2025-07-09,2025-07-14,2025-07-15
SHP-ORD-01984,ORD-01984,FedEx,2025-07-09,2025-07-14,2025-07-15
SHP-ORD-01985,ORD-01985,DHL,2025-07-09,2025-07-14,2025-07-15
SHP-ORD-01986,ORD-01986,DHL,2025-07-09,2025-07-14,2025-07-14
SHP-ORD-01987,ORD-01987,FedEx,2025-07-09,2025-07-14,2025-07-14
SHP-ORD-01988,ORD-01988,Carrier B,2025-07-09,2025-07-14,2025-07-15
SHP-ORD-01989,ORD-01989,FedEx,2025-07-09,2025-07-14,2025-07-16
SHP-ORD-01990,ORD-01990,FedEx,2025-07-09,2025-07-14,2025-07-16
SHP-ORD-01991,ORD-01991,FedEx,2025-07-09,2025-07-14,2025-07-15
SHP-ORD-01992,ORD-01992,Carrier B,2025-07-10,2025-07-15,2025-07-16
SHP-ORD-01993,ORD-01993,DHL,2025-07-10,2025-07-15,2025-07-16
SHP-ORD-01994,ORD-01994,DHL,2025-07-10,2025-07-15,2025-07-16
SHP-ORD-01995,ORD-01995,FedEx,2025-07-10,2025-07-15,2025-07-15
SHP-ORD-01996,ORD-01996,DHL,2025-07-10,2025-07-15,2025-07-15
SHP-ORD-01997,ORD-01997,FedEx,2025-07-10,2025-07-15,2025-07-16
SHP-ORD-01998,ORD-01998,Carrier B,2025-07-10,2025-07-15,2025-07-17
SHP-ORD-01999,ORD-01999,FedEx,2025-07-10,2025-07-15,2025-07-16
SHP-ORD-02000,ORD-02000,FedEx,2025-07-10,2025-07-15,2025-07-16
SHP-ORD-02001,ORD-02001,FedEx,2025-07-10,2025-07-15,2025-07-16
SHP-ORD-02002,ORD-02002,Carrier B,2025-07-10,2025-07-15,2025-07-17
SHP-ORD-02003,ORD-02003,DHL,2025-07-10,2025-07-15,2025-07-17
SHP-ORD-02004,ORD-02004,DHL,2025-07-10,2025-07-15,2025-07-17
SHP-ORD-02005,ORD-02005,DHL,2025-07-10,2025-07-15,2025-07-15
SHP-ORD-02006,ORD-02006,Carrier B,2025-07-10,2025-07-15,2025-07-16
SHP-ORD-02007,ORD-02007,Carrier B,2025-07-10,2025-07-15,2025-07-15
SHP-ORD-02008,ORD-02008,DHL,2025-07-11,2025-07-16,2025-07-17
SHP-ORD-02009,ORD-02009,FedEx,2025-07-11,2025-07-16,2025-07-18
SHP-ORD-02010,ORD-02010,FedEx,2025-07-11,2025-07-16,2025-07-17
SHP-ORD-02011,ORD-02011,Carrier B,2025-07-11,2025-07-16,2025-07-17
SHP-ORD-02012,ORD-02012,DHL,2025-07-11,2025-07-16,2025-07-18
SHP-ORD-02013,ORD-02013,FedEx,2025-07-11,2025-07-16,2025-07-18
SHP-ORD-02014,ORD-02014,DHL,2025-07-11,2025-07-16,2025-07-16
SHP-ORD-02015,ORD-02015,Carrier B,2025-07-11,2025-07-16,2025-07-17
SHP-ORD-02016,ORD-02016,FedEx,2025-07-11,2025-07-16,2025-07-16
SHP-ORD-02017,ORD-02017,DHL,2025-07-11,2025-07-16,2025-07-18
SHP-ORD-02018,ORD-02018,Carrier B,2025-07-11,2025-07-16,2025-07-16
SHP-ORD-02019,ORD-02019,DHL,2025-07-11,2025-07-16,2025-07-17
SHP-ORD-02020,ORD-02020,FedEx,2025-07-11,2025-07-16,2025-07-16
SHP-ORD-02021,ORD-02021,Carrier B,2025-07-11,2025-07-16,2025-07-17
SHP-ORD-02022,ORD-02022,Carrier B,2025-07-11,2025-07-16,2025-07-17
SHP-ORD-02023,ORD-02023,Carrier B,2025-07-11,2025-07-16,2025-07-17
SHP-ORD-02024,ORD-02024,DHL,2025-07-11,2025-07-16,2025-07-18
SHP-ORD-02025,ORD-02025,FedEx,2025-07-11,2025-07-16,2025-07-16
SHP-ORD-02026,ORD-02026,Carrier B,2025-07-11,2025-07-16,2025-07-18
SHP-ORD-02027,ORD-02027,FedEx,2025-07-11,2025-07-16,2025-07-17
SHP-ORD-02028,ORD-02028,Carrier B,2025-07-12,2025-07-17,2025-07-18
SHP-ORD-02029,ORD-02029,Carrier B,2025-07-12,2025-07-17,2025-07-17
SHP-ORD-02030,ORD-02030,DHL,2025-07-12,2025-07-17,2025-07-19
SHP-ORD-02031,ORD-02031,Carrier B,2025-07-12,2025-07-17,2025-07-17
SHP-ORD-02032,ORD-02032,DHL,2025-07-12,2025-07-17,2025-07-17
SHP-ORD-02033,ORD-02033,FedEx,2025-07-12,2025-07-17,2025-07-19
SHP-ORD-02034,ORD-02034,DHL,2025-07-12,2025-07-17,2025-07-17
SHP-ORD-02035,ORD-02035,FedEx,2025-07-12,2025-07-17,2025-07-17
SHP-ORD-02036,ORD-02036,DHL,2025-07-12,2025-07-17,2025-07-18
SHP-ORD-02037,ORD-02037,FedEx,2025-07-12,2025-07-17,2025-07-19
SHP-ORD-02038,ORD-02038,DHL,2025-07-12,2025-07-17,2025-07-17
SHP-ORD-02039,ORD-02039,Carrier B,2025-07-12,2025-07-17,2025-07-17
SHP-ORD-02040,ORD-02040,Carrier B,2025-07-13,2025-07-18,2025-07-18
SHP-ORD-02041,ORD-02041,FedEx,2025-07-13,2025-07-18,2025-07-19
SHP-ORD-02042,ORD-02042,DHL,2025-07-13,2025-07-18,2025-07-20
SHP-ORD-02043,ORD-02043,DHL,2025-07-13,2025-07-18,2025-07-19
SHP-ORD-02044,ORD-02044,Carrier B,2025-07-13,2025-07-18,2025-07-20
SHP-ORD-02045,ORD-02045,DHL,2025-07-13,2025-07-18,2025-07-20
SHP-ORD-02046,ORD-02046,DHL,2025-07-13,2025-07-18,2025-07-20
SHP-ORD-02047,ORD-02047,Carrier B,2025-07-13,2025-07-18,2025-07-18
SHP-ORD-02048,ORD-02048,FedEx,2025-07-13,2025-07-18,2025-07-18
SHP-ORD-02049,ORD-02049,Carrier B,2025-07-13,2025-07-18,2025-07-19
SHP-ORD-02050,ORD-02050,Carrier B,2025-07-13,2025-07-18,2025-07-19
SHP-ORD-02051,ORD-02051,Carrier B,2025-07-13,2025-07-18,2025-07-19
SHP-ORD-02052,ORD-02052,FedEx,2025-07-13,2025-07-18,2025-07-19
SHP-ORD-02053,ORD-02053,DHL,2025-07-13,2025-07-18,2025-07-20
SHP-ORD-02054,ORD-02054,Carrier B,2025-07-13,2025-07-18,2025-07-19
SHP-ORD-02055,ORD-02055,FedEx,2025-07-13,2025-07-18,2025-07-18
SHP-ORD-02056,ORD-02056,DHL,2025-07-13,2025-07-18,2025-07-18
SHP-ORD-02057,ORD-02057,FedEx,2025-07-13,2025-07-18,2025-07-19
SHP-ORD-02058,ORD-02058,FedEx,2025-07-13,2025-07-18,2025-07-20
SHP-ORD-02059,ORD-02059,DHL,2025-07-13,2025-07-18,2025-07-20
SHP-ORD-02060,ORD-02060,DHL,2025-07-13,2025-07-18,2025-07-20
SHP-ORD-02061,ORD-02061,FedEx,2025-07-13,2025-07-18,2025-07-19
SHP-ORD-02062,ORD-02062,DHL,2025-07-13,2025-07-18,2025-07-18
SHP-ORD-02063,ORD-02063,DHL,2025-07-13,2025-07-18,2025-07-19
SHP-ORD-02064,ORD-02064,DHL,2025-07-14,2025-07-19,2025-07-21
SHP-ORD-02065,ORD-02065,DHL,2025-07-14,2025-07-19,2025-07-19
SHP-ORD-02066,ORD-02066,DHL,2025-07-14,2025-07-19,2025-07-21
SHP-ORD-02067,ORD-02067,DHL,2025-07-14,2025-07-19,2025-07-20
SHP-ORD-02068,ORD-02068,FedEx,2025-07-14,2025-07-19,2025-07-21
SHP-ORD-02069,ORD-02069,DHL,2025-07-14,2025-07-19,2025-07-20
SHP-ORD-02070,ORD-02070,DHL,2025-07-14,2025-07-19,2025-07-20
SHP-ORD-02071,ORD-02071,DHL,2025-07-14,2025-07-19,2025-07-21
SHP-ORD-02072,ORD-02072,FedEx,2025-07-14,2025-07-19,2025-07-19
SHP-ORD-02073,ORD-02073,DHL,2025-07-14,2025-07-19,2025-07-20
SHP-ORD-02074,ORD-02074,FedEx,2025-07-15,2025-07-20,2025-07-21
SHP-ORD-02075,ORD-02075,Carrier B,2025-07-15,2025-07-20,2025-07-22
SHP-ORD-02076,ORD-02076,FedEx,2025-07-15,2025-07-20,2025-07-21
SHP-ORD-02077,ORD-02077,Carrier B,2025-07-15,2025-07-20,2025-07-22
SHP-ORD-02078,ORD-02078,DHL,2025-07-15,2025-07-20,2025-07-22
SHP-ORD-02079,ORD-02079,DHL,2025-07-15,2025-07-20,2025-07-22
SHP-ORD-02080,ORD-02080,FedEx,2025-07-15,2025-07-20,2025-07-22
SHP-ORD-02081,ORD-02081,FedEx,2025-07-15,2025-07-20,2025-07-20
SHP-ORD-02082,ORD-02082,FedEx,2025-07-15,2025-07-20,2025-07-20
SHP-ORD-02083,ORD-02083,FedEx,2025-07-15,2025-07-20,2025-07-21
SHP-ORD-02084,ORD-02084,DHL,2025-07-15,2025-07-20,2025-07-22
SHP-ORD-02085,ORD-02085,FedEx,2025-07-15,2025-07-20,2025-07-20
SHP-ORD-02086,ORD-02086,DHL,2025-07-15,2025-07-20,2025-07-21
SHP-ORD-02087,ORD-02087,FedEx,2025-07-15,2025-07-20,2025-07-20
SHP-ORD-02088,ORD-02088,Carrier B,2025-07-15,2025-07-20,2025-07-20
SHP-ORD-02089,ORD-02089,DHL,2025-07-15,2025-07-20,2025-07-20
SHP-ORD-02090,ORD-02090,FedEx,2025-07-15,2025-07-20,2025-07-22
SHP-ORD-02091,ORD-02091,DHL,2025-07-15,2025-07-20,2025-07-22
SHP-ORD-02092,ORD-02092,FedEx,2025-07-15,2025-07-20,2025-07-20
SHP-ORD-02093,ORD-02093,FedEx,2025-07-15,2025-07-20,2025-07-20
SHP-ORD-02094,ORD-02094,DHL,2025-07-15,2025-07-20,2025-07-20
SHP-ORD-02095,ORD-02095,DHL,2025-07-15,2025-07-20,2025-07-21
SHP-ORD-02096,ORD-02096,Carrier B,2025-07-16,2025-07-21,2025-07-21
SHP-ORD-02097,ORD-02097,DHL,2025-07-16,2025-07-21,2025-07-21
SHP-ORD-02098,ORD-02098,Carrier B,2025-07-16,2025-07-21,2025-07-22
SHP-ORD-02099,ORD-02099,Carrier B,2025-07-16,2025-07-21,2025-07-22
SHP-ORD-02100,ORD-02100,Carrier B,2025-07-16,2025-07-21,2025-07-21
SHP-ORD-02101,ORD-02101,DHL,2025-07-16,2025-07-21,2025-07-23
SHP-ORD-02102,ORD-02102,FedEx,2025-07-16,2025-07-21,2025-07-23
SHP-ORD-02103,ORD-02103,FedEx,2025-07-16,2025-07-21,2025-07-22
SHP-ORD-02104,ORD-02104,DHL,2025-07-16,2025-07-21,2025-07-21
SHP-ORD-02105,ORD-02105,DHL,2025-07-16,2025-07-21,2025-07-23
SHP-ORD-02106,ORD-02106,FedEx,2025-07-16,2025-07-21,2025-07-23
SHP-ORD-02107,ORD-02107,DHL,2025-07-16,2025-07-21,2025-07-22
SHP-ORD-02108,ORD-02108,FedEx,2025-07-16,2025-07-21,2025-07-22
SHP-ORD-02109,ORD-02109,DHL,2025-07-16,2025-07-21,2025-07-21
SHP-ORD-02110,ORD-02110,FedEx,2025-07-16,2025-07-21,2025-07-22
SHP-ORD-02111,ORD-02111,DHL,2025-07-16,2025-07-21,2025-07-21
SHP-ORD-02112,ORD-02112,DHL,2025-07-16,2025-07-21,2025-07-22
SHP-ORD-02113,ORD-02113,FedEx,2025-07-16,2025-07-21,2025-07-22
SHP-ORD-02114,ORD-02114,DHL,2025-07-16,2025-07-21,2025-07-23
SHP-ORD-02115,ORD-02115,DHL,2025-07-16,2025-07-21,2025-07-23
SHP-ORD-02116,ORD-02116,FedEx,2025-07-16,2025-07-21,2025-07-22
SHP-ORD-02117,ORD-02117,FedEx,2025-07-16,2025-07-21,2025-07-23
SHP-ORD-02118,ORD-02118,FedEx,2025-07-16,2025-07-21,2025-07-22
SHP-ORD-02119,ORD-02119,DHL,2025-07-16,2025-07-21,2025-07-23
SHP-ORD-02120,ORD-02120,DHL,2025-07-16,2025-07-21,2025-07-22
SHP-ORD-02121,ORD-02121,FedEx,2025-07-16,2025-07-21,2025-07-23
SHP-ORD-02122,ORD-02122,DHL,2025-07-16,2025-07-21,2025-07-23
SHP-ORD-02123,ORD-02123,FedEx,2025-07-17,2025-07-22,2025-07-22
SHP-ORD-02124,ORD-02124,Carrier B,2025-07-17,2025-07-22,2025-07-22
SHP-ORD-02125,ORD-02125,FedEx,2025-07-17,2025-07-22,2025-07-23
SHP-ORD-02126,ORD-02126,Carrier B,2025-07-17,2025-07-22,2025-07-24
SHP-ORD-02127,ORD-02127,DHL,2025-07-17,2025-07-22,2025-07-24
SHP-ORD-02128,ORD-02128,DHL,2025-07-17,2025-07-22,2025-07-22
SHP-ORD-02129,ORD-02129,DHL,2025-07-17,2025-07-22,2025-07-24
SHP-ORD-02130,ORD-02130,DHL,2025-07-17,2025-07-22,2025-07-24
SHP-ORD-02131,ORD-02131,FedEx,2025-07-17,2025-07-22,2025-07-23
SHP-ORD-02132,ORD-02132,DHL,2025-07-17,2025-07-22,2025-07-24
SHP-ORD-02133,ORD-02133,DHL,2025-07-17,2025-07-22,2025-07-24
SHP-ORD-02134,ORD-02134,DHL,2025-07-18,2025-07-23,2025-07-24
SHP-ORD-02135,ORD-02135,DHL,2025-07-18,2025-07-23,2025-07-24
SHP-ORD-02136,ORD-02136,Carrier B,2025-07-18,2025-07-23,2025-07-24
SHP-ORD-02137,ORD-02137,DHL,2025-07-18,2025-07-23,2025-07-23
SHP-ORD-02138,ORD-02138,FedEx,2025-07-18,2025-07-23,2025-07-24
SHP-ORD-02139,ORD-02139,DHL,2025-07-18,2025-07-23,2025-07-25
SHP-ORD-02140,ORD-02140,DHL,2025-07-18,2025-07-23,2025-07-25
SHP-ORD-02141,ORD-02141,Carrier B,2025-07-18,2025-07-23,2025-07-23
SHP-ORD-02142,ORD-02142,Carrier B,2025-07-18,2025-07-23,2025-07-23
SHP-ORD-02143,ORD-02143,DHL,2025-07-18,2025-07-23,2025-07-25
SHP-ORD-02144,ORD-02144,FedEx,2025-07-18,2025-07-23,2025-07-25
SHP-ORD-02145,ORD-02145,DHL,2025-07-18,2025-07-23,2025-07-24
SHP-ORD-02146,ORD-02146,DHL,2025-07-19,2025-07-24,2025-07-24
SHP-ORD-02147,ORD-02147,Carrier B,2025-07-19,2025-07-24,2025-07-25
SHP-ORD-02148,ORD-02148,FedEx,2025-07-19,2025-07-24,2025-07-25
SHP-ORD-02149,ORD-02149,FedEx,2025-07-19,2025-07-24,2025-07-24
SHP-ORD-02150,ORD-02150,FedEx,2025-07-19,2025-07-24,2025-07-24
SHP-ORD-02151,ORD-02151,DHL,2025-07-19,2025-07-24,2025-07-25
SHP-ORD-02152,ORD-02152,Carrier B,2025-07-19,2025-07-24,2025-07-24
SHP-ORD-02153,ORD-02153,FedEx,2025-07-19,2025-07-24,2025-07-24
SHP-ORD-02154,ORD-02154,DHL,2025-07-19,2025-07-24,2025-07-25
SHP-ORD-02155,ORD-02155,DHL,2025-07-19,2025-07-24,2025-07-26
SHP-ORD-02156,ORD-02156,DHL,2025-07-19,2025-07-24,2025-07-24
SHP-ORD-02157,ORD-02157,FedEx,2025-07-19,2025-07-24,2025-07-24
SHP-ORD-02158,ORD-02158,Carrier B,2025-07-19,2025-07-24,2025-07-26
SHP-ORD-02159,ORD-02159,FedEx,2025-07-19,2025-07-24,2025-07-24
SHP-ORD-02160,ORD-02160,DHL,2025-07-19,2025-07-24,2025-07-26
SHP-ORD-02161,ORD-02161,FedEx,2025-07-19,2025-07-24,2025-07-25
SHP-ORD-02162,ORD-02162,DHL,2025-07-19,2025-07-24,2025-07-25
SHP-ORD-02163,ORD-02163,Carrier B,2025-07-19,2025-07-24,2025-07-24
SHP-ORD-02164,ORD-02164,FedEx,2025-07-19,2025-07-24,2025-07-24
SHP-ORD-02165,ORD-02165,FedEx,2025-07-19,2025-07-24,2025-07-26
SHP-ORD-02166,ORD-02166,DHL,2025-07-19,2025-07-24,2025-07-25
SHP-ORD-02167,ORD-02167,DHL,2025-07-19,2025-07-24,2025-07-26
SHP-ORD-02168,ORD-02168,DHL,2025-07-19,2025-07-24,2025-07-24
SHP-ORD-02169,ORD-02169,FedEx,2025-07-19,2025-07-24,2025-07-24
SHP-ORD-02170,ORD-02170,FedEx,2025-07-20,2025-07-25,2025-07-26
SHP-ORD-02171,ORD-02171,DHL,2025-07-20,2025-07-25,2025-07-27
SHP-ORD-02172,ORD-02172,FedEx,2025-07-20,2025-07-25,2025-07-27
SHP-ORD-02173,ORD-02173,Carrier B,2025-07-20,2025-07-25,2025-07-25
SHP-ORD-02174,ORD-02174,FedEx,2025-07-20,2025-07-25,2025-07-26
SHP-ORD-02175,ORD-02175,DHL,2025-07-20,2025-07-25,2025-07-27
SHP-ORD-02176,ORD-02176,FedEx,2025-07-20,2025-07-25,2025-07-25
SHP-ORD-02177,ORD-02177,FedEx,2025-07-20,2025-07-25,2025-07-25
SHP-ORD-02178,ORD-02178,DHL,2025-07-20,2025-07-25,2025-07-26
SHP-ORD-02179,ORD-02179,DHL,2025-07-20,2025-07-25,2025-07-26
SHP-ORD-02180,ORD-02180,FedEx,2025-07-20,2025-07-25,2025-07-26
SHP-ORD-02181,ORD-02181,FedEx,2025-07-20,2025-07-25,2025-07-27
SHP-ORD-02182,ORD-02182,FedEx,2025-07-20,2025-07-25,2025-07-27
SHP-ORD-02183,ORD-02183,DHL,2025-07-20,2025-07-25,2025-07-26
SHP-ORD-02184,ORD-02184,DHL,2025-07-20,2025-07-25,2025-07-26
SHP-ORD-02185,ORD-02185,FedEx,2025-07-20,2025-07-25,2025-07-27
SHP-ORD-02186,ORD-02186,DHL,2025-07-20,2025-07-25,2025-07-26
SHP-ORD-02187,ORD-02187,DHL,2025-07-20,2025-07-25,2025-07-26
SHP-ORD-02188,ORD-02188,Carrier B,2025-07-20,2025-07-25,2025-07-27
SHP-ORD-02189,ORD-02189,Carrier B,2025-07-20,2025-07-25,2025-07-27
SHP-ORD-02190,ORD-02190,FedEx,2025-07-20,2025-07-25,2025-07-27
SHP-ORD-02191,ORD-02191,FedEx,2025-07-20,2025-07-25,2025-07-27
SHP-ORD-02192,ORD-02192,FedEx,2025-07-20,2025-07-25,2025-07-25
SHP-ORD-02193,ORD-02193,DHL,2025-07-20,2025-07-25,2025-07-25
SHP-ORD-02194,ORD-02194,Carrier B,2025-07-20,2025-07-25,2025-07-27
SHP-ORD-02195,ORD-02195,DHL,2025-07-21,2025-07-26,2025-07-26
SHP-ORD-02196,ORD-02196,FedEx,2025-07-21,2025-07-26,2025-07-26
SHP-ORD-02197,ORD-02197,DHL,2025-07-21,2025-07-26,2025-07-28
SHP-ORD-02198,ORD-02198,FedEx,2025-07-21,2025-07-26,2025-07-26
SHP-ORD-02199,ORD-02199,FedEx,2025-07-21,2025-07-26,2025-07-27
SHP-ORD-02200,ORD-02200,DHL,2025-07-21,2025-07-26,2025-07-26
SHP-ORD-02201,ORD-02201,FedEx,2025-07-21,2025-07-26,2025-07-27
SHP-ORD-02202,ORD-02202,FedEx,2025-07-21,2025-07-26,2025-07-28
SHP-ORD-02203,ORD-02203,DHL,2025-07-21,2025-07-26,2025-07-26
SHP-ORD-02204,ORD-02204,FedEx,2025-07-21,2025-07-26,2025-07-26
SHP-ORD-02205,ORD-02205,FedEx,2025-07-21,2025-07-26,2025-07-28
SHP-ORD-02206,ORD-02206,FedEx,2025-07-21,2025-07-26,2025-07-28
SHP-ORD-02207,ORD-02207,Carrier B,2025-07-21,2025-07-26,2025-07-28
SHP-ORD-02208,ORD-02208,DHL,2025-07-21,2025-07-26,2025-07-27
SHP-ORD-02209,ORD-02209,FedEx,2025-07-21,2025-07-26,2025-07-27
SHP-ORD-02210,ORD-02210,DHL,2025-07-21,2025-07-26,2025-07-28
SHP-ORD-02211,ORD-02211,FedEx,2025-07-21,2025-07-26,2025-07-28
SHP-ORD-02212,ORD-02212,DHL,2025-07-21,2025-07-26,2025-07-28
SHP-ORD-02213,ORD-02213,DHL,2025-07-21,2025-07-26,2025-07-27
SHP-ORD-02214,ORD-02214,Carrier B,2025-07-21,2025-07-26,2025-07-28
SHP-ORD-02215,ORD-02215,DHL,2025-07-21,2025-07-26,2025-07-28
SHP-ORD-02216,ORD-02216,Carrier B,2025-07-21,2025-07-26,2025-07-28
SHP-ORD-02217,ORD-02217,Carrier B,2025-07-22,2025-07-27,2025-07-28
SHP-ORD-02218,ORD-02218,Carrier B,2025-07-22,2025-07-27,2025-07-27
SHP-ORD-02219,ORD-02219,DHL,2025-07-22,2025-07-27,2025-07-27
SHP-ORD-02220,ORD-02220,FedEx,2025-07-22,2025-07-27,2025-07-27
SHP-ORD-02221,ORD-02221,FedEx,2025-07-22,2025-07-27,2025-07-27
SHP-ORD-02222,ORD-02222,FedEx,2025-07-22,2025-07-27,2025-07-27
SHP-ORD-02223,ORD-02223,FedEx,2025-07-22,2025-07-27,2025-07-27
SHP-ORD-02224,ORD-02224,DHL,2025-07-22,2025-07-27,2025-07-29
SHP-ORD-02225,ORD-02225,DHL,2025-07-22,2025-07-27,2025-07-27
SHP-ORD-02226,ORD-02226,Carrier B,2025-07-22,2025-07-27,2025-07-27
SHP-ORD-02227,ORD-02227,FedEx,2025-07-23,2025-07-28,2025-07-28
SHP-ORD-02228,ORD-02228,FedEx,2025-07-23,2025-07-28,2025-07-29
SHP-ORD-02229,ORD-02229,DHL,2025-07-23,2025-07-28,2025-07-28
SHP-ORD-02230,ORD-02230,FedEx,2025-07-23,2025-07-28,2025-07-29
SHP-ORD-02231,ORD-02231,FedEx,2025-07-23,2025-07-28,2025-07-28
SHP-ORD-02232,ORD-02232,Carrier B,2025-07-23,2025-07-28,2025-07-28
SHP-ORD-02233,ORD-02233,DHL,2025-07-23,2025-07-28,2025-07-28
SHP-ORD-02234,ORD-02234,DHL,2025-07-23,2025-07-28,2025-07-30
SHP-ORD-02235,ORD-02235,Carrier B,2025-07-23,2025-07-28,2025-07-29
SHP-ORD-02236,ORD-02236,DHL,2025-07-23,2025-07-28,2025-07-29
SHP-ORD-02237,ORD-02237,DHL,2025-07-23,2025-07-28,2025-07-30
SHP-ORD-02238,ORD-02238,Carrier B,2025-07-23,2025-07-28,2025-07-29
SHP-ORD-02239,ORD-02239,FedEx,2025-07-23,2025-07-28,2025-07-29
SHP-ORD-02240,ORD-02240,DHL,2025-07-23,2025-07-28,2025-07-29
SHP-ORD-02241,ORD-02241,FedEx,2025-07-23,2025-07-28,2025-07-30
SHP-ORD-02242,ORD-02242,FedEx,2025-07-23,2025-07-28,2025-07-28
SHP-ORD-02243,ORD-02243,Carrier B,2025-07-23,2025-07-28,2025-07-28
SHP-ORD-02244,ORD-02244,DHL,2025-07-23,2025-07-28,2025-07-30
SHP-ORD-02245,ORD-02245,DHL,2025-07-23,2025-07-28,2025-07-29
SHP-ORD-02246,ORD-02246,Carrier B,2025-07-23,2025-07-28,2025-07-29
SHP-ORD-02247,ORD-02247,Carrier B,2025-07-23,2025-07-28,2025-07-29
SHP-ORD-02248,ORD-02248,Carrier B,2025-07-23,2025-07-28,2025-07-30
SHP-ORD-02249,ORD-02249,DHL,2025-07-23,2025-07-28,2025-07-29
SHP-ORD-02250,ORD-02250,FedEx,2025-07-23,2025-07-28,2025-07-29
SHP-ORD-02251,ORD-02251,FedEx,2025-07-23,2025-07-28,2025-07-29
SHP-ORD-02252,ORD-02252,DHL,2025-07-23,2025-07-28,2025-07-30
SHP-ORD-02253,ORD-02253,FedEx,2025-07-24,2025-07-29,2025-07-30
SHP-ORD-02254,ORD-02254,DHL,2025-07-24,2025-07-29,2025-07-31
SHP-ORD-02255,ORD-02255,DHL,2025-07-24,2025-07-29,2025-07-29
SHP-ORD-02256,ORD-02256,Carrier B,2025-07-24,2025-07-29,2025-07-31
SHP-ORD-02257,ORD-02257,DHL,2025-07-24,2025-07-29,2025-07-29
SHP-ORD-02258,ORD-02258,DHL,2025-07-24,2025-07-29,2025-07-29
SHP-ORD-02259,ORD-02259,FedEx,2025-07-24,2025-07-29,2025-07-31
SHP-ORD-02260,ORD-02260,FedEx,2025-07-24,2025-07-29,2025-07-30
SHP-ORD-02261,ORD-02261,FedEx,2025-07-24,2025-07-29,2025-07-31
SHP-ORD-02262,ORD-02262,DHL,2025-07-24,2025-07-29,2025-07-29
SHP-ORD-02263,ORD-02263,FedEx,2025-07-24,2025-07-29,2025-07-30
SHP-ORD-02264,ORD-02264,DHL,2025-07-24,2025-07-29,2025-07-31
SHP-ORD-02265,ORD-02265,DHL,2025-07-24,2025-07-29,2025-07-30
SHP-ORD-02266,ORD-02266,FedEx,2025-07-24,2025-07-29,2025-07-30
SHP-ORD-02267,ORD-02267,FedEx,2025-07-24,2025-07-29,2025-07-31
SHP-ORD-02268,ORD-02268,DHL,2025-07-24,2025-07-29,2025-07-30
SHP-ORD-02269,ORD-02269,DHL,2025-07-25,2025-07-30,2025-08-01
SHP-ORD-02270,ORD-02270,DHL,2025-07-25,2025-07-30,2025-07-30
SHP-ORD-02271,ORD-02271,DHL,2025-07-25,2025-07-30,2025-08-01
SHP-ORD-02272,ORD-02272,DHL,2025-07-25,2025-07-30,2025-07-31
SHP-ORD-02273,ORD-02273,Carrier B,2025-07-25,2025-07-30,2025-08-01
SHP-ORD-02274,ORD-02274,DHL,2025-07-25,2025-07-30,2025-07-31
SHP-ORD-02275,ORD-02275,Carrier B,2025-07-25,2025-07-30,2025-07-30
SHP-ORD-02276,ORD-02276,FedEx,2025-07-25,2025-07-30,2025-07-30
SHP-ORD-02277,ORD-02277,DHL,2025-07-25,2025-07-30,2025-07-31
SHP-ORD-02278,ORD-02278,FedEx,2025-07-25,2025-07-30,2025-07-31
SHP-ORD-02279,ORD-02279,FedEx,2025-07-25,2025-07-30,2025-08-01
SHP-ORD-02280,ORD-02280,FedEx,2025-07-25,2025-07-30,2025-07-31
SHP-ORD-02281,ORD-02281,DHL,2025-07-25,2025-07-30,2025-08-01
SHP-ORD-02282,ORD-02282,FedEx,2025-07-25,2025-07-30,2025-07-31
SHP-ORD-02283,ORD-02283,FedEx,2025-07-25,2025-07-30,2025-07-30
SHP-ORD-02284,ORD-02284,Carrier B,2025-07-25,2025-07-30,2025-08-01
SHP-ORD-02285,ORD-02285,Carrier B,2025-07-25,2025-07-30,2025-08-01
SHP-ORD-02286,ORD-02286,DHL,2025-07-25,2025-07-30,2025-07-30
SHP-ORD-02287,ORD-02287,DHL,2025-07-25,2025-07-30,2025-07-31
SHP-ORD-02288,ORD-02288,Carrier B,2025-07-25,2025-07-30,2025-07-31
SHP-ORD-02289,ORD-02289,DHL,2025-07-25,2025-07-30,2025-07-30
SHP-ORD-02290,ORD-02290,FedEx,2025-07-25,2025-07-30,2025-08-01
SHP-ORD-02291,ORD-02291,Carrier B,2025-07-25,2025-07-30,2025-07-30
SHP-ORD-02292,ORD-02292,DHL,2025-07-25,2025-07-30,2025-07-30
SHP-ORD-02293,ORD-02293,DHL,2025-07-26,2025-07-31,2025-08-01
SHP-ORD-02294,ORD-02294,DHL,2025-07-26,2025-07-31,2025-08-01
SHP-ORD-02295,ORD-02295,DHL,2025-07-26,2025-07-31,2025-08-02
SHP-ORD-02296,ORD-02296,Carrier B,2025-07-26,2025-07-31,2025-07-31
SHP-ORD-02297,ORD-02297,FedEx,2025-07-26,2025-07-31,2025-07-31
SHP-ORD-02298,ORD-02298,Carrier B,2025-07-26,2025-07-31,2025-08-02
SHP-ORD-02299,ORD-02299,Carrier B,2025-07-26,2025-07-31,2025-08-01
SHP-ORD-02300,ORD-02300,DHL,2025-07-26,2025-07-31,2025-08-01
SHP-ORD-02301,ORD-02301,DHL,2025-07-26,2025-07-31,2025-07-31
SHP-ORD-02302,ORD-02302,FedEx,2025-07-26,2025-07-31,2025-08-01
SHP-ORD-02303,ORD-02303,FedEx,2025-07-26,2025-07-31,2025-08-01
SHP-ORD-02304,ORD-02304,FedEx,2025-07-26,2025-07-31,2025-08-02
SHP-ORD-02305,ORD-02305,DHL,2025-07-26,2025-07-31,2025-07-31
SHP-ORD-02306,ORD-02306,DHL,2025-07-26,2025-07-31,2025-08-02
SHP-ORD-02307,ORD-02307,FedEx,2025-07-26,2025-07-31,2025-08-01
SHP-ORD-02308,ORD-02308,FedEx,2025-07-26,2025-07-31,2025-07-31
SHP-ORD-02309,ORD-02309,Carrier B,2025-07-26,2025-07-31,2025-08-02
SHP-ORD-02310,ORD-02310,FedEx,2025-07-26,2025-07-31,2025-08-01
SHP-ORD-02311,ORD-02311,Carrier B,2025-07-26,2025-07-31,2025-08-02
SHP-ORD-02312,ORD-02312,FedEx,2025-07-26,2025-07-31,2025-08-01
SHP-ORD-02313,ORD-02313,DHL,2025-07-26,2025-07-31,2025-08-01
SHP-ORD-02314,ORD-02314,FedEx,2025-07-26,2025-07-31,2025-07-31
SHP-ORD-02315,ORD-02315,DHL,2025-07-26,2025-07-31,2025-08-02
SHP-ORD-02316,ORD-02316,DHL,2025-07-27,2025-08-01,2025-08-03
SHP-ORD-02317,ORD-02317,FedEx,2025-07-27,2025-08-01,2025-08-02
SHP-ORD-02318,ORD-02318,DHL,2025-07-27,2025-08-01,2025-08-02
SHP-ORD-02319,ORD-02319,DHL,2025-07-27,2025-08-01,2025-08-03
SHP-ORD-02320,ORD-02320,DHL,2025-07-27,2025-08-01,2025-08-01
SHP-ORD-02321,ORD-02321,DHL,2025-07-27,2025-08-01,2025-08-03
SHP-ORD-02322,ORD-02322,FedEx,2025-07-27,2025-08-01,2025-08-01
SHP-ORD-02323,ORD-02323,DHL,2025-07-27,2025-08-01,2025-08-03
SHP-ORD-02324,ORD-02324,Carrier B,2025-07-27,2025-08-01,2025-08-02
SHP-ORD-02325,ORD-02325,Carrier B,2025-07-27,2025-08-01,2025-08-03
SHP-ORD-02326,ORD-02326,Carrier B,2025-07-27,2025-08-01,2025-08-03
SHP-ORD-02327,ORD-02327,FedEx,2025-07-27,2025-08-01,2025-08-02
SHP-ORD-02328,ORD-02328,DHL,2025-07-27,2025-08-01,2025-08-02
SHP-ORD-02329,ORD-02329,DHL,2025-07-27,2025-08-01,2025-08-01
SHP-ORD-02330,ORD-02330,FedEx,2025-07-27,2025-08-01,2025-08-02
SHP-ORD-02331,ORD-02331,Carrier B,2025-07-27,2025-08-01,2025-08-03
SHP-ORD-02332,ORD-02332,DHL,2025-07-27,2025-08-01,2025-08-03
SHP-ORD-02333,ORD-02333,FedEx,2025-07-27,2025-08-01,2025-08-03
SHP-ORD-02334,ORD-02334,FedEx,2025-07-28,2025-08-02,2025-08-02
SHP-ORD-02335,ORD-02335,Carrier B,2025-07-28,2025-08-02,2025-08-02
SHP-ORD-02336,ORD-02336,FedEx,2025-07-28,2025-08-02,2025-08-03
SHP-ORD-02337,ORD-02337,FedEx,2025-07-28,2025-08-02,2025-08-02
SHP-ORD-02338,ORD-02338,DHL,2025-07-28,2025-08-02,2025-08-04
SHP-ORD-02339,ORD-02339,FedEx,2025-07-28,2025-08-02,2025-08-04
SHP-ORD-02340,ORD-02340,Carrier B,2025-07-28,2025-08-02,2025-08-02
SHP-ORD-02341,ORD-02341,DHL,2025-07-28,2025-08-02,2025-08-04
SHP-ORD-02342,ORD-02342,DHL,2025-07-28,2025-08-02,2025-08-04
SHP-ORD-02343,ORD-02343,Carrier B,2025-07-28,2025-08-02,2025-08-02
SHP-ORD-02344,ORD-02344,DHL,2025-07-28,2025-08-02,2025-08-02
SHP-ORD-02345,ORD-02345,FedEx,2025-07-28,2025-08-02,2025-08-02
SHP-ORD-02346,ORD-02346,DHL,2025-07-28,2025-08-02,2025-08-03
SHP-ORD-02347,ORD-02347,DHL,2025-07-28,2025-08-02,2025-08-02
SHP-ORD-02348,ORD-02348,FedEx,2025-07-28,2025-08-02,2025-08-02
SHP-ORD-02349,ORD-02349,DHL,2025-07-28,2025-08-02,2025-08-03
SHP-ORD-02350,ORD-02350,Carrier B,2025-07-28,2025-08-02,2025-08-04
SHP-ORD-02351,ORD-02351,DHL,2025-07-28,2025-08-02,2025-08-04
SHP-ORD-02352,ORD-02352,Carrier B,2025-07-28,2025-08-02,2025-08-02
SHP-ORD-02353,ORD-02353,DHL,2025-07-28,2025-08-02,2025-08-03
SHP-ORD-02354,ORD-02354,DHL,2025-07-29,2025-08-03,2025-08-03
SHP-ORD-02355,ORD-02355,Carrier B,2025-07-29,2025-08-03,2025-08-05
SHP-ORD-02356,ORD-02356,FedEx,2025-07-29,2025-08-03,2025-08-04
SHP-ORD-02357,ORD-02357,FedEx,2025-07-29,2025-08-03,2025-08-03
SHP-ORD-02358,ORD-02358,DHL,2025-07-29,2025-08-03,2025-08-05
SHP-ORD-02359,ORD-02359,DHL,2025-07-29,2025-08-03,2025-08-05
SHP-ORD-02360,ORD-02360,FedEx,2025-07-29,2025-08-03,2025-08-05
SHP-ORD-02361,ORD-02361,FedEx,2025-07-29,2025-08-03,2025-08-03
SHP-ORD-02362,ORD-02362,FedEx,2025-07-29,2025-08-03,2025-08-04
SHP-ORD-02363,ORD-02363,DHL,2025-07-29,2025-08-03,2025-08-05
SHP-ORD-02364,ORD-02364,Carrier B,2025-07-29,2025-08-03,2025-08-04
SHP-ORD-02365,ORD-02365,Carrier B,2025-07-29,2025-08-03,2025-08-05
SHP-ORD-02366,ORD-02366,DHL,2025-07-29,2025-08-03,2025-08-03
SHP-ORD-02367,ORD-02367,Carrier B,2025-07-29,2025-08-03,2025-08-05
SHP-ORD-02368,ORD-02368,DHL,2025-07-29,2025-08-03,2025-08-05
SHP-ORD-02369,ORD-02369,FedEx,2025-07-29,2025-08-03,2025-08-04
SHP-ORD-02370,ORD-02370,FedEx,2025-07-29,2025-08-03,2025-08-05
SHP-ORD-02371,ORD-02371,DHL,2025-07-29,2025-08-03,2025-08-03
SHP-ORD-02372,ORD-02372,FedEx,2025-07-29,2025-08-03,2025-08-05
SHP-ORD-02373,ORD-02373,DHL,2025-07-29,2025-08-03,2025-08-04
SHP-ORD-02374,ORD-02374,DHL,2025-07-29,2025-08-03,2025-08-04
SHP-ORD-02375,ORD-02375,DHL,2025-07-29,2025-08-03,2025-08-05
SHP-ORD-02376,ORD-02376,Carrier B,2025-07-29,2025-08-03,2025-08-05
SHP-ORD-02377,ORD-02377,DHL,2025-07-29,2025-08-03,2025-08-03
SHP-ORD-02378,ORD-02378,FedEx,2025-07-29,2025-08-03,2025-08-03
SHP-ORD-02379,ORD-02379,DHL,2025-07-29,2025-08-03,2025-08-03
SHP-ORD-02380,ORD-02380,DHL,2025-07-29,2025-08-03,2025-08-05
SHP-ORD-02381,ORD-02381,FedEx,2025-07-29,2025-08-03,2025-08-03
SHP-ORD-02382,ORD-02382,FedEx,2025-07-30,2025-08-04,2025-08-06
SHP-ORD-02383,ORD-02383,DHL,2025-07-30,2025-08-04,2025-08-05
SHP-ORD-02384,ORD-02384,Carrier B,2025-07-30,2025-08-04,2025-08-04
SHP-ORD-02385,ORD-02385,DHL,2025-07-30,2025-08-04,2025-08-04
SHP-ORD-02386,ORD-02386,Carrier B,2025-07-30,2025-08-04,2025-08-05
SHP-ORD-02387,ORD-02387,Carrier B,2025-07-30,2025-08-04,2025-08-04
SHP-ORD-02388,ORD-02388,FedEx,2025-07-30,2025-08-04,2025-08-05
SHP-ORD-02389,ORD-02389,DHL,2025-07-30,2025-08-04,2025-08-06
SHP-ORD-02390,ORD-02390,DHL,2025-07-30,2025-08-04,2025-08-04
SHP-ORD-02391,ORD-02391,FedEx,2025-07-30,2025-08-04,2025-08-06
SHP-ORD-02392,ORD-02392,DHL,2025-07-30,2025-08-04,2025-08-06
SHP-ORD-02393,ORD-02393,DHL,2025-07-30,2025-08-04,2025-08-05
SHP-ORD-02394,ORD-02394,FedEx,2025-07-30,2025-08-04,2025-08-04
SHP-ORD-02395,ORD-02395,Carrier B,2025-07-30,2025-08-04,2025-08-06
SHP-ORD-02396,ORD-02396,DHL,2025-07-30,2025-08-04,2025-08-06
SHP-ORD-02397,ORD-02397,Carrier B,2025-07-30,2025-08-04,2025-08-04
SHP-ORD-02398,ORD-02398,FedEx,2025-07-30,2025-08-04,2025-08-05
SHP-ORD-02399,ORD-02399,Carrier B,2025-07-30,2025-08-04,2025-08-05
SHP-ORD-02400,ORD-02400,FedEx,2025-07-30,2025-08-04,2025-08-06
SHP-ORD-02401,ORD-02401,FedEx,2025-07-30,2025-08-04,2025-08-05
SHP-ORD-02402,ORD-02402,DHL,2025-07-30,2025-08-04,2025-08-04
SHP-ORD-02403,ORD-02403,DHL,2025-07-30,2025-08-04,2025-08-05
SHP-ORD-02404,ORD-02404,DHL,2025-07-30,2025-08-04,2025-08-05
SHP-ORD-02405,ORD-02405,DHL,2025-07-30,2025-08-04,2025-08-06
SHP-ORD-02406,ORD-02406,FedEx,2025-07-30,2025-08-04,2025-08-06
SHP-ORD-02407,ORD-02407,DHL,2025-07-30,2025-08-04,2025-08-04
SHP-ORD-02408,ORD-02408,DHL,2025-07-30,2025-08-04,2025-08-06
SHP-ORD-02409,ORD-02409,DHL,2025-07-30,2025-08-04,2025-08-05
SHP-ORD-02410,ORD-02410,DHL,2025-07-30,2025-08-04,2025-08-04
SHP-ORD-02411,ORD-02411,Carrier B,2025-07-31,2025-08-05,2025-08-05
SHP-ORD-02412,ORD-02412,DHL,2025-07-31,2025-08-05,2025-08-05
SHP-ORD-02413,ORD-02413,DHL,2025-07-31,2025-08-05,2025-08-05
SHP-ORD-02414,ORD-02414,Carrier B,2025-07-31,2025-08-05,2025-08-07
SHP-ORD-02415,ORD-02415,DHL,2025-07-31,2025-08-05,2025-08-05
SHP-ORD-02416,ORD-02416,FedEx,2025-07-31,2025-08-05,2025-08-05
SHP-ORD-02417,ORD-02417,FedEx,2025-07-31,2025-08-05,2025-08-06
SHP-ORD-02418,ORD-02418,DHL,2025-07-31,2025-08-05,2025-08-07
SHP-ORD-02419,ORD-02419,FedEx,2025-07-31,2025-08-05,2025-08-07
SHP-ORD-02420,ORD-02420,DHL,2025-07-31,2025-08-05,2025-08-05
SHP-ORD-02421,ORD-02421,FedEx,2025-08-01,2025-08-06,2025-08-06
SHP-ORD-02422,ORD-02422,FedEx,2025-08-01,2025-08-06,2025-08-06
SHP-ORD-02423,ORD-02423,DHL,2025-08-01,2025-08-06,2025-08-06
SHP-ORD-02424,ORD-02424,Carrier B,2025-08-01,2025-08-06,2025-08-08
SHP-ORD-02425,ORD-02425,DHL,2025-08-01,2025-08-06,2025-08-07
SHP-ORD-02426,ORD-02426,Carrier B,2025-08-01,2025-08-06,2025-08-07
SHP-ORD-02427,ORD-02427,Carrier B,2025-08-01,2025-08-06,2025-08-06
SHP-ORD-02428,ORD-02428,FedEx,2025-08-01,2025-08-06,2025-08-08
SHP-ORD-02429,ORD-02429,FedEx,2025-08-01,2025-08-06,2025-08-06
SHP-ORD-02430,ORD-02430,DHL,2025-08-01,2025-08-06,2025-08-07
SHP-ORD-02431,ORD-02431,Carrier B,2025-08-01,2025-08-06,2025-08-08
SHP-ORD-02432,ORD-02432,DHL,2025-08-01,2025-08-06,2025-08-08
SHP-ORD-02433,ORD-02433,Carrier B,2025-08-01,2025-08-06,2025-08-06
SHP-ORD-02434,ORD-02434,FedEx,2025-08-01,2025-08-06,2025-08-08
SHP-ORD-02435,ORD-02435,FedEx,2025-08-01,2025-08-06,2025-08-08
SHP-ORD-02436,ORD-02436,DHL,2025-08-02,2025-08-07,2025-08-07
SHP-ORD-02437,ORD-02437,DHL,2025-08-02,2025-08-07,2025-08-08
SHP-ORD-02438,ORD-02438,FedEx,2025-08-02,2025-08-07,2025-08-07
SHP-ORD-02439,ORD-02439,FedEx,2025-08-02,2025-08-07,2025-08-08
SHP-ORD-02440,ORD-02440,FedEx,2025-08-02,2025-08-07,2025-08-09
SHP-ORD-02441,ORD-02441,DHL,2025-08-02,2025-08-07,2025-08-08
SHP-ORD-02442,ORD-02442,Carrier B,2025-08-02,2025-08-07,2025-08-07
SHP-ORD-02443,ORD-02443,Carrier B,2025-08-02,2025-08-07,2025-08-08
SHP-ORD-02444,ORD-02444,DHL,2025-08-02,2025-08-07,2025-08-07
SHP-ORD-02445,ORD-02445,DHL,2025-08-02,2025-08-07,2025-08-09
SHP-ORD-02446,ORD-02446,DHL,2025-08-02,2025-08-07,2025-08-08
SHP-ORD-02447,ORD-02447,FedEx,2025-08-02,2025-08-07,2025-08-08
SHP-ORD-02448,ORD-02448,FedEx,2025-08-03,2025-08-08,2025-08-08
SHP-ORD-02449,ORD-02449,FedEx,2025-08-03,2025-08-08,2025-08-08
SHP-ORD-02450,ORD-02450,Carrier B,2025-08-03,2025-08-08,2025-08-09
SHP-ORD-02451,ORD-02451,Carrier B,2025-08-03,2025-08-08,2025-08-08
SHP-ORD-02452,ORD-02452,DHL,2025-08-03,2025-08-08,2025-08-08
SHP-ORD-02453,ORD-02453,DHL,2025-08-03,2025-08-08,2025-08-09
SHP-ORD-02454,ORD-02454,FedEx,2025-08-03,2025-08-08,2025-08-09
SHP-ORD-02455,ORD-02455,DHL,2025-08-03,2025-08-08,2025-08-10
SHP-ORD-02456,ORD-02456,DHL,2025-08-03,2025-08-08,2025-08-09
SHP-ORD-02457,ORD-02457,DHL,2025-08-03,2025-08-08,2025-08-09
SHP-ORD-02458,ORD-02458,FedEx,2025-08-03,2025-08-08,2025-08-08
SHP-ORD-02459,ORD-02459,Carrier B,2025-08-03,2025-08-08,2025-08-09
SHP-ORD-02460,ORD-02460,DHL,2025-08-03,2025-08-08,2025-08-09
SHP-ORD-02461,ORD-02461,Carrier B,2025-08-03,2025-08-08,2025-08-10
SHP-ORD-02462,ORD-02462,Carrier B,2025-08-03,2025-08-08,2025-08-09
SHP-ORD-02463,ORD-02463,Carrier B,2025-08-03,2025-08-08,2025-08-09
SHP-ORD-02464,ORD-02464,FedEx,2025-08-03,2025-08-08,2025-08-10
SHP-ORD-02465,ORD-02465,FedEx,2025-08-03,2025-08-08,2025-08-10
SHP-ORD-02466,ORD-02466,FedEx,2025-08-03,2025-08-08,2025-08-09
SHP-ORD-02467,ORD-02467,FedEx,2025-08-03,2025-08-08,2025-08-10
SHP-ORD-02468,ORD-02468,DHL,2025-08-03,2025-08-08,2025-08-10
SHP-ORD-02469,ORD-02469,DHL,2025-08-03,2025-08-08,2025-08-08
SHP-ORD-02470,ORD-02470,DHL,2025-08-03,2025-08-08,2025-08-08
SHP-ORD-02471,ORD-02471,FedEx,2025-08-03,2025-08-08,2025-08-10
SHP-ORD-02472,ORD-02472,Carrier B,2025-08-03,2025-08-08,2025-08-09
SHP-ORD-02473,ORD-02473,FedEx,2025-08-03,2025-08-08,2025-08-08
SHP-ORD-02474,ORD-02474,FedEx,2025-08-03,2025-08-08,2025-08-10
SHP-ORD-02475,ORD-02475,DHL,2025-08-03,2025-08-08,2025-08-10
SHP-ORD-02476,ORD-02476,DHL,2025-08-03,2025-08-08,2025-08-08
SHP-ORD-02477,ORD-02477,DHL,2025-08-03,2025-08-08,2025-08-10
SHP-ORD-02478,ORD-02478,FedEx,2025-08-04,2025-08-09,2025-08-10
SHP-ORD-02479,ORD-02479,DHL,2025-08-04,2025-08-09,2025-08-10
SHP-ORD-02480,ORD-02480,FedEx,2025-08-04,2025-08-09,2025-08-11
SHP-ORD-02481,ORD-02481,FedEx,2025-08-04,2025-08-09,2025-08-11
SHP-ORD-02482,ORD-02482,DHL,2025-08-04,2025-08-09,2025-08-10
SHP-ORD-02483,ORD-02483,FedEx,2025-08-04,2025-08-09,2025-08-09
SHP-ORD-02484,ORD-02484,FedEx,2025-08-04,2025-08-09,2025-08-10
SHP-ORD-02485,ORD-02485,DHL,2025-08-04,2025-08-09,2025-08-11
SHP-ORD-02486,ORD-02486,Carrier B,2025-08-04,2025-08-09,2025-08-11
SHP-ORD-02487,ORD-02487,Carrier B,2025-08-04,2025-08-09,2025-08-11
SHP-ORD-02488,ORD-02488,DHL,2025-08-04,2025-08-09,2025-08-11
SHP-ORD-02489,ORD-02489,FedEx,2025-08-04,2025-08-09,2025-08-10
SHP-ORD-02490,ORD-02490,FedEx,2025-08-04,2025-08-09,2025-08-09
SHP-ORD-02491,ORD-02491,FedEx,2025-08-04,2025-08-09,2025-08-11
SHP-ORD-02492,ORD-02492,DHL,2025-08-04,2025-08-09,2025-08-09
SHP-ORD-02493,ORD-02493,DHL,2025-08-04,2025-08-09,2025-08-10
SHP-ORD-02494,ORD-02494,DHL,2025-08-04,2025-08-09,2025-08-09
SHP-ORD-02495,ORD-02495,DHL,2025-08-04,2025-08-09,2025-08-10
SHP-ORD-02496,ORD-02496,FedEx,2025-08-04,2025-08-09,2025-08-10
SHP-ORD-02497,ORD-02497,DHL,2025-08-04,2025-08-09,2025-08-09
SHP-ORD-02498,ORD-02498,FedEx,2025-08-04,2025-08-09,2025-08-09
SHP-ORD-02499,ORD-02499,DHL,2025-08-04,2025-08-09,2025-08-11
SHP-ORD-02500,ORD-02500,DHL,2025-08-04,2025-08-09,2025-08-11
SHP-ORD-02501,ORD-02501,DHL,2025-08-04,2025-08-09,2025-08-11
SHP-ORD-02502,ORD-02502,DHL,2025-08-05,2025-08-10,2025-08-10
SHP-ORD-02503,ORD-02503,DHL,2025-08-05,2025-08-10,2025-08-11
SHP-ORD-02504,ORD-02504,FedEx,2025-08-05,2025-08-10,2025-08-10
SHP-ORD-02505,ORD-02505,FedEx,2025-08-05,2025-08-10,2025-08-11
SHP-ORD-02506,ORD-02506,DHL,2025-08-05,2025-08-10,2025-08-12
SHP-ORD-02507,ORD-02507,FedEx,2025-08-05,2025-08-10,2025-08-11
SHP-ORD-02508,ORD-02508,DHL,2025-08-05,2025-08-10,2025-08-11
SHP-ORD-02509,ORD-02509,DHL,2025-08-05,2025-08-10,2025-08-12
SHP-ORD-02510,ORD-02510,Carrier B,2025-08-05,2025-08-10,2025-08-11
SHP-ORD-02511,ORD-02511,Carrier B,2025-08-05,2025-08-10,2025-08-12
SHP-ORD-02512,ORD-02512,FedEx,2025-08-05,2025-08-10,2025-08-12
SHP-ORD-02513,ORD-02513,Carrier B,2025-08-05,2025-08-10,2025-08-10
SHP-ORD-02514,ORD-02514,DHL,2025-08-05,2025-08-10,2025-08-11
SHP-ORD-02515,ORD-02515,DHL,2025-08-06,2025-08-11,2025-08-13
SHP-ORD-02516,ORD-02516,FedEx,2025-08-06,2025-08-11,2025-08-11
SHP-ORD-02517,ORD-02517,Carrier B,2025-08-06,2025-08-11,2025-08-13
SHP-ORD-02518,ORD-02518,FedEx,2025-08-06,2025-08-11,2025-08-12
SHP-ORD-02519,ORD-02519,Carrier B,2025-08-06,2025-08-11,2025-08-11
SHP-ORD-02520,ORD-02520,FedEx,2025-08-06,2025-08-11,2025-08-11
SHP-ORD-02521,ORD-02521,DHL,2025-08-06,2025-08-11,2025-08-12
SHP-ORD-02522,ORD-02522,DHL,2025-08-06,2025-08-11,2025-08-12
SHP-ORD-02523,ORD-02523,FedEx,2025-08-06,2025-08-11,2025-08-12
SHP-ORD-02524,ORD-02524,FedEx,2025-08-06,2025-08-11,2025-08-12
SHP-ORD-02525,ORD-02525,DHL,2025-08-06,2025-08-11,2025-08-13
SHP-ORD-02526,ORD-02526,FedEx,2025-08-06,2025-08-11,2025-08-11
SHP-ORD-02527,ORD-02527,DHL,2025-08-06,2025-08-11,2025-08-11
SHP-ORD-02528,ORD-02528,DHL,2025-08-06,2025-08-11,2025-08-12
SHP-ORD-02529,ORD-02529,Carrier B,2025-08-06,2025-08-11,2025-08-12
SHP-ORD-02530,ORD-02530,DHL,2025-08-06,2025-08-11,2025-08-11
SHP-ORD-02531,ORD-02531,FedEx,2025-08-06,2025-08-11,2025-08-12
SHP-ORD-02532,ORD-02532,FedEx,2025-08-06,2025-08-11,2025-08-13
SHP-ORD-02533,ORD-02533,FedEx,2025-08-06,2025-08-11,2025-08-11
SHP-ORD-02534,ORD-02534,Carrier B,2025-08-06,2025-08-11,2025-08-11
SHP-ORD-02535,ORD-02535,Carrier B,2025-08-07,2025-08-12,2025-08-13
SHP-ORD-02536,ORD-02536,FedEx,2025-08-07,2025-08-12,2025-08-14
SHP-ORD-02537,ORD-02537,FedEx,2025-08-07,2025-08-12,2025-08-13
SHP-ORD-02538,ORD-02538,Carrier B,2025-08-07,2025-08-12,2025-08-14
SHP-ORD-02539,ORD-02539,Carrier B,2025-08-07,2025-08-12,2025-08-14
SHP-ORD-02540,ORD-02540,Carrier B,2025-08-07,2025-08-12,2025-08-14
SHP-ORD-02541,ORD-02541,Carrier B,2025-08-07,2025-08-12,2025-08-13
SHP-ORD-02542,ORD-02542,DHL,2025-08-07,2025-08-12,2025-08-14
SHP-ORD-02543,ORD-02543,FedEx,2025-08-07,2025-08-12,2025-08-13
SHP-ORD-02544,ORD-02544,DHL,2025-08-07,2025-08-12,2025-08-13
SHP-ORD-02545,ORD-02545,DHL,2025-08-07,2025-08-12,2025-08-12
SHP-ORD-02546,ORD-02546,DHL,2025-08-07,2025-08-12,2025-08-13
SHP-ORD-02547,ORD-02547,DHL,2025-08-07,2025-08-12,2025-08-14
SHP-ORD-02548,ORD-02548,FedEx,2025-08-07,2025-08-12,2025-08-13
SHP-ORD-02549,ORD-02549,FedEx,2025-08-07,2025-08-12,2025-08-14
SHP-ORD-02550,ORD-02550,DHL,2025-08-07,2025-08-12,2025-08-13
SHP-ORD-02551,ORD-02551,FedEx,2025-08-07,2025-08-12,2025-08-13
SHP-ORD-02552,ORD-02552,DHL,2025-08-07,2025-08-12,2025-08-14
SHP-ORD-02553,ORD-02553,Carrier B,2025-08-07,2025-08-12,2025-08-13
SHP-ORD-02554,ORD-02554,Carrier B,2025-08-07,2025-08-12,2025-08-13
SHP-ORD-02555,ORD-02555,DHL,2025-08-07,2025-08-12,2025-08-12
SHP-ORD-02556,ORD-02556,DHL,2025-08-07,2025-08-12,2025-08-12
SHP-ORD-02557,ORD-02557,FedEx,2025-08-07,2025-08-12,2025-08-14
SHP-ORD-02558,ORD-02558,DHL,2025-08-07,2025-08-12,2025-08-12
SHP-ORD-02559,ORD-02559,DHL,2025-08-07,2025-08-12,2025-08-13
SHP-ORD-02560,ORD-02560,DHL,2025-08-07,2025-08-12,2025-08-13
SHP-ORD-02561,ORD-02561,Carrier B,2025-08-08,2025-08-13,2025-08-14
SHP-ORD-02562,ORD-02562,DHL,2025-08-08,2025-08-13,2025-08-15
SHP-ORD-02563,ORD-02563,FedEx,2025-08-08,2025-08-13,2025-08-14
SHP-ORD-02564,ORD-02564,FedEx,2025-08-08,2025-08-13,2025-08-15
SHP-ORD-02565,ORD-02565,DHL,2025-08-08,2025-08-13,2025-08-13
SHP-ORD-02566,ORD-02566,DHL,2025-08-08,2025-08-13,2025-08-13
SHP-ORD-02567,ORD-02567,Carrier B,2025-08-08,2025-08-13,2025-08-15
SHP-ORD-02568,ORD-02568,DHL,2025-08-08,2025-08-13,2025-08-13
SHP-ORD-02569,ORD-02569,DHL,2025-08-08,2025-08-13,2025-08-14
SHP-ORD-02570,ORD-02570,DHL,2025-08-08,2025-08-13,2025-08-15
SHP-ORD-02571,ORD-02571,DHL,2025-08-08,2025-08-13,2025-08-15
SHP-ORD-02572,ORD-02572,DHL,2025-08-08,2025-08-13,2025-08-15
SHP-ORD-02573,ORD-02573,DHL,2025-08-09,2025-08-14,2025-08-14
SHP-ORD-02574,ORD-02574,DHL,2025-08-09,2025-08-14,2025-08-16
SHP-ORD-02575,ORD-02575,FedEx,2025-08-09,2025-08-14,2025-08-14
SHP-ORD-02576,ORD-02576,Carrier B,2025-08-09,2025-08-14,2025-08-14
SHP-ORD-02577,ORD-02577,FedEx,2025-08-09,2025-08-14,2025-08-16
SHP-ORD-02578,ORD-02578,FedEx,2025-08-09,2025-08-14,2025-08-15
SHP-ORD-02579,ORD-02579,FedEx,2025-08-09,2025-08-14,2025-08-14
SHP-ORD-02580,ORD-02580,FedEx,2025-08-09,2025-08-14,2025-08-14
SHP-ORD-02581,ORD-02581,DHL,2025-08-09,2025-08-14,2025-08-15
SHP-ORD-02582,ORD-02582,FedEx,2025-08-09,2025-08-14,2025-08-14
SHP-ORD-02583,ORD-02583,FedEx,2025-08-09,2025-08-14,2025-08-15
SHP-ORD-02584,ORD-02584,DHL,2025-08-09,2025-08-14,2025-08-15
SHP-ORD-02585,ORD-02585,DHL,2025-08-09,2025-08-14,2025-08-15
SHP-ORD-02586,ORD-02586,FedEx,2025-08-09,2025-08-14,2025-08-14
SHP-ORD-02587,ORD-02587,DHL,2025-08-09,2025-08-14,2025-08-15
SHP-ORD-02588,ORD-02588,DHL,2025-08-09,2025-08-14,2025-08-14
SHP-ORD-02589,ORD-02589,Carrier B,2025-08-09,2025-08-14,2025-08-16
SHP-ORD-02590,ORD-02590,DHL,2025-08-09,2025-08-14,2025-08-14
SHP-ORD-02591,ORD-02591,FedEx,2025-08-09,2025-08-14,2025-08-14
SHP-ORD-02592,ORD-02592,DHL,2025-08-09,2025-08-14,2025-08-14
SHP-ORD-02593,ORD-02593,DHL,2025-08-09,2025-08-14,2025-08-15
SHP-ORD-02594,ORD-02594,FedEx,2025-08-09,2025-08-14,2025-08-15
SHP-ORD-02595,ORD-02595,Carrier B,2025-08-09,2025-08-14,2025-08-14
SHP-ORD-02596,ORD-02596,DHL,2025-08-09,2025-08-14,2025-08-14
SHP-ORD-02597,ORD-02597,Carrier B,2025-08-09,2025-08-14,2025-08-14
SHP-ORD-02598,ORD-02598,DHL,2025-08-10,2025-08-15,2025-08-15
SHP-ORD-02599,ORD-02599,DHL,2025-08-10,2025-08-15,2025-08-16
SHP-ORD-02600,ORD-02600,DHL,2025-08-10,2025-08-15,2025-08-15
SHP-ORD-02601,ORD-02601,DHL,2025-08-10,2025-08-15,2025-08-17
SHP-ORD-02602,ORD-02602,DHL,2025-08-10,2025-08-15,2025-08-15
SHP-ORD-02603,ORD-02603,Carrier B,2025-08-10,2025-08-15,2025-08-15
SHP-ORD-02604,ORD-02604,DHL,2025-08-10,2025-08-15,2025-08-17
SHP-ORD-02605,ORD-02605,Carrier B,2025-08-10,2025-08-15,2025-08-17
SHP-ORD-02606,ORD-02606,Carrier B,2025-08-10,2025-08-15,2025-08-16
SHP-ORD-02607,ORD-02607,Carrier B,2025-08-10,2025-08-15,2025-08-15
SHP-ORD-02608,ORD-02608,DHL,2025-08-10,2025-08-15,2025-08-16
SHP-ORD-02609,ORD-02609,DHL,2025-08-10,2025-08-15,2025-08-15
SHP-ORD-02610,ORD-02610,FedEx,2025-08-10,2025-08-15,2025-08-16
SHP-ORD-02611,ORD-02611,DHL,2025-08-10,2025-08-15,2025-08-15
SHP-ORD-02612,ORD-02612,FedEx,2025-08-10,2025-08-15,2025-08-16
SHP-ORD-02613,ORD-02613,FedEx,2025-08-10,2025-08-15,2025-08-17
SHP-ORD-02614,ORD-02614,FedEx,2025-08-10,2025-08-15,2025-08-17
SHP-ORD-02615,ORD-02615,Carrier B,2025-08-10,2025-08-15,2025-08-16
SHP-ORD-02616,ORD-02616,Carrier B,2025-08-10,2025-08-15,2025-08-17
SHP-ORD-02617,ORD-02617,DHL,2025-08-10,2025-08-15,2025-08-15
SHP-ORD-02618,ORD-02618,DHL,2025-08-10,2025-08-15,2025-08-16
SHP-ORD-02619,ORD-02619,DHL,2025-08-10,2025-08-15,2025-08-17
SHP-ORD-02620,ORD-02620,DHL,2025-08-10,2025-08-15,2025-08-16
SHP-ORD-02621,ORD-02621,DHL,2025-08-10,2025-08-15,2025-08-16
SHP-ORD-02622,ORD-02622,FedEx,2025-08-10,2025-08-15,2025-08-17
SHP-ORD-02623,ORD-02623,FedEx,2025-08-10,2025-08-15,2025-08-15
SHP-ORD-02624,ORD-02624,DHL,2025-08-10,2025-08-15,2025-08-15
SHP-ORD-02625,ORD-02625,DHL,2025-08-10,2025-08-15,2025-08-16
SHP-ORD-02626,ORD-02626,DHL,2025-08-10,2025-08-15,2025-08-15
SHP-ORD-02627,ORD-02627,Carrier B,2025-08-10,2025-08-15,2025-08-16
SHP-ORD-02628,ORD-02628,FedEx,2025-08-11,2025-08-16,2025-08-16
SHP-ORD-02629,ORD-02629,FedEx,2025-08-11,2025-08-16,2025-08-17
SHP-ORD-02630,ORD-02630,DHL,2025-08-11,2025-08-16,2025-08-17
SHP-ORD-02631,ORD-02631,FedEx,2025-08-11,2025-08-16,2025-08-17
SHP-ORD-02632,ORD-02632,FedEx,2025-08-11,2025-08-16,2025-08-18
SHP-ORD-02633,ORD-02633,FedEx,2025-08-11,2025-08-16,2025-08-18
SHP-ORD-02634,ORD-02634,DHL,2025-08-11,2025-08-16,2025-08-17
SHP-ORD-02635,ORD-02635,FedEx,2025-08-11,2025-08-16,2025-08-18
SHP-ORD-02636,ORD-02636,DHL,2025-08-11,2025-08-16,2025-08-17
SHP-ORD-02637,ORD-02637,DHL,2025-08-11,2025-08-16,2025-08-18
SHP-ORD-02638,ORD-02638,FedEx,2025-08-11,2025-08-16,2025-08-16
SHP-ORD-02639,ORD-02639,DHL,2025-08-11,2025-08-16,2025-08-17
SHP-ORD-02640,ORD-02640,FedEx,2025-08-11,2025-08-16,2025-08-17
SHP-ORD-02641,ORD-02641,Carrier B,2025-08-11,2025-08-16,2025-08-18
SHP-ORD-02642,ORD-02642,Carrier B,2025-08-11,2025-08-16,2025-08-18
SHP-ORD-02643,ORD-02643,FedEx,2025-08-12,2025-08-17,2025-08-19
SHP-ORD-02644,ORD-02644,Carrier B,2025-08-12,2025-08-17,2025-08-17
SHP-ORD-02645,ORD-02645,DHL,2025-08-12,2025-08-17,2025-08-17
SHP-ORD-02646,ORD-02646,Carrier B,2025-08-12,2025-08-17,2025-08-19
SHP-ORD-02647,ORD-02647,DHL,2025-08-12,2025-08-17,2025-08-17
SHP-ORD-02648,ORD-02648,FedEx,2025-08-12,2025-08-17,2025-08-17
SHP-ORD-02649,ORD-02649,Carrier B,2025-08-12,2025-08-17,2025-08-18
SHP-ORD-02650,ORD-02650,FedEx,2025-08-12,2025-08-17,2025-08-18
SHP-ORD-02651,ORD-02651,FedEx,2025-08-12,2025-08-17,2025-08-18
SHP-ORD-02652,ORD-02652,FedEx,2025-08-12,2025-08-17,2025-08-19
SHP-ORD-02653,ORD-02653,FedEx,2025-08-12,2025-08-17,2025-08-17
SHP-ORD-02654,ORD-02654,DHL,2025-08-12,2025-08-17,2025-08-19
SHP-ORD-02655,ORD-02655,DHL,2025-08-12,2025-08-17,2025-08-19
SHP-ORD-02656,ORD-02656,Carrier B,2025-08-12,2025-08-17,2025-08-18
SHP-ORD-02657,ORD-02657,FedEx,2025-08-12,2025-08-17,2025-08-17
SHP-ORD-02658,ORD-02658,Carrier B,2025-08-12,2025-08-17,2025-08-19
SHP-ORD-02659,ORD-02659,Carrier B,2025-08-12,2025-08-17,2025-08-17
SHP-ORD-02660,ORD-02660,FedEx,2025-08-12,2025-08-17,2025-08-17
SHP-ORD-02661,ORD-02661,FedEx,2025-08-12,2025-08-17,2025-08-18
SHP-ORD-02662,ORD-02662,Carrier B,2025-08-12,2025-08-17,2025-08-17
SHP-ORD-02663,ORD-02663,DHL,2025-08-12,2025-08-17,2025-08-17
SHP-ORD-02664,ORD-02664,DHL,2025-08-12,2025-08-17,2025-08-17
SHP-ORD-02665,ORD-02665,DHL,2025-08-13,2025-08-18,2025-08-19
SHP-ORD-02666,ORD-02666,DHL,2025-08-13,2025-08-18,2025-08-19
SHP-ORD-02667,ORD-02667,FedEx,2025-08-13,2025-08-18,2025-08-18
SHP-ORD-02668,ORD-02668,DHL,2025-08-13,2025-08-18,2025-08-19
SHP-ORD-02669,ORD-02669,FedEx,2025-08-13,2025-08-18,2025-08-19
SHP-ORD-02670,ORD-02670,DHL,2025-08-13,2025-08-18,2025-08-20
SHP-ORD-02671,ORD-02671,Carrier B,2025-08-13,2025-08-18,2025-08-18
SHP-ORD-02672,ORD-02672,DHL,2025-08-13,2025-08-18,2025-08-19
SHP-ORD-02673,ORD-02673,Carrier B,2025-08-13,2025-08-18,2025-08-18
SHP-ORD-02674,ORD-02674,DHL,2025-08-13,2025-08-18,2025-08-19
SHP-ORD-02675,ORD-02675,DHL,2025-08-13,2025-08-18,2025-08-19
SHP-ORD-02676,ORD-02676,DHL,2025-08-13,2025-08-18,2025-08-19
SHP-ORD-02677,ORD-02677,Carrier B,2025-08-13,2025-08-18,2025-08-20
SHP-ORD-02678,ORD-02678,DHL,2025-08-13,2025-08-18,2025-08-19
SHP-ORD-02679,ORD-02679,FedEx,2025-08-13,2025-08-18,2025-08-18
SHP-ORD-02680,ORD-02680,Carrier B,2025-08-13,2025-08-18,2025-08-19
SHP-ORD-02681,ORD-02681,DHL,2025-08-13,2025-08-18,2025-08-19
SHP-ORD-02682,ORD-02682,FedEx,2025-08-13,2025-08-18,2025-08-18
SHP-ORD-02683,ORD-02683,DHL,2025-08-13,2025-08-18,2025-08-18
SHP-ORD-02684,ORD-02684,Carrier B,2025-08-13,2025-08-18,2025-08-19
SHP-ORD-02685,ORD-02685,DHL,2025-08-13,2025-08-18,2025-08-20
SHP-ORD-02686,ORD-02686,FedEx,2025-08-13,2025-08-18,2025-08-20
SHP-ORD-02687,ORD-02687,Carrier B,2025-08-14,2025-08-19,2025-08-19
SHP-ORD-02688,ORD-02688,DHL,2025-08-14,2025-08-19,2025-08-20
SHP-ORD-02689,ORD-02689,DHL,2025-08-14,2025-08-19,2025-08-19
SHP-ORD-02690,ORD-02690,FedEx,2025-08-14,2025-08-19,2025-08-20
SHP-ORD-02691,ORD-02691,FedEx,2025-08-14,2025-08-19,2025-08-21
SHP-ORD-02692,ORD-02692,DHL,2025-08-14,2025-08-19,2025-08-21
SHP-ORD-02693,ORD-02693,Carrier B,2025-08-14,2025-08-19,2025-08-19
SHP-ORD-02694,ORD-02694,FedEx,2025-08-14,2025-08-19,2025-08-21
SHP-ORD-02695,ORD-02695,FedEx,2025-08-14,2025-08-19,2025-08-20
SHP-ORD-02696,ORD-02696,FedEx,2025-08-14,2025-08-19,2025-08-19
SHP-ORD-02697,ORD-02697,DHL,2025-08-14,2025-08-19,2025-08-19
SHP-ORD-02698,ORD-02698,FedEx,2025-08-14,2025-08-19,2025-08-20
SHP-ORD-02699,ORD-02699,FedEx,2025-08-14,2025-08-19,2025-08-19
SHP-ORD-02700,ORD-02700,FedEx,2025-08-14,2025-08-19,2025-08-21
SHP-ORD-02701,ORD-02701,DHL,2025-08-14,2025-08-19,2025-08-21
SHP-ORD-02702,ORD-02702,DHL,2025-08-14,2025-08-19,2025-08-20
SHP-ORD-02703,ORD-02703,FedEx,2025-08-14,2025-08-19,2025-08-21
SHP-ORD-02704,ORD-02704,Carrier B,2025-08-14,2025-08-19,2025-08-20
SHP-ORD-02705,ORD-02705,FedEx,2025-08-14,2025-08-19,2025-08-19
SHP-ORD-02706,ORD-02706,FedEx,2025-08-14,2025-08-19,2025-08-20
SHP-ORD-02707,ORD-02707,Carrier B,2025-08-15,2025-08-20,2025-08-22
SHP-ORD-02708,ORD-02708,DHL,2025-08-15,2025-08-20,2025-08-22
SHP-ORD-02709,ORD-02709,DHL,2025-08-15,2025-08-20,2025-08-21
SHP-ORD-02710,ORD-02710,FedEx,2025-08-15,2025-08-20,2025-08-21
SHP-ORD-02711,ORD-02711,DHL,2025-08-15,2025-08-20,2025-08-20
SHP-ORD-02712,ORD-02712,DHL,2025-08-15,2025-08-20,2025-08-21
SHP-ORD-02713,ORD-02713,Carrier B,2025-08-15,2025-08-20,2025-08-21
SHP-ORD-02714,ORD-02714,FedEx,2025-08-15,2025-08-20,2025-08-21
SHP-ORD-02715,ORD-02715,DHL,2025-08-15,2025-08-20,2025-08-22
SHP-ORD-02716,ORD-02716,DHL,2025-08-15,2025-08-20,2025-08-22
SHP-ORD-02717,ORD-02717,Carrier B,2025-08-15,2025-08-20,2025-08-20
SHP-ORD-02718,ORD-02718,FedEx,2025-08-15,2025-08-20,2025-08-22
SHP-ORD-02719,ORD-02719,Carrier B,2025-08-15,2025-08-20,2025-08-21
SHP-ORD-02720,ORD-02720,FedEx,2025-08-15,2025-08-20,2025-08-22
SHP-ORD-02721,ORD-02721,DHL,2025-08-15,2025-08-20,2025-08-21
SHP-ORD-02722,ORD-02722,FedEx,2025-08-15,2025-08-20,2025-08-21
SHP-ORD-02723,ORD-02723,DHL,2025-08-15,2025-08-20,2025-08-22
SHP-ORD-02724,ORD-02724,FedEx,2025-08-15,2025-08-20,2025-08-21
SHP-ORD-02725,ORD-02725,FedEx,2025-08-15,2025-08-20,2025-08-22
SHP-ORD-02726,ORD-02726,FedEx,2025-08-15,2025-08-20,2025-08-21
SHP-ORD-02727,ORD-02727,FedEx,2025-08-15,2025-08-20,2025-08-20
SHP-ORD-02728,ORD-02728,Carrier B,2025-08-15,2025-08-20,2025-08-20
SHP-ORD-02729,ORD-02729,Carrier B,2025-08-15,2025-08-20,2025-08-21
SHP-ORD-02730,ORD-02730,DHL,2025-08-16,2025-08-21,2025-08-23
SHP-ORD-02731,ORD-02731,FedEx,2025-08-16,2025-08-21,2025-08-22
SHP-ORD-02732,ORD-02732,DHL,2025-08-16,2025-08-21,2025-08-23
SHP-ORD-02733,ORD-02733,DHL,2025-08-16,2025-08-21,2025-08-21
SHP-ORD-02734,ORD-02734,Carrier B,2025-08-16,2025-08-21,2025-08-21
SHP-ORD-02735,ORD-02735,DHL,2025-08-16,2025-08-21,2025-08-21
SHP-ORD-02736,ORD-02736,Carrier B,2025-08-16,2025-08-21,2025-08-22
SHP-ORD-02737,ORD-02737,Carrier B,2025-08-16,2025-08-21,2025-08-23
SHP-ORD-02738,ORD-02738,Carrier B,2025-08-16,2025-08-21,2025-08-23
SHP-ORD-02739,ORD-02739,FedEx,2025-08-16,2025-08-21,2025-08-22
SHP-ORD-02740,ORD-02740,FedEx,2025-08-16,2025-08-21,2025-08-21
SHP-ORD-02741,ORD-02741,DHL,2025-08-16,2025-08-21,2025-08-23
SHP-ORD-02742,ORD-02742,DHL,2025-08-16,2025-08-21,2025-08-23
SHP-ORD-02743,ORD-02743,FedEx,2025-08-16,2025-08-21,2025-08-23
SHP-ORD-02744,ORD-02744,FedEx,2025-08-16,2025-08-21,2025-08-22
SHP-ORD-02745,ORD-02745,DHL,2025-08-16,2025-08-21,2025-08-22
SHP-ORD-02746,ORD-02746,DHL,2025-08-16,2025-08-21,2025-08-21
SHP-ORD-02747,ORD-02747,FedEx,2025-08-16,2025-08-21,2025-08-22
SHP-ORD-02748,ORD-02748,DHL,2025-08-16,2025-08-21,2025-08-22
SHP-ORD-02749,ORD-02749,DHL,2025-08-16,2025-08-21,2025-08-21
SHP-ORD-02750,ORD-02750,DHL,2025-08-16,2025-08-21,2025-08-21
SHP-ORD-02751,ORD-02751,FedEx,2025-08-16,2025-08-21,2025-08-22
SHP-ORD-02752,ORD-02752,DHL,2025-08-16,2025-08-21,2025-08-22
SHP-ORD-02753,ORD-02753,DHL,2025-08-17,2025-08-22,2025-08-23
SHP-ORD-02754,ORD-02754,FedEx,2025-08-17,2025-08-22,2025-08-22
SHP-ORD-02755,ORD-02755,DHL,2025-08-17,2025-08-22,2025-08-24
SHP-ORD-02756,ORD-02756,FedEx,2025-08-17,2025-08-22,2025-08-24
SHP-ORD-02757,ORD-02757,FedEx,2025-08-17,2025-08-22,2025-08-23
SHP-ORD-02758,ORD-02758,DHL,2025-08-17,2025-08-22,2025-08-23
SHP-ORD-02759,ORD-02759,FedEx,2025-08-17,2025-08-22,2025-08-23
SHP-ORD-02760,ORD-02760,FedEx,2025-08-17,2025-08-22,2025-08-23
SHP-ORD-02761,ORD-02761,Carrier B,2025-08-17,2025-08-22,2025-08-24
SHP-ORD-02762,ORD-02762,FedEx,2025-08-17,2025-08-22,2025-08-23
SHP-ORD-02763,ORD-02763,Carrier B,2025-08-17,2025-08-22,2025-08-22
SHP-ORD-02764,ORD-02764,DHL,2025-08-17,2025-08-22,2025-08-24
SHP-ORD-02765,ORD-02765,FedEx,2025-08-17,2025-08-22,2025-08-23
SHP-ORD-02766,ORD-02766,FedEx,2025-08-18,2025-08-23,2025-08-23
SHP-ORD-02767,ORD-02767,DHL,2025-08-18,2025-08-23,2025-08-24
SHP-ORD-02768,ORD-02768,DHL,2025-08-18,2025-08-23,2025-08-24
SHP-ORD-02769,ORD-02769,FedEx,2025-08-18,2025-08-23,2025-08-24
SHP-ORD-02770,ORD-02770,FedEx,2025-08-18,2025-08-23,2025-08-23
SHP-ORD-02771,ORD-02771,DHL,2025-08-18,2025-08-23,2025-08-24
SHP-ORD-02772,ORD-02772,FedEx,2025-08-18,2025-08-23,2025-08-24
SHP-ORD-02773,ORD-02773,Carrier B,2025-08-18,2025-08-23,2025-08-24
SHP-ORD-02774,ORD-02774,DHL,2025-08-18,2025-08-23,2025-08-25
SHP-ORD-02775,ORD-02775,DHL,2025-08-18,2025-08-23,2025-08-23
SHP-ORD-02776,ORD-02776,FedEx,2025-08-18,2025-08-23,2025-08-25
SHP-ORD-02777,ORD-02777,FedEx,2025-08-18,2025-08-23,2025-08-23
SHP-ORD-02778,ORD-02778,Carrier B,2025-08-18,2025-08-23,2025-08-24
SHP-ORD-02779,ORD-02779,FedEx,2025-08-18,2025-08-23,2025-08-25
SHP-ORD-02780,ORD-02780,FedEx,2025-08-18,2025-08-23,2025-08-23
SHP-ORD-02781,ORD-02781,DHL,2025-08-18,2025-08-23,2025-08-25
SHP-ORD-02782,ORD-02782,FedEx,2025-08-18,2025-08-23,2025-08-25
SHP-ORD-02783,ORD-02783,DHL,2025-08-18,2025-08-23,2025-08-24
SHP-ORD-02784,ORD-02784,Carrier B,2025-08-19,2025-08-24,2025-08-24
SHP-ORD-02785,ORD-02785,DHL,2025-08-19,2025-08-24,2025-08-24
SHP-ORD-02786,ORD-02786,Carrier B,2025-08-19,2025-08-24,2025-08-24
SHP-ORD-02787,ORD-02787,Carrier B,2025-08-19,2025-08-24,2025-08-26
SHP-ORD-02788,ORD-02788,FedEx,2025-08-19,2025-08-24,2025-08-24
SHP-ORD-02789,ORD-02789,FedEx,2025-08-19,2025-08-24,2025-08-24
SHP-ORD-02790,ORD-02790,DHL,2025-08-19,2025-08-24,2025-08-26
SHP-ORD-02791,ORD-02791,DHL,2025-08-19,2025-08-24,2025-08-24
SHP-ORD-02792,ORD-02792,FedEx,2025-08-19,2025-08-24,2025-08-26
SHP-ORD-02793,ORD-02793,Carrier B,2025-08-19,2025-08-24,2025-08-25
SHP-ORD-02794,ORD-02794,DHL,2025-08-19,2025-08-24,2025-08-25
SHP-ORD-02795,ORD-02795,FedEx,2025-08-19,2025-08-24,2025-08-25
SHP-ORD-02796,ORD-02796,DHL,2025-08-19,2025-08-24,2025-08-25
SHP-ORD-02797,ORD-02797,FedEx,2025-08-19,2025-08-24,2025-08-25
SHP-ORD-02798,ORD-02798,Carrier B,2025-08-19,2025-08-24,2025-08-26
SHP-ORD-02799,ORD-02799,DHL,2025-08-19,2025-08-24,2025-08-26
SHP-ORD-02800,ORD-02800,FedEx,2025-08-19,2025-08-24,2025-08-24
SHP-ORD-02801,ORD-02801,FedEx,2025-08-19,2025-08-24,2025-08-26
SHP-ORD-02802,ORD-02802,Carrier B,2025-08-19,2025-08-24,2025-08-26
SHP-ORD-02803,ORD-02803,DHL,2025-08-19,2025-08-24,2025-08-26
SHP-ORD-02804,ORD-02804,Carrier B,2025-08-19,2025-08-24,2025-08-25
SHP-ORD-02805,ORD-02805,FedEx,2025-08-19,2025-08-24,2025-08-24
SHP-ORD-02806,ORD-02806,FedEx,2025-08-19,2025-08-24,2025-08-24
SHP-ORD-02807,ORD-02807,FedEx,2025-08-19,2025-08-24,2025-08-25
SHP-ORD-02808,ORD-02808,DHL,2025-08-20,2025-08-25,2025-08-26
SHP-ORD-02809,ORD-02809,FedEx,2025-08-20,2025-08-25,2025-08-25
SHP-ORD-02810,ORD-02810,FedEx,2025-08-20,2025-08-25,2025-08-25
SHP-ORD-02811,ORD-02811,DHL,2025-08-20,2025-08-25,2025-08-27
SHP-ORD-02812,ORD-02812,DHL,2025-08-20,2025-08-25,2025-08-27
SHP-ORD-02813,ORD-02813,FedEx,2025-08-20,2025-08-25,2025-08-27
SHP-ORD-02814,ORD-02814,DHL,2025-08-20,2025-08-25,2025-08-25
SHP-ORD-02815,ORD-02815,DHL,2025-08-20,2025-08-25,2025-08-26
SHP-ORD-02816,ORD-02816,FedEx,2025-08-20,2025-08-25,2025-08-27
SHP-ORD-02817,ORD-02817,FedEx,2025-08-20,2025-08-25,2025-08-27
SHP-ORD-02818,ORD-02818,FedEx,2025-08-20,2025-08-25,2025-08-25
SHP-ORD-02819,ORD-02819,DHL,2025-08-20,2025-08-25,2025-08-26
SHP-ORD-02820,ORD-02820,Carrier B,2025-08-20,2025-08-25,2025-08-27
SHP-ORD-02821,ORD-02821,FedEx,2025-08-20,2025-08-25,2025-08-27
SHP-ORD-02822,ORD-02822,FedEx,2025-08-20,2025-08-25,2025-08-26
SHP-ORD-02823,ORD-02823,Carrier B,2025-08-21,2025-08-26,2025-08-27
SHP-ORD-02824,ORD-02824,Carrier B,2025-08-21,2025-08-26,2025-08-27
SHP-ORD-02825,ORD-02825,DHL,2025-08-21,2025-08-26,2025-08-26
SHP-ORD-02826,ORD-02826,Carrier B,2025-08-21,2025-08-26,2025-08-26
SHP-ORD-02827,ORD-02827,DHL,2025-08-21,2025-08-26,2025-08-28
SHP-ORD-02828,ORD-02828,DHL,2025-08-21,2025-08-26,2025-08-27
SHP-ORD-02829,ORD-02829,FedEx,2025-08-21,2025-08-26,2025-08-28
SHP-ORD-02830,ORD-02830,DHL,2025-08-21,2025-08-26,2025-08-28
SHP-ORD-02831,ORD-02831,FedEx,2025-08-21,2025-08-26,2025-08-28
SHP-ORD-02832,ORD-02832,Carrier B,2025-08-21,2025-08-26,2025-08-26
SHP-ORD-02833,ORD-02833,Carrier B,2025-08-21,2025-08-26,2025-08-27
SHP-ORD-02834,ORD-02834,DHL,2025-08-21,2025-08-26,2025-08-26
SHP-ORD-02835,ORD-02835,FedEx,2025-08-21,2025-08-26,2025-08-26
SHP-ORD-02836,ORD-02836,FedEx,2025-08-22,2025-08-27,2025-08-29
SHP-ORD-02837,ORD-02837,FedEx,2025-08-22,2025-08-27,2025-08-28
SHP-ORD-02838,ORD-02838,FedEx,2025-08-22,2025-08-27,2025-08-28
SHP-ORD-02839,ORD-02839,DHL,2025-08-22,2025-08-27,2025-08-29
SHP-ORD-02840,ORD-02840,Carrier B,2025-08-22,2025-08-27,2025-08-29
SHP-ORD-02841,ORD-02841,FedEx,2025-08-22,2025-08-27,2025-08-29
SHP-ORD-02842,ORD-02842,FedEx,2025-08-22,2025-08-27,2025-08-27
SHP-ORD-02843,ORD-02843,DHL,2025-08-22,2025-08-27,2025-08-29
SHP-ORD-02844,ORD-02844,FedEx,2025-08-22,2025-08-27,2025-08-27
SHP-ORD-02845,ORD-02845,Carrier B,2025-08-22,2025-08-27,2025-08-28
SHP-ORD-02846,ORD-02846,FedEx,2025-08-22,2025-08-27,2025-08-29
SHP-ORD-02847,ORD-02847,FedEx,2025-08-22,2025-08-27,2025-08-28
SHP-ORD-02848,ORD-02848,FedEx,2025-08-22,2025-08-27,2025-08-27
SHP-ORD-02849,ORD-02849,FedEx,2025-08-22,2025-08-27,2025-08-28
SHP-ORD-02850,ORD-02850,DHL,2025-08-22,2025-08-27,2025-08-28
SHP-ORD-02851,ORD-02851,FedEx,2025-08-22,2025-08-27,2025-08-29
SHP-ORD-02852,ORD-02852,DHL,2025-08-22,2025-08-27,2025-08-29
SHP-ORD-02853,ORD-02853,DHL,2025-08-22,2025-08-27,2025-08-27
SHP-ORD-02854,ORD-02854,FedEx,2025-08-22,2025-08-27,2025-08-28
SHP-ORD-02855,ORD-02855,FedEx,2025-08-22,2025-08-27,2025-08-29
SHP-ORD-02856,ORD-02856,DHL,2025-08-22,2025-08-27,2025-08-29
SHP-ORD-02857,ORD-02857,DHL,2025-08-22,2025-08-27,2025-08-27
SHP-ORD-02858,ORD-02858,Carrier B,2025-08-22,2025-08-27,2025-08-29
SHP-ORD-02859,ORD-02859,FedEx,2025-08-22,2025-08-27,2025-08-28
SHP-ORD-02860,ORD-02860,FedEx,2025-08-22,2025-08-27,2025-08-27
SHP-ORD-02861,ORD-02861,FedEx,2025-08-22,2025-08-27,2025-08-29
SHP-ORD-02862,ORD-02862,DHL,2025-08-22,2025-08-27,2025-08-28
SHP-ORD-02863,ORD-02863,DHL,2025-08-23,2025-08-28,2025-08-29
SHP-ORD-02864,ORD-02864,Carrier B,2025-08-23,2025-08-28,2025-08-28
SHP-ORD-02865,ORD-02865,DHL,2025-08-23,2025-08-28,2025-08-29
SHP-ORD-02866,ORD-02866,FedEx,2025-08-23,2025-08-28,2025-08-28
SHP-ORD-02867,ORD-02867,DHL,2025-08-23,2025-08-28,2025-08-28
SHP-ORD-02868,ORD-02868,Carrier B,2025-08-23,2025-08-28,2025-08-29
SHP-ORD-02869,ORD-02869,FedEx,2025-08-23,2025-08-28,2025-08-30
SHP-ORD-02870,ORD-02870,DHL,2025-08-23,2025-08-28,2025-08-28
SHP-ORD-02871,ORD-02871,Carrier B,2025-08-23,2025-08-28,2025-08-29
SHP-ORD-02872,ORD-02872,DHL,2025-08-23,2025-08-28,2025-08-29
SHP-ORD-02873,ORD-02873,DHL,2025-08-23,2025-08-28,2025-08-29
SHP-ORD-02874,ORD-02874,FedEx,2025-08-23,2025-08-28,2025-08-30
SHP-ORD-02875,ORD-02875,DHL,2025-08-23,2025-08-28,2025-08-30
SHP-ORD-02876,ORD-02876,FedEx,2025-08-24,2025-08-29,2025-08-30
SHP-ORD-02877,ORD-02877,DHL,2025-08-24,2025-08-29,2025-08-29
SHP-ORD-02878,ORD-02878,FedEx,2025-08-24,2025-08-29,2025-08-29
SHP-ORD-02879,ORD-02879,Carrier B,2025-08-24,2025-08-29,2025-08-29
SHP-ORD-02880,ORD-02880,Carrier B,2025-08-24,2025-08-29,2025-08-29
SHP-ORD-02881,ORD-02881,DHL,2025-08-24,2025-08-29,2025-08-31
SHP-ORD-02882,ORD-02882,FedEx,2025-08-24,2025-08-29,2025-08-30
SHP-ORD-02883,ORD-02883,FedEx,2025-08-24,2025-08-29,2025-08-29
SHP-ORD-02884,ORD-02884,DHL,2025-08-24,2025-08-29,2025-08-29
SHP-ORD-02885,ORD-02885,DHL,2025-08-24,2025-08-29,2025-08-31
SHP-ORD-02886,ORD-02886,DHL,2025-08-24,2025-08-29,2025-08-30
SHP-ORD-02887,ORD-02887,FedEx,2025-08-24,2025-08-29,2025-08-31
SHP-ORD-02888,ORD-02888,DHL,2025-08-24,2025-08-29,2025-08-31
SHP-ORD-02889,ORD-02889,DHL,2025-08-24,2025-08-29,2025-08-31
SHP-ORD-02890,ORD-02890,DHL,2025-08-24,2025-08-29,2025-08-30
SHP-ORD-02891,ORD-02891,DHL,2025-08-24,2025-08-29,2025-08-31
SHP-ORD-02892,ORD-02892,DHL,2025-08-24,2025-08-29,2025-08-30
SHP-ORD-02893,ORD-02893,FedEx,2025-08-24,2025-08-29,2025-08-31
SHP-ORD-02894,ORD-02894,FedEx,2025-08-24,2025-08-29,2025-08-31
SHP-ORD-02895,ORD-02895,DHL,2025-08-24,2025-08-29,2025-08-30
SHP-ORD-02896,ORD-02896,FedEx,2025-08-24,2025-08-29,2025-08-31
SHP-ORD-02897,ORD-02897,DHL,2025-08-24,2025-08-29,2025-08-30
SHP-ORD-02898,ORD-02898,DHL,2025-08-25,2025-08-30,2025-08-31
SHP-ORD-02899,ORD-02899,Carrier B,2025-08-25,2025-08-30,2025-09-01
SHP-ORD-02900,ORD-02900,DHL,2025-08-25,2025-08-30,2025-08-30
SHP-ORD-02901,ORD-02901,FedEx,2025-08-25,2025-08-30,2025-08-31
SHP-ORD-02902,ORD-02902,FedEx,2025-08-25,2025-08-30,2025-08-31
SHP-ORD-02903,ORD-02903,Carrier B,2025-08-25,2025-08-30,2025-08-31
SHP-ORD-02904,ORD-02904,FedEx,2025-08-25,2025-08-30,2025-08-31
SHP-ORD-02905,ORD-02905,DHL,2025-08-25,2025-08-30,2025-08-31
SHP-ORD-02906,ORD-02906,DHL,2025-08-25,2025-08-30,2025-08-30
SHP-ORD-02907,ORD-02907,FedEx,2025-08-25,2025-08-30,2025-08-31
SHP-ORD-02908,ORD-02908,FedEx,2025-08-25,2025-08-30,2025-09-01
SHP-ORD-02909,ORD-02909,DHL,2025-08-25,2025-08-30,2025-08-31
SHP-ORD-02910,ORD-02910,Carrier B,2025-08-25,2025-08-30,2025-08-30
SHP-ORD-02911,ORD-02911,FedEx,2025-08-25,2025-08-30,2025-09-01
SHP-ORD-02912,ORD-02912,Carrier B,2025-08-25,2025-08-30,2025-09-01
SHP-ORD-02913,ORD-02913,DHL,2025-08-25,2025-08-30,2025-08-30
SHP-ORD-02914,ORD-02914,Carrier B,2025-08-25,2025-08-30,2025-09-01
SHP-ORD-02915,ORD-02915,FedEx,2025-08-25,2025-08-30,2025-08-31
SHP-ORD-02916,ORD-02916,FedEx,2025-08-25,2025-08-30,2025-08-31
SHP-ORD-02917,ORD-02917,Carrier B,2025-08-25,2025-08-30,2025-08-31
SHP-ORD-02918,ORD-02918,Carrier B,2025-08-25,2025-08-30,2025-08-30
SHP-ORD-02919,ORD-02919,DHL,2025-08-25,2025-08-30,2025-09-01
SHP-ORD-02920,ORD-02920,DHL,2025-08-25,2025-08-30,2025-09-01
SHP-ORD-02921,ORD-02921,Carrier B,2025-08-25,2025-08-30,2025-08-30
SHP-ORD-02922,ORD-02922,FedEx,2025-08-25,2025-08-30,2025-09-01
SHP-ORD-02923,ORD-02923,DHL,2025-08-25,2025-08-30,2025-08-31
SHP-ORD-02924,ORD-02924,Carrier B,2025-08-26,2025-08-31,2025-09-02
SHP-ORD-02925,ORD-02925,FedEx,2025-08-26,2025-08-31,2025-09-01
SHP-ORD-02926,ORD-02926,FedEx,2025-08-26,2025-08-31,2025-08-31
SHP-ORD-02927,ORD-02927,DHL,2025-08-26,2025-08-31,2025-08-31
SHP-ORD-02928,ORD-02928,FedEx,2025-08-26,2025-08-31,2025-09-02
SHP-ORD-02929,ORD-02929,FedEx,2025-08-26,2025-08-31,2025-09-02
SHP-ORD-02930,ORD-02930,Carrier B,2025-08-26,2025-08-31,2025-09-01
SHP-ORD-02931,ORD-02931,DHL,2025-08-26,2025-08-31,2025-09-01
SHP-ORD-02932,ORD-02932,Carrier B,2025-08-26,2025-08-31,2025-09-01
SHP-ORD-02933,ORD-02933,Carrier B,2025-08-26,2025-08-31,2025-09-01
SHP-ORD-02934,ORD-02934,FedEx,2025-08-26,2025-08-31,2025-09-01
SHP-ORD-02935,ORD-02935,FedEx,2025-08-26,2025-08-31,2025-09-02
SHP-ORD-02936,ORD-02936,FedEx,2025-08-26,2025-08-31,2025-09-01
SHP-ORD-02937,ORD-02937,FedEx,2025-08-26,2025-08-31,2025-08-31
SHP-ORD-02938,ORD-02938,DHL,2025-08-26,2025-08-31,2025-08-31
SHP-ORD-02939,ORD-02939,DHL,2025-08-26,2025-08-31,2025-09-02
SHP-ORD-02940,ORD-02940,DHL,2025-08-26,2025-08-31,2025-09-02
SHP-ORD-02941,ORD-02941,FedEx,2025-08-26,2025-08-31,2025-08-31
SHP-ORD-02942,ORD-02942,FedEx,2025-08-26,2025-08-31,2025-09-02
SHP-ORD-02943,ORD-02943,DHL,2025-08-26,2025-08-31,2025-09-01
SHP-ORD-02944,ORD-02944,DHL,2025-08-26,2025-08-31,2025-09-02
SHP-ORD-02945,ORD-02945,FedEx,2025-08-26,2025-08-31,2025-09-01
SHP-ORD-02946,ORD-02946,DHL,2025-08-26,2025-08-31,2025-09-01
SHP-ORD-02947,ORD-02947,FedEx,2025-08-26,2025-08-31,2025-08-31
SHP-ORD-02948,ORD-02948,FedEx,2025-08-26,2025-08-31,2025-09-01
SHP-ORD-02949,ORD-02949,DHL,2025-08-26,2025-08-31,2025-09-02
SHP-ORD-02950,ORD-02950,FedEx,2025-08-26,2025-08-31,2025-09-02
SHP-ORD-02951,ORD-02951,DHL,2025-08-27,2025-09-01,2025-09-02
SHP-ORD-02952,ORD-02952,FedEx,2025-08-27,2025-09-01,2025-09-01
SHP-ORD-02953,ORD-02953,FedEx,2025-08-27,2025-09-01,2025-09-02
SHP-ORD-02954,ORD-02954,FedEx,2025-08-27,2025-09-01,2025-09-03
SHP-ORD-02955,ORD-02955,Carrier B,2025-08-27,2025-09-01,2025-09-01
SHP-ORD-02956,ORD-02956,DHL,2025-08-27,2025-09-01,2025-09-02
SHP-ORD-02957,ORD-02957,Carrier B,2025-08-27,2025-09-01,2025-09-03
SHP-ORD-02958,ORD-02958,DHL,2025-08-27,2025-09-01,2025-09-01
SHP-ORD-02959,ORD-02959,DHL,2025-08-27,2025-09-01,2025-09-01
SHP-ORD-02960,ORD-02960,FedEx,2025-08-27,2025-09-01,2025-09-02
SHP-ORD-02961,ORD-02961,FedEx,2025-08-27,2025-09-01,2025-09-01
SHP-ORD-02962,ORD-02962,FedEx,2025-08-27,2025-09-01,2025-09-01
SHP-ORD-02963,ORD-02963,FedEx,2025-08-27,2025-09-01,2025-09-01
SHP-ORD-02964,ORD-02964,DHL,2025-08-28,2025-09-02,2025-09-04
SHP-ORD-02965,ORD-02965,FedEx,2025-08-28,2025-09-02,2025-09-03
SHP-ORD-02966,ORD-02966,FedEx,2025-08-28,2025-09-02,2025-09-02
SHP-ORD-02967,ORD-02967,FedEx,2025-08-28,2025-09-02,2025-09-02
SHP-ORD-02968,ORD-02968,DHL,2025-08-28,2025-09-02,2025-09-04
SHP-ORD-02969,ORD-02969,DHL,2025-08-28,2025-09-02,2025-09-03
SHP-ORD-02970,ORD-02970,Carrier B,2025-08-28,2025-09-02,2025-09-04
SHP-ORD-02971,ORD-02971,FedEx,2025-08-28,2025-09-02,2025-09-03
SHP-ORD-02972,ORD-02972,FedEx,2025-08-28,2025-09-02,2025-09-03
SHP-ORD-02973,ORD-02973,FedEx,2025-08-28,2025-09-02,2025-09-02
SHP-ORD-02974,ORD-02974,Carrier B,2025-08-28,2025-09-02,2025-09-03
SHP-ORD-02975,ORD-02975,FedEx,2025-08-28,2025-09-02,2025-09-04
SHP-ORD-02976,ORD-02976,DHL,2025-08-28,2025-09-02,2025-09-03
SHP-ORD-02977,ORD-02977,DHL,2025-08-28,2025-09-02,2025-09-03
SHP-ORD-02978,ORD-02978,FedEx,2025-08-28,2025-09-02,2025-09-03
SHP-ORD-02979,ORD-02979,FedEx,2025-08-28,2025-09-02,2025-09-04
SHP-ORD-02980,ORD-02980,FedEx,2025-08-28,2025-09-02,2025-09-02
SHP-ORD-02981,ORD-02981,Carrier B,2025-08-28,2025-09-02,2025-09-04
SHP-ORD-02982,ORD-02982,DHL,2025-08-28,2025-09-02,2025-09-04
SHP-ORD-02983,ORD-02983,DHL,2025-08-28,2025-09-02,2025-09-04
SHP-ORD-02984,ORD-02984,DHL,2025-08-28,2025-09-02,2025-09-04
SHP-ORD-02985,ORD-02985,DHL,2025-08-28,2025-09-02,2025-09-03
SHP-ORD-02986,ORD-02986,DHL,2025-08-28,2025-09-02,2025-09-04
SHP-ORD-02987,ORD-02987,FedEx,2025-08-28,2025-09-02,2025-09-04
SHP-ORD-02988,ORD-02988,FedEx,2025-08-28,2025-09-02,2025-09-04
SHP-ORD-02989,ORD-02989,FedEx,2025-08-29,2025-09-03,2025-09-04
SHP-ORD-02990,ORD-02990,DHL,2025-08-29,2025-09-03,2025-09-03
SHP-ORD-02991,ORD-02991,FedEx,2025-08-29,2025-09-03,2025-09-04
SHP-ORD-02992,ORD-02992,DHL,2025-08-29,2025-09-03,2025-09-04
SHP-ORD-02993,ORD-02993,FedEx,2025-08-29,2025-09-03,2025-09-04
SHP-ORD-02994,ORD-02994,Carrier B,2025-08-29,2025-09-03,2025-09-04
SHP-ORD-02995,ORD-02995,FedEx,2025-08-29,2025-09-03,2025-09-04
SHP-ORD-02996,ORD-02996,FedEx,2025-08-29,2025-09-03,2025-09-03
SHP-ORD-02997,ORD-02997,Carrier B,2025-08-29,2025-09-03,2025-09-03
SHP-ORD-02998,ORD-02998,DHL,2025-08-29,2025-09-03,2025-09-04
SHP-ORD-02999,ORD-02999,Carrier B,2025-08-29,2025-09-03,2025-09-04
SHP-ORD-03000,ORD-03000,FedEx,2025-08-29,2025-09-03,2025-09-03
SHP-ORD-03001,ORD-03001,FedEx,2025-08-29,2025-09-03,2025-09-05
SHP-ORD-03002,ORD-03002,DHL,2025-08-30,2025-09-04,2025-09-05
SHP-ORD-03003,ORD-03003,Carrier B,2025-08-30,2025-09-04,2025-09-05
SHP-ORD-03004,ORD-03004,FedEx,2025-08-30,2025-09-04,2025-09-06
SHP-ORD-03005,ORD-03005,Carrier B,2025-08-30,2025-09-04,2025-09-04
SHP-ORD-03006,ORD-03006,DHL,2025-08-30,2025-09-04,2025-09-06
SHP-ORD-03007,ORD-03007,Carrier B,2025-08-30,2025-09-04,2025-09-04
SHP-ORD-03008,ORD-03008,FedEx,2025-08-30,2025-09-04,2025-09-05
SHP-ORD-03009,ORD-03009,FedEx,2025-08-30,2025-09-04,2025-09-06
SHP-ORD-03010,ORD-03010,Carrier B,2025-08-30,2025-09-04,2025-09-06
SHP-ORD-03011,ORD-03011,Carrier B,2025-08-30,2025-09-04,2025-09-05
SHP-ORD-03012,ORD-03012,DHL,2025-08-30,2025-09-04,2025-09-05
SHP-ORD-03013,ORD-03013,FedEx,2025-08-30,2025-09-04,2025-09-05
SHP-ORD-03014,ORD-03014,FedEx,2025-08-30,2025-09-04,2025-09-04
SHP-ORD-03015,ORD-03015,DHL,2025-08-30,2025-09-04,2025-09-06
SHP-ORD-03016,ORD-03016,FedEx,2025-08-30,2025-09-04,2025-09-04
SHP-ORD-03017,ORD-03017,FedEx,2025-08-30,2025-09-04,2025-09-06
SHP-ORD-03018,ORD-03018,FedEx,2025-08-30,2025-09-04,2025-09-04
SHP-ORD-03019,ORD-03019,DHL,2025-08-30,2025-09-04,2025-09-04
SHP-ORD-03020,ORD-03020,FedEx,2025-08-30,2025-09-04,2025-09-06
SHP-ORD-03021,ORD-03021,DHL,2025-08-30,2025-09-04,2025-09-06
SHP-ORD-03022,ORD-03022,DHL,2025-08-30,2025-09-04,2025-09-06
SHP-ORD-03023,ORD-03023,DHL,2025-08-30,2025-09-04,2025-09-04
SHP-ORD-03024,ORD-03024,DHL,2025-08-30,2025-09-04,2025-09-06
SHP-ORD-03025,ORD-03025,FedEx,2025-08-30,2025-09-04,2025-09-06
SHP-ORD-03026,ORD-03026,DHL,2025-08-30,2025-09-04,2025-09-06
SHP-ORD-03027,ORD-03027,Carrier B,2025-08-30,2025-09-04,2025-09-05
SHP-ORD-03028,ORD-03028,DHL,2025-08-30,2025-09-04,2025-09-04
SHP-ORD-03029,ORD-03029,Carrier B,2025-08-31,2025-09-05,2025-09-06
SHP-ORD-03030,ORD-03030,DHL,2025-08-31,2025-09-05,2025-09-07
SHP-ORD-03031,ORD-03031,DHL,2025-08-31,2025-09-05,2025-09-05
SHP-ORD-03032,ORD-03032,FedEx,2025-08-31,2025-09-05,2025-09-05
SHP-ORD-03033,ORD-03033,DHL,2025-08-31,2025-09-05,2025-09-07
SHP-ORD-03034,ORD-03034,DHL,2025-08-31,2025-09-05,2025-09-07
SHP-ORD-03035,ORD-03035,FedEx,2025-08-31,2025-09-05,2025-09-06
SHP-ORD-03036,ORD-03036,DHL,2025-08-31,2025-09-05,2025-09-07
SHP-ORD-03037,ORD-03037,FedEx,2025-08-31,2025-09-05,2025-09-05
SHP-ORD-03038,ORD-03038,DHL,2025-08-31,2025-09-05,2025-09-06
SHP-ORD-03039,ORD-03039,DHL,2025-08-31,2025-09-05,2025-09-05
SHP-ORD-03040,ORD-03040,DHL,2025-08-31,2025-09-05,2025-09-07
SHP-ORD-03041,ORD-03041,Carrier B,2025-08-31,2025-09-05,2025-09-07
SHP-ORD-03042,ORD-03042,FedEx,2025-08-31,2025-09-05,2025-09-07
SHP-ORD-03043,ORD-03043,FedEx,2025-08-31,2025-09-05,2025-09-06
SHP-ORD-03044,ORD-03044,FedEx,2025-08-31,2025-09-05,2025-09-07
SHP-ORD-03045,ORD-03045,Carrier B,2025-08-31,2025-09-05,2025-09-07
SHP-ORD-03046,ORD-03046,DHL,2025-08-31,2025-09-05,2025-09-05
SHP-ORD-03047,ORD-03047,DHL,2025-08-31,2025-09-05,2025-09-05
SHP-ORD-03048,ORD-03048,FedEx,2025-08-31,2025-09-05,2025-09-06
SHP-ORD-03049,ORD-03049,DHL,2025-08-31,2025-09-05,2025-09-06
SHP-ORD-03050,ORD-03050,FedEx,2025-08-31,2025-09-05,2025-09-07
SHP-ORD-03051,ORD-03051,DHL,2025-08-31,2025-09-05,2025-09-05
SHP-ORD-03052,ORD-03052,Carrier B,2025-08-31,2025-09-05,2025-09-05
SHP-ORD-03053,ORD-03053,DHL,2025-08-31,2025-09-05,2025-09-06
SHP-ORD-03054,ORD-03054,DHL,2025-08-31,2025-09-05,2025-09-07
SHP-ORD-03055,ORD-03055,DHL,2025-08-31,2025-09-05,2025-09-05
SHP-ORD-03056,ORD-03056,DHL,2025-08-31,2025-09-05,2025-09-06
SHP-ORD-03057,ORD-03057,DHL,2025-08-31,2025-09-05,2025-09-05
SHP-ORD-03058,ORD-03058,DHL,2025-09-01,2025-09-06,2025-09-07
SHP-ORD-03059,ORD-03059,FedEx,2025-09-01,2025-09-06,2025-09-06
SHP-ORD-03060,ORD-03060,FedEx,2025-09-01,2025-09-06,2025-09-06
SHP-ORD-03061,ORD-03061,DHL,2025-09-01,2025-09-06,2025-09-06
SHP-ORD-03062,ORD-03062,DHL,2025-09-01,2025-09-06,2025-09-08
SHP-ORD-03063,ORD-03063,FedEx,2025-09-01,2025-09-06,2025-09-07
SHP-ORD-03064,ORD-03064,DHL,2025-09-01,2025-09-06,2025-09-07
SHP-ORD-03065,ORD-03065,FedEx,2025-09-01,2025-09-06,2025-09-06
SHP-ORD-03066,ORD-03066,FedEx,2025-09-01,2025-09-06,2025-09-08
SHP-ORD-03067,ORD-03067,DHL,2025-09-01,2025-09-06,2025-09-08
SHP-ORD-03068,ORD-03068,DHL,2025-09-01,2025-09-06,2025-09-07
SHP-ORD-03069,ORD-03069,DHL,2025-09-01,2025-09-06,2025-09-06
SHP-ORD-03070,ORD-03070,DHL,2025-09-01,2025-09-06,2025-09-06
SHP-ORD-03071,ORD-03071,Carrier B,2025-09-01,2025-09-06,2025-09-07
SHP-ORD-03072,ORD-03072,DHL,2025-09-01,2025-09-06,2025-09-08
SHP-ORD-03073,ORD-03073,FedEx,2025-09-01,2025-09-06,2025-09-08
SHP-ORD-03074,ORD-03074,FedEx,2025-09-01,2025-09-06,2025-09-06
SHP-ORD-03075,ORD-03075,FedEx,2025-09-01,2025-09-06,2025-09-08
SHP-ORD-03076,ORD-03076,Carrier B,2025-09-01,2025-09-06,2025-09-07
SHP-ORD-03077,ORD-03077,FedEx,2025-09-01,2025-09-06,2025-09-06
SHP-ORD-03078,ORD-03078,FedEx,2025-09-01,2025-09-06,2025-09-06
SHP-ORD-03079,ORD-03079,FedEx,2025-09-02,2025-09-07,2025-09-08
SHP-ORD-03080,ORD-03080,Carrier B,2025-09-02,2025-09-07,2025-09-09
SHP-ORD-03081,ORD-03081,FedEx,2025-09-02,2025-09-07,2025-09-07
SHP-ORD-03082,ORD-03082,Carrier B,2025-09-02,2025-09-07,2025-09-07
SHP-ORD-03083,ORD-03083,FedEx,2025-09-02,2025-09-07,2025-09-09
SHP-ORD-03084,ORD-03084,FedEx,2025-09-02,2025-09-07,2025-09-07
SHP-ORD-03085,ORD-03085,FedEx,2025-09-02,2025-09-07,2025-09-09
SHP-ORD-03086,ORD-03086,Carrier B,2025-09-02,2025-09-07,2025-09-09
SHP-ORD-03087,ORD-03087,Carrier B,2025-09-02,2025-09-07,2025-09-08
SHP-ORD-03088,ORD-03088,FedEx,2025-09-02,2025-09-07,2025-09-09
SHP-ORD-03089,ORD-03089,FedEx,2025-09-02,2025-09-07,2025-09-08
SHP-ORD-03090,ORD-03090,DHL,2025-09-02,2025-09-07,2025-09-08
SHP-ORD-03091,ORD-03091,FedEx,2025-09-02,2025-09-07,2025-09-07
SHP-ORD-03092,ORD-03092,FedEx,2025-09-02,2025-09-07,2025-09-08
SHP-ORD-03093,ORD-03093,FedEx,2025-09-02,2025-09-07,2025-09-08
SHP-ORD-03094,ORD-03094,FedEx,2025-09-02,2025-09-07,2025-09-09
SHP-ORD-03095,ORD-03095,FedEx,2025-09-02,2025-09-07,2025-09-09
SHP-ORD-03096,ORD-03096,FedEx,2025-09-02,2025-09-07,2025-09-07
SHP-ORD-03097,ORD-03097,FedEx,2025-09-02,2025-09-07,2025-09-09
SHP-ORD-03098,ORD-03098,Carrier B,2025-09-03,2025-09-08,2025-09-10
SHP-ORD-03099,ORD-03099,FedEx,2025-09-03,2025-09-08,2025-09-10
SHP-ORD-03100,ORD-03100,DHL,2025-09-03,2025-09-08,2025-09-10
SHP-ORD-03101,ORD-03101,FedEx,2025-09-03,2025-09-08,2025-09-10
SHP-ORD-03102,ORD-03102,DHL,2025-09-03,2025-09-08,2025-09-08
SHP-ORD-03103,ORD-03103,FedEx,2025-09-03,2025-09-08,2025-09-09
SHP-ORD-03104,ORD-03104,DHL,2025-09-03,2025-09-08,2025-09-09
SHP-ORD-03105,ORD-03105,FedEx,2025-09-03,2025-09-08,2025-09-10
SHP-ORD-03106,ORD-03106,Carrier B,2025-09-03,2025-09-08,2025-09-08
SHP-ORD-03107,ORD-03107,FedEx,2025-09-03,2025-09-08,2025-09-09
SHP-ORD-03108,ORD-03108,FedEx,2025-09-03,2025-09-08,2025-09-09
SHP-ORD-03109,ORD-03109,Carrier B,2025-09-03,2025-09-08,2025-09-10
SHP-ORD-03110,ORD-03110,DHL,2025-09-03,2025-09-08,2025-09-08
SHP-ORD-03111,ORD-03111,FedEx,2025-09-03,2025-09-08,2025-09-09
SHP-ORD-03112,ORD-03112,Carrier B,2025-09-03,2025-09-08,2025-09-09
SHP-ORD-03113,ORD-03113,FedEx,2025-09-03,2025-09-08,2025-09-10
SHP-ORD-03114,ORD-03114,FedEx,2025-09-03,2025-09-08,2025-09-10
SHP-ORD-03115,ORD-03115,Carrier B,2025-09-03,2025-09-08,2025-09-10
SHP-ORD-03116,ORD-03116,FedEx,2025-09-03,2025-09-08,2025-09-10
SHP-ORD-03117,ORD-03117,Carrier B,2025-09-04,2025-09-09,2025-09-10
SHP-ORD-03118,ORD-03118,FedEx,2025-09-04,2025-09-09,2025-09-10
SHP-ORD-03119,ORD-03119,DHL,2025-09-04,2025-09-09,2025-09-09
SHP-ORD-03120,ORD-03120,DHL,2025-09-04,2025-09-09,2025-09-09
SHP-ORD-03121,ORD-03121,Carrier B,2025-09-04,2025-09-09,2025-09-09
SHP-ORD-03122,ORD-03122,DHL,2025-09-04,2025-09-09,2025-09-10
SHP-ORD-03123,ORD-03123,FedEx,2025-09-04,2025-09-09,2025-09-11
SHP-ORD-03124,ORD-03124,DHL,2025-09-04,2025-09-09,2025-09-09
SHP-ORD-03125,ORD-03125,FedEx,2025-09-04,2025-09-09,2025-09-11
SHP-ORD-03126,ORD-03126,DHL,2025-09-04,2025-09-09,2025-09-09
SHP-ORD-03127,ORD-03127,Carrier B,2025-09-04,2025-09-09,2025-09-10
SHP-ORD-03128,ORD-03128,DHL,2025-09-04,2025-09-09,2025-09-10
SHP-ORD-03129,ORD-03129,DHL,2025-09-04,2025-09-09,2025-09-11
SHP-ORD-03130,ORD-03130,FedEx,2025-09-04,2025-09-09,2025-09-10
SHP-ORD-03131,ORD-03131,DHL,2025-09-05,2025-09-10,2025-09-10
SHP-ORD-03132,ORD-03132,FedEx,2025-09-05,2025-09-10,2025-09-10
SHP-ORD-03133,ORD-03133,DHL,2025-09-05,2025-09-10,2025-09-11
SHP-ORD-03134,ORD-03134,FedEx,2025-09-05,2025-09-10,2025-09-10
SHP-ORD-03135,ORD-03135,DHL,2025-09-05,2025-09-10,2025-09-11
SHP-ORD-03136,ORD-03136,FedEx,2025-09-05,2025-09-10,2025-09-10
SHP-ORD-03137,ORD-03137,DHL,2025-09-05,2025-09-10,2025-09-11
SHP-ORD-03138,ORD-03138,FedEx,2025-09-05,2025-09-10,2025-09-12
SHP-ORD-03139,ORD-03139,Carrier B,2025-09-05,2025-09-10,2025-09-12
SHP-ORD-03140,ORD-03140,FedEx,2025-09-05,2025-09-10,2025-09-10
SHP-ORD-03141,ORD-03141,DHL,2025-09-05,2025-09-10,2025-09-11
SHP-ORD-03142,ORD-03142,FedEx,2025-09-05,2025-09-10,2025-09-12
SHP-ORD-03143,ORD-03143,DHL,2025-09-05,2025-09-10,2025-09-11
SHP-ORD-03144,ORD-03144,FedEx,2025-09-05,2025-09-10,2025-09-10
SHP-ORD-03145,ORD-03145,DHL,2025-09-05,2025-09-10,2025-09-11
SHP-ORD-03146,ORD-03146,FedEx,2025-09-05,2025-09-10,2025-09-11
SHP-ORD-03147,ORD-03147,DHL,2025-09-05,2025-09-10,2025-09-11
SHP-ORD-03148,ORD-03148,FedEx,2025-09-05,2025-09-10,2025-09-12
SHP-ORD-03149,ORD-03149,FedEx,2025-09-05,2025-09-10,2025-09-11
SHP-ORD-03150,ORD-03150,DHL,2025-09-05,2025-09-10,2025-09-11
SHP-ORD-03151,ORD-03151,FedEx,2025-09-05,2025-09-10,2025-09-11
SHP-ORD-03152,ORD-03152,FedEx,2025-09-05,2025-09-10,2025-09-12
SHP-ORD-03153,ORD-03153,Carrier B,2025-09-05,2025-09-10,2025-09-11
SHP-ORD-03154,ORD-03154,Carrier B,2025-09-05,2025-09-10,2025-09-12
SHP-ORD-03155,ORD-03155,DHL,2025-09-05,2025-09-10,2025-09-11
SHP-ORD-03156,ORD-03156,FedEx,2025-09-05,2025-09-10,2025-09-12
SHP-ORD-03157,ORD-03157,FedEx,2025-09-05,2025-09-10,2025-09-10
SHP-ORD-03158,ORD-03158,DHL,2025-09-05,2025-09-10,2025-09-10
SHP-ORD-03159,ORD-03159,FedEx,2025-09-06,2025-09-11,2025-09-11
SHP-ORD-03160,ORD-03160,Carrier B,2025-09-06,2025-09-11,2025-09-13
SHP-ORD-03161,ORD-03161,FedEx,2025-09-06,2025-09-11,2025-09-12
SHP-ORD-03162,ORD-03162,Carrier B,2025-09-06,2025-09-11,2025-09-11
SHP-ORD-03163,ORD-03163,DHL,2025-09-06,2025-09-11,2025-09-11
SHP-ORD-03164,ORD-03164,DHL,2025-09-06,2025-09-11,2025-09-12
SHP-ORD-03165,ORD-03165,FedEx,2025-09-06,2025-09-11,2025-09-13
SHP-ORD-03166,ORD-03166,Carrier B,2025-09-06,2025-09-11,2025-09-12
SHP-ORD-03167,ORD-03167,FedEx,2025-09-06,2025-09-11,2025-09-13
SHP-ORD-03168,ORD-03168,DHL,2025-09-06,2025-09-11,2025-09-12
SHP-ORD-03169,ORD-03169,Carrier B,2025-09-06,2025-09-11,2025-09-12
SHP-ORD-03170,ORD-03170,FedEx,2025-09-06,2025-09-11,2025-09-13
SHP-ORD-03171,ORD-03171,DHL,2025-09-06,2025-09-11,2025-09-11
SHP-ORD-03172,ORD-03172,DHL,2025-09-06,2025-09-11,2025-09-13
SHP-ORD-03173,ORD-03173,FedEx,2025-09-06,2025-09-11,2025-09-13
SHP-ORD-03174,ORD-03174,DHL,2025-09-06,2025-09-11,2025-09-12
SHP-ORD-03175,ORD-03175,FedEx,2025-09-06,2025-09-11,2025-09-12
SHP-ORD-03176,ORD-03176,FedEx,2025-09-06,2025-09-11,2025-09-13
SHP-ORD-03177,ORD-03177,DHL,2025-09-06,2025-09-11,2025-09-12
SHP-ORD-03178,ORD-03178,DHL,2025-09-06,2025-09-11,2025-09-13
SHP-ORD-03179,ORD-03179,FedEx,2025-09-06,2025-09-11,2025-09-12
SHP-ORD-03180,ORD-03180,Carrier B,2025-09-06,2025-09-11,2025-09-11
SHP-ORD-03181,ORD-03181,Carrier B,2025-09-06,2025-09-11,2025-09-13
SHP-ORD-03182,ORD-03182,DHL,2025-09-06,2025-09-11,2025-09-13
SHP-ORD-03183,ORD-03183,DHL,2025-09-06,2025-09-11,2025-09-11
SHP-ORD-03184,ORD-03184,FedEx,2025-09-07,2025-09-12,2025-09-12
SHP-ORD-03185,ORD-03185,DHL,2025-09-07,2025-09-12,2025-09-14
SHP-ORD-03186,ORD-03186,DHL,2025-09-07,2025-09-12,2025-09-13
SHP-ORD-03187,ORD-03187,FedEx,2025-09-07,2025-09-12,2025-09-13
SHP-ORD-03188,ORD-03188,DHL,2025-09-07,2025-09-12,2025-09-13
SHP-ORD-03189,ORD-03189,FedEx,2025-09-07,2025-09-12,2025-09-14
SHP-ORD-03190,ORD-03190,FedEx,2025-09-07,2025-09-12,2025-09-12
SHP-ORD-03191,ORD-03191,DHL,2025-09-07,2025-09-12,2025-09-12
SHP-ORD-03192,ORD-03192,DHL,2025-09-07,2025-09-12,2025-09-12
SHP-ORD-03193,ORD-03193,DHL,2025-09-07,2025-09-12,2025-09-14
SHP-ORD-03194,ORD-03194,DHL,2025-09-07,2025-09-12,2025-09-13
SHP-ORD-03195,ORD-03195,Carrier B,2025-09-07,2025-09-12,2025-09-12
SHP-ORD-03196,ORD-03196,DHL,2025-09-07,2025-09-12,2025-09-14
SHP-ORD-03197,ORD-03197,DHL,2025-09-07,2025-09-12,2025-09-12
SHP-ORD-03198,ORD-03198,FedEx,2025-09-07,2025-09-12,2025-09-13
SHP-ORD-03199,ORD-03199,FedEx,2025-09-07,2025-09-12,2025-09-13
SHP-ORD-03200,ORD-03200,FedEx,2025-09-07,2025-09-12,2025-09-14
SHP-ORD-03201,ORD-03201,DHL,2025-09-07,2025-09-12,2025-09-14
SHP-ORD-03202,ORD-03202,DHL,2025-09-08,2025-09-13,2025-09-15
SHP-ORD-03203,ORD-03203,FedEx,2025-09-08,2025-09-13,2025-09-15
SHP-ORD-03204,ORD-03204,FedEx,2025-09-08,2025-09-13,2025-09-14
SHP-ORD-03205,ORD-03205,FedEx,2025-09-08,2025-09-13,2025-09-14
SHP-ORD-03206,ORD-03206,FedEx,2025-09-08,2025-09-13,2025-09-15
SHP-ORD-03207,ORD-03207,Carrier B,2025-09-08,2025-09-13,2025-09-13
SHP-ORD-03208,ORD-03208,DHL,2025-09-08,2025-09-13,2025-09-14
SHP-ORD-03209,ORD-03209,FedEx,2025-09-08,2025-09-13,2025-09-15
SHP-ORD-03210,ORD-03210,DHL,2025-09-08,2025-09-13,2025-09-13
SHP-ORD-03211,ORD-03211,DHL,2025-09-08,2025-09-13,2025-09-15
SHP-ORD-03212,ORD-03212,DHL,2025-09-08,2025-09-13,2025-09-15
SHP-ORD-03213,ORD-03213,FedEx,2025-09-08,2025-09-13,2025-09-14
SHP-ORD-03214,ORD-03214,DHL,2025-09-08,2025-09-13,2025-09-15
SHP-ORD-03215,ORD-03215,FedEx,2025-09-08,2025-09-13,2025-09-14
SHP-ORD-03216,ORD-03216,Carrier B,2025-09-08,2025-09-13,2025-09-14
SHP-ORD-03217,ORD-03217,DHL,2025-09-08,2025-09-13,2025-09-14
SHP-ORD-03218,ORD-03218,DHL,2025-09-08,2025-09-13,2025-09-15
SHP-ORD-03219,ORD-03219,FedEx,2025-09-08,2025-09-13,2025-09-13
SHP-ORD-03220,ORD-03220,FedEx,2025-09-08,2025-09-13,2025-09-15
SHP-ORD-03221,ORD-03221,FedEx,2025-09-08,2025-09-13,2025-09-14
SHP-ORD-03222,ORD-03222,Carrier B,2025-09-09,2025-09-14,2025-09-14
SHP-ORD-03223,ORD-03223,FedEx,2025-09-09,2025-09-14,2025-09-15
SHP-ORD-03224,ORD-03224,FedEx,2025-09-09,2025-09-14,2025-09-15
SHP-ORD-03225,ORD-03225,Carrier B,2025-09-09,2025-09-14,2025-09-14
SHP-ORD-03226,ORD-03226,DHL,2025-09-09,2025-09-14,2025-09-16
SHP-ORD-03227,ORD-03227,DHL,2025-09-09,2025-09-14,2025-09-14
SHP-ORD-03228,ORD-03228,FedEx,2025-09-09,2025-09-14,2025-09-15
SHP-ORD-03229,ORD-03229,DHL,2025-09-09,2025-09-14,2025-09-14
SHP-ORD-03230,ORD-03230,FedEx,2025-09-09,2025-09-14,2025-09-15
SHP-ORD-03231,ORD-03231,DHL,2025-09-09,2025-09-14,2025-09-14
SHP-ORD-03232,ORD-03232,FedEx,2025-09-09,2025-09-14,2025-09-14
SHP-ORD-03233,ORD-03233,DHL,2025-09-09,2025-09-14,2025-09-14
SHP-ORD-03234,ORD-03234,DHL,2025-09-09,2025-09-14,2025-09-15
SHP-ORD-03235,ORD-03235,DHL,2025-09-09,2025-09-14,2025-09-16
SHP-ORD-03236,ORD-03236,DHL,2025-09-09,2025-09-14,2025-09-16
SHP-ORD-03237,ORD-03237,FedEx,2025-09-09,2025-09-14,2025-09-14
SHP-ORD-03238,ORD-03238,FedEx,2025-09-09,2025-09-14,2025-09-16
SHP-ORD-03239,ORD-03239,DHL,2025-09-09,2025-09-14,2025-09-14
SHP-ORD-03240,ORD-03240,DHL,2025-09-09,2025-09-14,2025-09-15
SHP-ORD-03241,ORD-03241,Carrier B,2025-09-09,2025-09-14,2025-09-15
SHP-ORD-03242,ORD-03242,DHL,2025-09-09,2025-09-14,2025-09-15
SHP-ORD-03243,ORD-03243,DHL,2025-09-09,2025-09-14,2025-09-16
SHP-ORD-03244,ORD-03244,Carrier B,2025-09-09,2025-09-14,2025-09-16
SHP-ORD-03245,ORD-03245,FedEx,2025-09-10,2025-09-15,2025-09-15
SHP-ORD-03246,ORD-03246,DHL,2025-09-10,2025-09-15,2025-09-17
SHP-ORD-03247,ORD-03247,FedEx,2025-09-10,2025-09-15,2025-09-17
SHP-ORD-03248,ORD-03248,FedEx,2025-09-10,2025-09-15,2025-09-15
SHP-ORD-03249,ORD-03249,DHL,2025-09-10,2025-09-15,2025-09-17
SHP-ORD-03250,ORD-03250,DHL,2025-09-10,2025-09-15,2025-09-15
SHP-ORD-03251,ORD-03251,DHL,2025-09-10,2025-09-15,2025-09-16
SHP-ORD-03252,ORD-03252,DHL,2025-09-10,2025-09-15,2025-09-17
SHP-ORD-03253,ORD-03253,DHL,2025-09-10,2025-09-15,2025-09-15
SHP-ORD-03254,ORD-03254,FedEx,2025-09-10,2025-09-15,2025-09-16
SHP-ORD-03255,ORD-03255,DHL,2025-09-10,2025-09-15,2025-09-17
SHP-ORD-03256,ORD-03256,DHL,2025-09-10,2025-09-15,2025-09-15
SHP-ORD-03257,ORD-03257,Carrier B,2025-09-10,2025-09-15,2025-09-16
SHP-ORD-03258,ORD-03258,FedEx,2025-09-10,2025-09-15,2025-09-17
SHP-ORD-03259,ORD-03259,FedEx,2025-09-10,2025-09-15,2025-09-15
SHP-ORD-03260,ORD-03260,DHL,2025-09-10,2025-09-15,2025-09-16
SHP-ORD-03261,ORD-03261,Carrier B,2025-09-11,2025-09-16,2025-09-18
SHP-ORD-03262,ORD-03262,DHL,2025-09-11,2025-09-16,2025-09-18
SHP-ORD-03263,ORD-03263,DHL,2025-09-11,2025-09-16,2025-09-18
SHP-ORD-03264,ORD-03264,Carrier B,2025-09-11,2025-09-16,2025-09-18
SHP-ORD-03265,ORD-03265,Carrier B,2025-09-11,2025-09-16,2025-09-16
SHP-ORD-03266,ORD-03266,DHL,2025-09-11,2025-09-16,2025-09-16
SHP-ORD-03267,ORD-03267,DHL,2025-09-11,2025-09-16,2025-09-17
SHP-ORD-03268,ORD-03268,FedEx,2025-09-11,2025-09-16,2025-09-18
SHP-ORD-03269,ORD-03269,Carrier B,2025-09-11,2025-09-16,2025-09-18
SHP-ORD-03270,ORD-03270,DHL,2025-09-11,2025-09-16,2025-09-16
SHP-ORD-03271,ORD-03271,Carrier B,2025-09-11,2025-09-16,2025-09-16
SHP-ORD-03272,ORD-03272,FedEx,2025-09-11,2025-09-16,2025-09-17
SHP-ORD-03273,ORD-03273,DHL,2025-09-11,2025-09-16,2025-09-18
SHP-ORD-03274,ORD-03274,DHL,2025-09-11,2025-09-16,2025-09-16
SHP-ORD-03275,ORD-03275,DHL,2025-09-11,2025-09-16,2025-09-18
SHP-ORD-03276,ORD-03276,FedEx,2025-09-11,2025-09-16,2025-09-18
SHP-ORD-03277,ORD-03277,DHL,2025-09-11,2025-09-16,2025-09-16
SHP-ORD-03278,ORD-03278,DHL,2025-09-11,2025-09-16,2025-09-16
SHP-ORD-03279,ORD-03279,DHL,2025-09-11,2025-09-16,2025-09-18
SHP-ORD-03280,ORD-03280,FedEx,2025-09-12,2025-09-17,2025-09-19
SHP-ORD-03281,ORD-03281,DHL,2025-09-12,2025-09-17,2025-09-18
SHP-ORD-03282,ORD-03282,FedEx,2025-09-12,2025-09-17,2025-09-17
SHP-ORD-03283,ORD-03283,FedEx,2025-09-12,2025-09-17,2025-09-17
SHP-ORD-03284,ORD-03284,DHL,2025-09-12,2025-09-17,2025-09-19
SHP-ORD-03285,ORD-03285,Carrier B,2025-09-12,2025-09-17,2025-09-18
SHP-ORD-03286,ORD-03286,DHL,2025-09-12,2025-09-17,2025-09-19
SHP-ORD-03287,ORD-03287,DHL,2025-09-12,2025-09-17,2025-09-18
SHP-ORD-03288,ORD-03288,FedEx,2025-09-12,2025-09-17,2025-09-17
SHP-ORD-03289,ORD-03289,DHL,2025-09-12,2025-09-17,2025-09-19
SHP-ORD-03290,ORD-03290,FedEx,2025-09-12,2025-09-17,2025-09-17
SHP-ORD-03291,ORD-03291,Carrier B,2025-09-12,2025-09-17,2025-09-19
SHP-ORD-03292,ORD-03292,Carrier B,2025-09-13,2025-09-18,2025-09-18
SHP-ORD-03293,ORD-03293,DHL,2025-09-13,2025-09-18,2025-09-18
SHP-ORD-03294,ORD-03294,DHL,2025-09-13,2025-09-18,2025-09-20
SHP-ORD-03295,ORD-03295,DHL,2025-09-13,2025-09-18,2025-09-19
SHP-ORD-03296,ORD-03296,DHL,2025-09-13,2025-09-18,2025-09-18
SHP-ORD-03297,ORD-03297,FedEx,2025-09-13,2025-09-18,2025-09-18
SHP-ORD-03298,ORD-03298,FedEx,2025-09-13,2025-09-18,2025-09-18
SHP-ORD-03299,ORD-03299,DHL,2025-09-13,2025-09-18,2025-09-18
SHP-ORD-03300,ORD-03300,Carrier B,2025-09-13,2025-09-18,2025-09-20
SHP-ORD-03301,ORD-03301,FedEx,2025-09-13,2025-09-18,2025-09-20
SHP-ORD-03302,ORD-03302,FedEx,2025-09-13,2025-09-18,2025-09-19
SHP-ORD-03303,ORD-03303,DHL,2025-09-13,2025-09-18,2025-09-19
SHP-ORD-03304,ORD-03304,Carrier B,2025-09-13,2025-09-18,2025-09-18
SHP-ORD-03305,ORD-03305,FedEx,2025-09-13,2025-09-18,2025-09-20
SHP-ORD-03306,ORD-03306,FedEx,2025-09-13,2025-09-18,2025-09-18
SHP-ORD-03307,ORD-03307,DHL,2025-09-13,2025-09-18,2025-09-19
SHP-ORD-03308,ORD-03308,DHL,2025-09-13,2025-09-18,2025-09-20
SHP-ORD-03309,ORD-03309,FedEx,2025-09-13,2025-09-18,2025-09-18
SHP-ORD-03310,ORD-03310,FedEx,2025-09-13,2025-09-18,2025-09-18
SHP-ORD-03311,ORD-03311,DHL,2025-09-13,2025-09-18,2025-09-19
SHP-ORD-03312,ORD-03312,DHL,2025-09-13,2025-09-18,2025-09-18
SHP-ORD-03313,ORD-03313,Carrier B,2025-09-13,2025-09-18,2025-09-19
SHP-ORD-03314,ORD-03314,DHL,2025-09-13,2025-09-18,2025-09-18
SHP-ORD-03315,ORD-03315,FedEx,2025-09-13,2025-09-18,2025-09-19
SHP-ORD-03316,ORD-03316,DHL,2025-09-13,2025-09-18,2025-09-18
SHP-ORD-03317,ORD-03317,DHL,2025-09-13,2025-09-18,2025-09-18
SHP-ORD-03318,ORD-03318,FedEx,2025-09-14,2025-09-19,2025-09-21
SHP-ORD-03319,ORD-03319,Carrier B,2025-09-14,2025-09-19,2025-09-21
SHP-ORD-03320,ORD-03320,Carrier B,2025-09-14,2025-09-19,2025-09-19
SHP-ORD-03321,ORD-03321,FedEx,2025-09-14,2025-09-19,2025-09-21
SHP-ORD-03322,ORD-03322,FedEx,2025-09-14,2025-09-19,2025-09-20
SHP-ORD-03323,ORD-03323,FedEx,2025-09-14,2025-09-19,2025-09-20
SHP-ORD-03324,ORD-03324,FedEx,2025-09-14,2025-09-19,2025-09-21
SHP-ORD-03325,ORD-03325,DHL,2025-09-14,2025-09-19,2025-09-19
SHP-ORD-03326,ORD-03326,DHL,2025-09-14,2025-09-19,2025-09-21
SHP-ORD-03327,ORD-03327,Carrier B,2025-09-14,2025-09-19,2025-09-20
SHP-ORD-03328,ORD-03328,FedEx,2025-09-14,2025-09-19,2025-09-19
SHP-ORD-03329,ORD-03329,DHL,2025-09-14,2025-09-19,2025-09-21
SHP-ORD-03330,ORD-03330,Carrier B,2025-09-14,2025-09-19,2025-09-20
SHP-ORD-03331,ORD-03331,DHL,2025-09-14,2025-09-19,2025-09-21
SHP-ORD-03332,ORD-03332,FedEx,2025-09-14,2025-09-19,2025-09-19
SHP-ORD-03333,ORD-03333,FedEx,2025-09-14,2025-09-19,2025-09-21
SHP-ORD-03334,ORD-03334,FedEx,2025-09-14,2025-09-19,2025-09-21
SHP-ORD-03335,ORD-03335,Carrier B,2025-09-14,2025-09-19,2025-09-21
SHP-ORD-03336,ORD-03336,Carrier B,2025-09-14,2025-09-19,2025-09-20
SHP-ORD-03337,ORD-03337,Carrier B,2025-09-14,2025-09-19,2025-09-19
SHP-ORD-03338,ORD-03338,Carrier B,2025-09-14,2025-09-19,2025-09-20
SHP-ORD-03339,ORD-03339,FedEx,2025-09-14,2025-09-19,2025-09-20
SHP-ORD-03340,ORD-03340,Carrier B,2025-09-14,2025-09-19,2025-09-21
SHP-ORD-03341,ORD-03341,Carrier B,2025-09-15,2025-09-20,2025-09-21
SHP-ORD-03342,ORD-03342,FedEx,2025-09-15,2025-09-20,2025-09-21
SHP-ORD-03343,ORD-03343,FedEx,2025-09-15,2025-09-20,2025-09-22
SHP-ORD-03344,ORD-03344,DHL,2025-09-15,2025-09-20,2025-09-20
SHP-ORD-03345,ORD-03345,FedEx,2025-09-15,2025-09-20,2025-09-21
SHP-ORD-03346,ORD-03346,FedEx,2025-09-15,2025-09-20,2025-09-22
SHP-ORD-03347,ORD-03347,Carrier B,2025-09-15,2025-09-20,2025-09-21
SHP-ORD-03348,ORD-03348,Carrier B,2025-09-15,2025-09-20,2025-09-22
SHP-ORD-03349,ORD-03349,FedEx,2025-09-15,2025-09-20,2025-09-21
SHP-ORD-03350,ORD-03350,DHL,2025-09-15,2025-09-20,2025-09-22
SHP-ORD-03351,ORD-03351,Carrier B,2025-09-15,2025-09-20,2025-09-21
SHP-ORD-03352,ORD-03352,DHL,2025-09-15,2025-09-20,2025-09-21
SHP-ORD-03353,ORD-03353,FedEx,2025-09-15,2025-09-20,2025-09-22
SHP-ORD-03354,ORD-03354,DHL,2025-09-15,2025-09-20,2025-09-20
SHP-ORD-03355,ORD-03355,Carrier B,2025-09-15,2025-09-20,2025-09-21
SHP-ORD-03356,ORD-03356,Carrier B,2025-09-15,2025-09-20,2025-09-21
SHP-ORD-03357,ORD-03357,FedEx,2025-09-15,2025-09-20,2025-09-22
SHP-ORD-03358,ORD-03358,FedEx,2025-09-15,2025-09-20,2025-09-22
SHP-ORD-03359,ORD-03359,Carrier B,2025-09-16,2025-09-21,2025-09-23
SHP-ORD-03360,ORD-03360,FedEx,2025-09-16,2025-09-21,2025-09-22
SHP-ORD-03361,ORD-03361,DHL,2025-09-16,2025-09-21,2025-09-23
SHP-ORD-03362,ORD-03362,FedEx,2025-09-16,2025-09-21,2025-09-22
SHP-ORD-03363,ORD-03363,FedEx,2025-09-16,2025-09-21,2025-09-21
SHP-ORD-03364,ORD-03364,DHL,2025-09-16,2025-09-21,2025-09-21
SHP-ORD-03365,ORD-03365,FedEx,2025-09-16,2025-09-21,2025-09-22
SHP-ORD-03366,ORD-03366,Carrier B,2025-09-16,2025-09-21,2025-09-21
SHP-ORD-03367,ORD-03367,FedEx,2025-09-16,2025-09-21,2025-09-22
SHP-ORD-03368,ORD-03368,Carrier B,2025-09-16,2025-09-21,2025-09-23
SHP-ORD-03369,ORD-03369,Carrier B,2025-09-16,2025-09-21,2025-09-22
SHP-ORD-03370,ORD-03370,FedEx,2025-09-16,2025-09-21,2025-09-22
SHP-ORD-03371,ORD-03371,DHL,2025-09-16,2025-09-21,2025-09-21
SHP-ORD-03372,ORD-03372,FedEx,2025-09-17,2025-09-22,2025-09-22
SHP-ORD-03373,ORD-03373,DHL,2025-09-17,2025-09-22,2025-09-22
SHP-ORD-03374,ORD-03374,DHL,2025-09-17,2025-09-22,2025-09-23
SHP-ORD-03375,ORD-03375,FedEx,2025-09-17,2025-09-22,2025-09-24
SHP-ORD-03376,ORD-03376,DHL,2025-09-17,2025-09-22,2025-09-23
SHP-ORD-03377,ORD-03377,DHL,2025-09-17,2025-09-22,2025-09-22
SHP-ORD-03378,ORD-03378,Carrier B,2025-09-17,2025-09-22,2025-09-23
SHP-ORD-03379,ORD-03379,FedEx,2025-09-17,2025-09-22,2025-09-23
SHP-ORD-03380,ORD-03380,DHL,2025-09-17,2025-09-22,2025-09-24
SHP-ORD-03381,ORD-03381,FedEx,2025-09-17,2025-09-22,2025-09-24
SHP-ORD-03382,ORD-03382,Carrier B,2025-09-17,2025-09-22,2025-09-24
SHP-ORD-03383,ORD-03383,FedEx,2025-09-17,2025-09-22,2025-09-22
SHP-ORD-03384,ORD-03384,DHL,2025-09-17,2025-09-22,2025-09-22
SHP-ORD-03385,ORD-03385,FedEx,2025-09-17,2025-09-22,2025-09-22
SHP-ORD-03386,ORD-03386,DHL,2025-09-18,2025-09-23,2025-09-23
SHP-ORD-03387,ORD-03387,Carrier B,2025-09-18,2025-09-23,2025-09-23
SHP-ORD-03388,ORD-03388,DHL,2025-09-18,2025-09-23,2025-09-24
SHP-ORD-03389,ORD-03389,DHL,2025-09-18,2025-09-23,2025-09-25
SHP-ORD-03390,ORD-03390,DHL,2025-09-18,2025-09-23,2025-09-24
SHP-ORD-03391,ORD-03391,Carrier B,2025-09-18,2025-09-23,2025-09-24
SHP-ORD-03392,ORD-03392,DHL,2025-09-18,2025-09-23,2025-09-25
SHP-ORD-03393,ORD-03393,Carrier B,2025-09-18,2025-09-23,2025-09-24
SHP-ORD-03394,ORD-03394,DHL,2025-09-18,2025-09-23,2025-09-23
SHP-ORD-03395,ORD-03395,DHL,2025-09-18,2025-09-23,2025-09-25
SHP-ORD-03396,ORD-03396,FedEx,2025-09-18,2025-09-23,2025-09-24
SHP-ORD-03397,ORD-03397,DHL,2025-09-18,2025-09-23,2025-09-25
SHP-ORD-03398,ORD-03398,FedEx,2025-09-18,2025-09-23,2025-09-23
SHP-ORD-03399,ORD-03399,Carrier B,2025-09-18,2025-09-23,2025-09-25
SHP-ORD-03400,ORD-03400,DHL,2025-09-18,2025-09-23,2025-09-25
SHP-ORD-03401,ORD-03401,Carrier B,2025-09-18,2025-09-23,2025-09-23
SHP-ORD-03402,ORD-03402,FedEx,2025-09-18,2025-09-23,2025-09-24
SHP-ORD-03403,ORD-03403,FedEx,2025-09-18,2025-09-23,2025-09-23
SHP-ORD-03404,ORD-03404,Carrier B,2025-09-18,2025-09-23,2025-09-23
SHP-ORD-03405,ORD-03405,FedEx,2025-09-18,2025-09-23,2025-09-24
SHP-ORD-03406,ORD-03406,DHL,2025-09-18,2025-09-23,2025-09-23
SHP-ORD-03407,ORD-03407,Carrier B,2025-09-19,2025-09-24,2025-09-24
SHP-ORD-03408,ORD-03408,DHL,2025-09-19,2025-09-24,2025-09-26
SHP-ORD-03409,ORD-03409,FedEx,2025-09-19,2025-09-24,2025-09-26
SHP-ORD-03410,ORD-03410,Carrier B,2025-09-19,2025-09-24,2025-09-24
SHP-ORD-03411,ORD-03411,FedEx,2025-09-19,2025-09-24,2025-09-25
SHP-ORD-03412,ORD-03412,Carrier B,2025-09-19,2025-09-24,2025-09-26
SHP-ORD-03413,ORD-03413,FedEx,2025-09-19,2025-09-24,2025-09-25
SHP-ORD-03414,ORD-03414,DHL,2025-09-19,2025-09-24,2025-09-26
SHP-ORD-03415,ORD-03415,FedEx,2025-09-19,2025-09-24,2025-09-26
SHP-ORD-03416,ORD-03416,DHL,2025-09-19,2025-09-24,2025-09-25
SHP-ORD-03417,ORD-03417,FedEx,2025-09-19,2025-09-24,2025-09-26
SHP-ORD-03418,ORD-03418,Carrier B,2025-09-19,2025-09-24,2025-09-25
SHP-ORD-03419,ORD-03419,DHL,2025-09-19,2025-09-24,2025-09-24
SHP-ORD-03420,ORD-03420,FedEx,2025-09-19,2025-09-24,2025-09-25
SHP-ORD-03421,ORD-03421,DHL,2025-09-20,2025-09-25,2025-09-26
SHP-ORD-03422,ORD-03422,DHL,2025-09-20,2025-09-25,2025-09-26
SHP-ORD-03423,ORD-03423,FedEx,2025-09-20,2025-09-25,2025-09-26
SHP-ORD-03424,ORD-03424,FedEx,2025-09-20,2025-09-25,2025-09-25
SHP-ORD-03425,ORD-03425,DHL,2025-09-20,2025-09-25,2025-09-26
SHP-ORD-03426,ORD-03426,FedEx,2025-09-20,2025-09-25,2025-09-26
SHP-ORD-03427,ORD-03427,FedEx,2025-09-20,2025-09-25,2025-09-27
SHP-ORD-03428,ORD-03428,FedEx,2025-09-20,2025-09-25,2025-09-26
SHP-ORD-03429,ORD-03429,DHL,2025-09-20,2025-09-25,2025-09-27
SHP-ORD-03430,ORD-03430,DHL,2025-09-20,2025-09-25,2025-09-26
SHP-ORD-03431,ORD-03431,FedEx,2025-09-20,2025-09-25,2025-09-26
SHP-ORD-03432,ORD-03432,Carrier B,2025-09-20,2025-09-25,2025-09-26
SHP-ORD-03433,ORD-03433,Carrier B,2025-09-20,2025-09-25,2025-09-26
SHP-ORD-03434,ORD-03434,FedEx,2025-09-20,2025-09-25,2025-09-27
SHP-ORD-03435,ORD-03435,FedEx,2025-09-20,2025-09-25,2025-09-26
SHP-ORD-03436,ORD-03436,Carrier B,2025-09-20,2025-09-25,2025-09-26
SHP-ORD-03437,ORD-03437,DHL,2025-09-20,2025-09-25,2025-09-25
SHP-ORD-03438,ORD-03438,FedEx,2025-09-20,2025-09-25,2025-09-26
SHP-ORD-03439,ORD-03439,DHL,2025-09-21,2025-09-26,2025-09-26
SHP-ORD-03440,ORD-03440,DHL,2025-09-21,2025-09-26,2025-09-27
SHP-ORD-03441,ORD-03441,FedEx,2025-09-21,2025-09-26,2025-09-27
SHP-ORD-03442,ORD-03442,DHL,2025-09-21,2025-09-26,2025-09-28
SHP-ORD-03443,ORD-03443,DHL,2025-09-21,2025-09-26,2025-09-26
SHP-ORD-03444,ORD-03444,DHL,2025-09-21,2025-09-26,2025-09-27
SHP-ORD-03445,ORD-03445,Carrier B,2025-09-21,2025-09-26,2025-09-27
SHP-ORD-03446,ORD-03446,FedEx,2025-09-21,2025-09-26,2025-09-26
SHP-ORD-03447,ORD-03447,DHL,2025-09-21,2025-09-26,2025-09-28
SHP-ORD-03448,ORD-03448,DHL,2025-09-21,2025-09-26,2025-09-26
SHP-ORD-03449,ORD-03449,DHL,2025-09-21,2025-09-26,2025-09-26
SHP-ORD-03450,ORD-03450,FedEx,2025-09-21,2025-09-26,2025-09-28
SHP-ORD-03451,ORD-03451,FedEx,2025-09-21,2025-09-26,2025-09-28
SHP-ORD-03452,ORD-03452,FedEx,2025-09-21,2025-09-26,2025-09-27
SHP-ORD-03453,ORD-03453,FedEx,2025-09-21,2025-09-26,2025-09-27
SHP-ORD-03454,ORD-03454,FedEx,2025-09-21,2025-09-26,2025-09-27
SHP-ORD-03455,ORD-03455,DHL,2025-09-21,2025-09-26,2025-09-26
SHP-ORD-03456,ORD-03456,FedEx,2025-09-21,2025-09-26,2025-09-27
SHP-ORD-03457,ORD-03457,DHL,2025-09-21,2025-09-26,2025-09-27
SHP-ORD-03458,ORD-03458,FedEx,2025-09-21,2025-09-26,2025-09-27
SHP-ORD-03459,ORD-03459,FedEx,2025-09-21,2025-09-26,2025-09-27
SHP-ORD-03460,ORD-03460,FedEx,2025-09-21,2025-09-26,2025-09-28
SHP-ORD-03461,ORD-03461,FedEx,2025-09-21,2025-09-26,2025-09-28
SHP-ORD-03462,ORD-03462,DHL,2025-09-21,2025-09-26,2025-09-28
SHP-ORD-03463,ORD-03463,FedEx,2025-09-22,2025-09-27,2025-09-27
SHP-ORD-03464,ORD-03464,Carrier B,2025-09-22,2025-09-27,2025-09-27
SHP-ORD-03465,ORD-03465,Carrier B,2025-09-22,2025-09-27,2025-09-29
SHP-ORD-03466,ORD-03466,DHL,2025-09-22,2025-09-27,2025-09-29
SHP-ORD-03467,ORD-03467,DHL,2025-09-22,2025-09-27,2025-09-28
SHP-ORD-03468,ORD-03468,FedEx,2025-09-22,2025-09-27,2025-09-28
SHP-ORD-03469,ORD-03469,DHL,2025-09-22,2025-09-27,2025-09-27
SHP-ORD-03470,ORD-03470,DHL,2025-09-22,2025-09-27,2025-09-27
SHP-ORD-03471,ORD-03471,FedEx,2025-09-22,2025-09-27,2025-09-27
SHP-ORD-03472,ORD-03472,FedEx,2025-09-22,2025-09-27,2025-09-27
SHP-ORD-03473,ORD-03473,FedEx,2025-09-22,2025-09-27,2025-09-28
SHP-ORD-03474,ORD-03474,DHL,2025-09-22,2025-09-27,2025-09-29
SHP-ORD-03475,ORD-03475,DHL,2025-09-23,2025-09-28,2025-09-29
SHP-ORD-03476,ORD-03476,FedEx,2025-09-23,2025-09-28,2025-09-30
SHP-ORD-03477,ORD-03477,DHL,2025-09-23,2025-09-28,2025-09-30
SHP-ORD-03478,ORD-03478,DHL,2025-09-23,2025-09-28,2025-09-29
SHP-ORD-03479,ORD-03479,DHL,2025-09-23,2025-09-28,2025-09-28
SHP-ORD-03480,ORD-03480,FedEx,2025-09-23,2025-09-28,2025-09-30
SHP-ORD-03481,ORD-03481,DHL,2025-09-23,2025-09-28,2025-09-29
SHP-ORD-03482,ORD-03482,DHL,2025-09-23,2025-09-28,2025-09-30
SHP-ORD-03483,ORD-03483,DHL,2025-09-23,2025-09-28,2025-09-30
SHP-ORD-03484,ORD-03484,DHL,2025-09-23,2025-09-28,2025-09-29
SHP-ORD-03485,ORD-03485,DHL,2025-09-23,2025-09-28,2025-09-28
SHP-ORD-03486,ORD-03486,FedEx,2025-09-23,2025-09-28,2025-09-29
SHP-ORD-03487,ORD-03487,DHL,2025-09-23,2025-09-28,2025-09-30
SHP-ORD-03488,ORD-03488,Carrier B,2025-09-23,2025-09-28,2025-09-30
SHP-ORD-03489,ORD-03489,DHL,2025-09-23,2025-09-28,2025-09-29
SHP-ORD-03490,ORD-03490,FedEx,2025-09-23,2025-09-28,2025-09-28
SHP-ORD-03491,ORD-03491,FedEx,2025-09-23,2025-09-28,2025-09-28
SHP-ORD-03492,ORD-03492,Carrier B,2025-09-24,2025-09-29,2025-09-29
SHP-ORD-03493,ORD-03493,FedEx,2025-09-24,2025-09-29,2025-10-01
SHP-ORD-03494,ORD-03494,FedEx,2025-09-24,2025-09-29,2025-09-30
SHP-ORD-03495,ORD-03495,FedEx,2025-09-24,2025-09-29,2025-09-30
SHP-ORD-03496,ORD-03496,Carrier B,2025-09-24,2025-09-29,2025-10-01
SHP-ORD-03497,ORD-03497,FedEx,2025-09-24,2025-09-29,2025-09-30
SHP-ORD-03498,ORD-03498,DHL,2025-09-24,2025-09-29,2025-09-30
SHP-ORD-03499,ORD-03499,DHL,2025-09-24,2025-09-29,2025-09-30
SHP-ORD-03500,ORD-03500,FedEx,2025-09-24,2025-09-29,2025-09-29
SHP-ORD-03501,ORD-03501,Carrier B,2025-09-24,2025-09-29,2025-09-30
SHP-ORD-03502,ORD-03502,DHL,2025-09-24,2025-09-29,2025-09-29
SHP-ORD-03503,ORD-03503,DHL,2025-09-24,2025-09-29,2025-10-01
SHP-ORD-03504,ORD-03504,Carrier B,2025-09-24,2025-09-29,2025-09-29
SHP-ORD-03505,ORD-03505,Carrier B,2025-09-24,2025-09-29,2025-09-30
SHP-ORD-03506,ORD-03506,DHL,2025-09-24,2025-09-29,2025-10-01
SHP-ORD-03507,ORD-03507,FedEx,2025-09-24,2025-09-29,2025-09-30
SHP-ORD-03508,ORD-03508,Carrier B,2025-09-24,2025-09-29,2025-09-29
SHP-ORD-03509,ORD-03509,DHL,2025-09-24,2025-09-29,2025-09-29
SHP-ORD-03510,ORD-03510,Carrier B,2025-09-24,2025-09-29,2025-10-01
SHP-ORD-03511,ORD-03511,Carrier B,2025-09-24,2025-09-29,2025-09-30
SHP-ORD-03512,ORD-03512,FedEx,2025-09-24,2025-09-29,2025-10-01
SHP-ORD-03513,ORD-03513,Carrier B,2025-09-24,2025-09-29,2025-09-29
SHP-ORD-03514,ORD-03514,FedEx,2025-09-24,2025-09-29,2025-10-01
SHP-ORD-03515,ORD-03515,DHL,2025-09-24,2025-09-29,2025-09-29
SHP-ORD-03516,ORD-03516,FedEx,2025-09-24,2025-09-29,2025-09-30
SHP-ORD-03517,ORD-03517,Carrier B,2025-09-24,2025-09-29,2025-09-29
SHP-ORD-03518,ORD-03518,DHL,2025-09-25,2025-09-30,2025-10-01
SHP-ORD-03519,ORD-03519,DHL,2025-09-25,2025-09-30,2025-10-02
SHP-ORD-03520,ORD-03520,Carrier B,2025-09-25,2025-09-30,2025-10-02
SHP-ORD-03521,ORD-03521,DHL,2025-09-25,2025-09-30,2025-10-02
SHP-ORD-03522,ORD-03522,DHL,2025-09-25,2025-09-30,2025-10-01
SHP-ORD-03523,ORD-03523,Carrier B,2025-09-25,2025-09-30,2025-10-02
SHP-ORD-03524,ORD-03524,DHL,2025-09-25,2025-09-30,2025-10-02
SHP-ORD-03525,ORD-03525,Carrier B,2025-09-25,2025-09-30,2025-10-01
SHP-ORD-03526,ORD-03526,Carrier B,2025-09-25,2025-09-30,2025-10-02
SHP-ORD-03527,ORD-03527,FedEx,2025-09-25,2025-09-30,2025-09-30
SHP-ORD-03528,ORD-03528,DHL,2025-09-25,2025-09-30,2025-09-30
SHP-ORD-03529,ORD-03529,FedEx,2025-09-25,2025-09-30,2025-09-30
SHP-ORD-03530,ORD-03530,DHL,2025-09-25,2025-09-30,2025-10-02
SHP-ORD-03531,ORD-03531,FedEx,2025-09-25,2025-09-30,2025-10-02
SHP-ORD-03532,ORD-03532,DHL,2025-09-25,2025-09-30,2025-10-02
SHP-ORD-03533,ORD-03533,FedEx,2025-09-25,2025-09-30,2025-10-01
SHP-ORD-03534,ORD-03534,FedEx,2025-09-25,2025-09-30,2025-10-01
SHP-ORD-03535,ORD-03535,FedEx,2025-09-25,2025-09-30,2025-10-01
SHP-ORD-03536,ORD-03536,FedEx,2025-09-25,2025-09-30,2025-10-02
SHP-ORD-03537,ORD-03537,DHL,2025-09-25,2025-09-30,2025-09-30
SHP-ORD-03538,ORD-03538,FedEx,2025-09-25,2025-09-30,2025-09-30
SHP-ORD-03539,ORD-03539,FedEx,2025-09-25,2025-09-30,2025-10-01
SHP-ORD-03540,ORD-03540,FedEx,2025-09-25,2025-09-30,2025-10-01
SHP-ORD-03541,ORD-03541,DHL,2025-09-25,2025-09-30,2025-09-30
SHP-ORD-03542,ORD-03542,Carrier B,2025-09-25,2025-09-30,2025-10-01
SHP-ORD-03543,ORD-03543,FedEx,2025-09-25,2025-09-30,2025-10-01
SHP-ORD-03544,ORD-03544,DHL,2025-09-25,2025-09-30,2025-10-01
SHP-ORD-03545,ORD-03545,DHL,2025-09-25,2025-09-30,2025-09-30
SHP-ORD-03546,ORD-03546,FedEx,2025-09-25,2025-09-30,2025-10-02
SHP-ORD-03547,ORD-03547,DHL,2025-09-25,2025-09-30,2025-10-02
SHP-ORD-03548,ORD-03548,FedEx,2025-09-26,2025-10-01,2025-10-02
SHP-ORD-03549,ORD-03549,DHL,2025-09-26,2025-10-01,2025-10-02
SHP-ORD-03550,ORD-03550,FedEx,2025-09-26,2025-10-01,2025-10-03
SHP-ORD-03551,ORD-03551,Carrier B,2025-09-26,2025-10-01,2025-10-03
SHP-ORD-03552,ORD-03552,FedEx,2025-09-26,2025-10-01,2025-10-01
SHP-ORD-03553,ORD-03553,DHL,2025-09-26,2025-10-01,2025-10-01
SHP-ORD-03554,ORD-03554,Carrier B,2025-09-26,2025-10-01,2025-10-01
SHP-ORD-03555,ORD-03555,FedEx,2025-09-26,2025-10-01,2025-10-03
SHP-ORD-03556,ORD-03556,DHL,2025-09-26,2025-10-01,2025-10-02
SHP-ORD-03557,ORD-03557,FedEx,2025-09-26,2025-10-01,2025-10-02
SHP-ORD-03558,ORD-03558,DHL,2025-09-26,2025-10-01,2025-10-02
SHP-ORD-03559,ORD-03559,FedEx,2025-09-26,2025-10-01,2025-10-02
SHP-ORD-03560,ORD-03560,FedEx,2025-09-26,2025-10-01,2025-10-01
SHP-ORD-03561,ORD-03561,DHL,2025-09-26,2025-10-01,2025-10-03
SHP-ORD-03562,ORD-03562,DHL,2025-09-26,2025-10-01,2025-10-01
SHP-ORD-03563,ORD-03563,DHL,2025-09-26,2025-10-01,2025-10-03
SHP-ORD-03564,ORD-03564,FedEx,2025-09-27,2025-10-02,2025-10-03
SHP-ORD-03565,ORD-03565,FedEx,2025-09-27,2025-10-02,2025-10-02
SHP-ORD-03566,ORD-03566,DHL,2025-09-27,2025-10-02,2025-10-04
SHP-ORD-03567,ORD-03567,DHL,2025-09-27,2025-10-02,2025-10-03
SHP-ORD-03568,ORD-03568,FedEx,2025-09-27,2025-10-02,2025-10-02
SHP-ORD-03569,ORD-03569,FedEx,2025-09-27,2025-10-02,2025-10-04
SHP-ORD-03570,ORD-03570,FedEx,2025-09-27,2025-10-02,2025-10-03
SHP-ORD-03571,ORD-03571,FedEx,2025-09-27,2025-10-02,2025-10-04
SHP-ORD-03572,ORD-03572,FedEx,2025-09-27,2025-10-02,2025-10-03
SHP-ORD-03573,ORD-03573,FedEx,2025-09-27,2025-10-02,2025-10-03
SHP-ORD-03574,ORD-03574,DHL,2025-09-27,2025-10-02,2025-10-04
SHP-ORD-03575,ORD-03575,DHL,2025-09-27,2025-10-02,2025-10-03
SHP-ORD-03576,ORD-03576,FedEx,2025-09-27,2025-10-02,2025-10-04
SHP-ORD-03577,ORD-03577,FedEx,2025-09-27,2025-10-02,2025-10-02
SHP-ORD-03578,ORD-03578,FedEx,2025-09-27,2025-10-02,2025-10-04
SHP-ORD-03579,ORD-03579,DHL,2025-09-27,2025-10-02,2025-10-02
SHP-ORD-03580,ORD-03580,Carrier B,2025-09-27,2025-10-02,2025-10-04
SHP-ORD-03581,ORD-03581,DHL,2025-09-28,2025-10-03,2025-10-03
SHP-ORD-03582,ORD-03582,DHL,2025-09-28,2025-10-03,2025-10-05
SHP-ORD-03583,ORD-03583,Carrier B,2025-09-28,2025-10-03,2025-10-03
SHP-ORD-03584,ORD-03584,FedEx,2025-09-28,2025-10-03,2025-10-05
SHP-ORD-03585,ORD-03585,FedEx,2025-09-28,2025-10-03,2025-10-03
SHP-ORD-03586,ORD-03586,DHL,2025-09-28,2025-10-03,2025-10-05
SHP-ORD-03587,ORD-03587,FedEx,2025-09-28,2025-10-03,2025-10-03
SHP-ORD-03588,ORD-03588,DHL,2025-09-28,2025-10-03,2025-10-05
SHP-ORD-03589,ORD-03589,DHL,2025-09-28,2025-10-03,2025-10-04
SHP-ORD-03590,ORD-03590,DHL,2025-09-28,2025-10-03,2025-10-05
SHP-ORD-03591,ORD-03591,FedEx,2025-09-28,2025-10-03,2025-10-05
SHP-ORD-03592,ORD-03592,DHL,2025-09-28,2025-10-03,2025-10-03
SHP-ORD-03593,ORD-03593,DHL,2025-09-28,2025-10-03,2025-10-03
SHP-ORD-03594,ORD-03594,Carrier B,2025-09-28,2025-10-03,2025-10-05
SHP-ORD-03595,ORD-03595,DHL,2025-09-28,2025-10-03,2025-10-04
SHP-ORD-03596,ORD-03596,Carrier B,2025-09-28,2025-10-03,2025-10-04
SHP-ORD-03597,ORD-03597,FedEx,2025-09-29,2025-10-04,2025-10-05
SHP-ORD-03598,ORD-03598,DHL,2025-09-29,2025-10-04,2025-10-05
SHP-ORD-03599,ORD-03599,FedEx,2025-09-29,2025-10-04,2025-10-06
SHP-ORD-03600,ORD-03600,FedEx,2025-09-29,2025-10-04,2025-10-04
SHP-ORD-03601,ORD-03601,Carrier B,2025-09-29,2025-10-04,2025-10-06
SHP-ORD-03602,ORD-03602,Carrier B,2025-09-29,2025-10-04,2025-10-05
SHP-ORD-03603,ORD-03603,FedEx,2025-09-29,2025-10-04,2025-10-04
SHP-ORD-03604,ORD-03604,FedEx,2025-09-29,2025-10-04,2025-10-04
SHP-ORD-03605,ORD-03605,FedEx,2025-09-29,2025-10-04,2025-10-06
SHP-ORD-03606,ORD-03606,Carrier B,2025-09-29,2025-10-04,2025-10-06
SHP-ORD-03607,ORD-03607,FedEx,2025-09-29,2025-10-04,2025-10-05
SHP-ORD-03608,ORD-03608,FedEx,2025-09-29,2025-10-04,2025-10-05
SHP-ORD-03609,ORD-03609,FedEx,2025-09-29,2025-10-04,2025-10-06
SHP-ORD-03610,ORD-03610,DHL,2025-09-29,2025-10-04,2025-10-06
SHP-ORD-03611,ORD-03611,Carrier B,2025-09-29,2025-10-04,2025-10-06
SHP-ORD-03612,ORD-03612,FedEx,2025-09-29,2025-10-04,2025-10-05
SHP-ORD-03613,ORD-03613,DHL,2025-09-29,2025-10-04,2025-10-04
SHP-ORD-03614,ORD-03614,FedEx,2025-09-29,2025-10-04,2025-10-05
SHP-ORD-03615,ORD-03615,DHL,2025-09-29,2025-10-04,2025-10-06
SHP-ORD-03616,ORD-03616,DHL,2025-09-29,2025-10-04,2025-10-05
SHP-ORD-03617,ORD-03617,FedEx,2025-09-29,2025-10-04,2025-10-04
SHP-ORD-03618,ORD-03618,FedEx,2025-09-29,2025-10-04,2025-10-06
SHP-ORD-03619,ORD-03619,Carrier B,2025-09-29,2025-10-04,2025-10-05
SHP-ORD-03620,ORD-03620,FedEx,2025-09-29,2025-10-04,2025-10-04
SHP-ORD-03621,ORD-03621,DHL,2025-09-29,2025-10-04,2025-10-04
SHP-ORD-03622,ORD-03622,FedEx,2025-09-29,2025-10-04,2025-10-04
SHP-ORD-03623,ORD-03623,FedEx,2025-09-29,2025-10-04,2025-10-05
SHP-ORD-03624,ORD-03624,DHL,2025-09-29,2025-10-04,2025-10-05
SHP-ORD-03625,ORD-03625,Carrier B,2025-09-29,2025-10-04,2025-10-04
SHP-ORD-03626,ORD-03626,DHL,2025-09-29,2025-10-04,2025-10-05
SHP-ORD-03627,ORD-03627,FedEx,2025-09-30,2025-10-05,2025-10-05
SHP-ORD-03628,ORD-03628,DHL,2025-09-30,2025-10-05,2025-10-07
SHP-ORD-03629,ORD-03629,DHL,2025-09-30,2025-10-05,2025-10-07
SHP-ORD-03630,ORD-03630,DHL,2025-09-30,2025-10-05,2025-10-06
SHP-ORD-03631,ORD-03631,DHL,2025-09-30,2025-10-05,2025-10-07
SHP-ORD-03632,ORD-03632,FedEx,2025-09-30,2025-10-05,2025-10-06
SHP-ORD-03633,ORD-03633,DHL,2025-09-30,2025-10-05,2025-10-07
SHP-ORD-03634,ORD-03634,DHL,2025-09-30,2025-10-05,2025-10-07
SHP-ORD-03635,ORD-03635,FedEx,2025-09-30,2025-10-05,2025-10-05
SHP-ORD-03636,ORD-03636,DHL,2025-09-30,2025-10-05,2025-10-07
SHP-ORD-03637,ORD-03637,FedEx,2025-10-01,2025-10-06,2025-10-07
SHP-ORD-03638,ORD-03638,FedEx,2025-10-01,2025-10-06,2025-10-08
SHP-ORD-03639,ORD-03639,Carrier B,2025-10-01,2025-10-06,2025-10-08
SHP-ORD-03640,ORD-03640,FedEx,2025-10-01,2025-10-06,2025-10-06
SHP-ORD-03641,ORD-03641,FedEx,2025-10-01,2025-10-06,2025-10-06
SHP-ORD-03642,ORD-03642,DHL,2025-10-01,2025-10-06,2025-10-06
SHP-ORD-03643,ORD-03643,Carrier B,2025-10-01,2025-10-06,2025-10-06
SHP-ORD-03644,ORD-03644,Carrier B,2025-10-01,2025-10-06,2025-10-07
SHP-ORD-03645,ORD-03645,DHL,2025-10-01,2025-10-06,2025-10-06
SHP-ORD-03646,ORD-03646,FedEx,2025-10-01,2025-10-06,2025-10-06
SHP-ORD-03647,ORD-03647,Carrier B,2025-10-01,2025-10-06,2025-10-06
SHP-ORD-03648,ORD-03648,DHL,2025-10-01,2025-10-06,2025-10-08
SHP-ORD-03649,ORD-03649,FedEx,2025-10-01,2025-10-06,2025-10-08
SHP-ORD-03650,ORD-03650,Carrier B,2025-10-01,2025-10-06,2025-10-06
SHP-ORD-03651,ORD-03651,FedEx,2025-10-01,2025-10-06,2025-10-06
SHP-ORD-03652,ORD-03652,FedEx,2025-10-01,2025-10-06,2025-10-08
SHP-ORD-03653,ORD-03653,Carrier B,2025-10-01,2025-10-06,2025-10-07
SHP-ORD-03654,ORD-03654,DHL,2025-10-01,2025-10-06,2025-10-06
SHP-ORD-03655,ORD-03655,FedEx,2025-10-01,2025-10-06,2025-10-07
SHP-ORD-03656,ORD-03656,FedEx,2025-10-01,2025-10-06,2025-10-07
SHP-ORD-03657,ORD-03657,DHL,2025-10-01,2025-10-06,2025-10-06
SHP-ORD-03658,ORD-03658,FedEx,2025-10-01,2025-10-06,2025-10-08
SHP-ORD-03659,ORD-03659,FedEx,2025-10-01,2025-10-06,2025-10-06
SHP-ORD-03660,ORD-03660,DHL,2025-10-01,2025-10-06,2025-10-06
SHP-ORD-03661,ORD-03661,Carrier B,2025-10-01,2025-10-06,2025-10-07
SHP-ORD-03662,ORD-03662,DHL,2025-10-01,2025-10-06,2025-10-06
SHP-ORD-03663,ORD-03663,DHL,2025-10-02,2025-10-07,2025-10-08
SHP-ORD-03664,ORD-03664,DHL,2025-10-02,2025-10-07,2025-10-08
SHP-ORD-03665,ORD-03665,DHL,2025-10-02,2025-10-07,2025-10-07
SHP-ORD-03666,ORD-03666,FedEx,2025-10-02,2025-10-07,2025-10-07
SHP-ORD-03667,ORD-03667,Carrier B,2025-10-02,2025-10-07,2025-10-08
SHP-ORD-03668,ORD-03668,DHL,2025-10-02,2025-10-07,2025-10-07
SHP-ORD-03669,ORD-03669,FedEx,2025-10-02,2025-10-07,2025-10-07
SHP-ORD-03670,ORD-03670,FedEx,2025-10-02,2025-10-07,2025-10-08
SHP-ORD-03671,ORD-03671,DHL,2025-10-02,2025-10-07,2025-10-07
SHP-ORD-03672,ORD-03672,FedEx,2025-10-02,2025-10-07,2025-10-08
SHP-ORD-03673,ORD-03673,FedEx,2025-10-02,2025-10-07,2025-10-07
SHP-ORD-03674,ORD-03674,DHL,2025-10-02,2025-10-07,2025-10-08
SHP-ORD-03675,ORD-03675,Carrier B,2025-10-02,2025-10-07,2025-10-09
SHP-ORD-03676,ORD-03676,DHL,2025-10-02,2025-10-07,2025-10-09
SHP-ORD-03677,ORD-03677,FedEx,2025-10-02,2025-10-07,2025-10-07
SHP-ORD-03678,ORD-03678,FedEx,2025-10-02,2025-10-07,2025-10-08
SHP-ORD-03679,ORD-03679,DHL,2025-10-02,2025-10-07,2025-10-07
SHP-ORD-03680,ORD-03680,FedEx,2025-10-02,2025-10-07,2025-10-08
SHP-ORD-03681,ORD-03681,DHL,2025-10-02,2025-10-07,2025-10-08
SHP-ORD-03682,ORD-03682,FedEx,2025-10-02,2025-10-07,2025-10-08
SHP-ORD-03683,ORD-03683,Carrier B,2025-10-02,2025-10-07,2025-10-07
SHP-ORD-03684,ORD-03684,DHL,2025-10-03,2025-10-08,2025-10-08
SHP-ORD-03685,ORD-03685,FedEx,2025-10-03,2025-10-08,2025-10-09
SHP-ORD-03686,ORD-03686,Carrier B,2025-10-03,2025-10-08,2025-10-10
SHP-ORD-03687,ORD-03687,FedEx,2025-10-03,2025-10-08,2025-10-08
SHP-ORD-03688,ORD-03688,FedEx,2025-10-03,2025-10-08,2025-10-08
SHP-ORD-03689,ORD-03689,Carrier B,2025-10-03,2025-10-08,2025-10-08
SHP-ORD-03690,ORD-03690,FedEx,2025-10-03,2025-10-08,2025-10-10
SHP-ORD-03691,ORD-03691,DHL,2025-10-03,2025-10-08,2025-10-10
SHP-ORD-03692,ORD-03692,FedEx,2025-10-03,2025-10-08,2025-10-10
SHP-ORD-03693,ORD-03693,FedEx,2025-10-03,2025-10-08,2025-10-10
SHP-ORD-03694,ORD-03694,FedEx,2025-10-03,2025-10-08,2025-10-08
SHP-ORD-03695,ORD-03695,DHL,2025-10-03,2025-10-08,2025-10-08
SHP-ORD-03696,ORD-03696,DHL,2025-10-03,2025-10-08,2025-10-08
SHP-ORD-03697,ORD-03697,FedEx,2025-10-03,2025-10-08,2025-10-08
SHP-ORD-03698,ORD-03698,FedEx,2025-10-03,2025-10-08,2025-10-09
SHP-ORD-03699,ORD-03699,Carrier B,2025-10-03,2025-10-08,2025-10-10
SHP-ORD-03700,ORD-03700,Carrier B,2025-10-03,2025-10-08,2025-10-10
SHP-ORD-03701,ORD-03701,DHL,2025-10-03,2025-10-08,2025-10-09
SHP-ORD-03702,ORD-03702,Carrier B,2025-10-03,2025-10-08,2025-10-10
SHP-ORD-03703,ORD-03703,DHL,2025-10-03,2025-10-08,2025-10-09
SHP-ORD-03704,ORD-03704,FedEx,2025-10-03,2025-10-08,2025-10-09
SHP-ORD-03705,ORD-03705,FedEx,2025-10-03,2025-10-08,2025-10-08
SHP-ORD-03706,ORD-03706,FedEx,2025-10-03,2025-10-08,2025-10-08
SHP-ORD-03707,ORD-03707,Carrier B,2025-10-03,2025-10-08,2025-10-08
SHP-ORD-03708,ORD-03708,DHL,2025-10-04,2025-10-09,2025-10-11
SHP-ORD-03709,ORD-03709,DHL,2025-10-04,2025-10-09,2025-10-10
SHP-ORD-03710,ORD-03710,FedEx,2025-10-04,2025-10-09,2025-10-10
SHP-ORD-03711,ORD-03711,DHL,2025-10-04,2025-10-09,2025-10-10
SHP-ORD-03712,ORD-03712,DHL,2025-10-04,2025-10-09,2025-10-11
SHP-ORD-03713,ORD-03713,Carrier B,2025-10-04,2025-10-09,2025-10-09
SHP-ORD-03714,ORD-03714,FedEx,2025-10-04,2025-10-09,2025-10-10
SHP-ORD-03715,ORD-03715,DHL,2025-10-04,2025-10-09,2025-10-09
SHP-ORD-03716,ORD-03716,FedEx,2025-10-04,2025-10-09,2025-10-09
SHP-ORD-03717,ORD-03717,DHL,2025-10-04,2025-10-09,2025-10-10
SHP-ORD-03718,ORD-03718,DHL,2025-10-04,2025-10-09,2025-10-10
SHP-ORD-03719,ORD-03719,FedEx,2025-10-04,2025-10-09,2025-10-10
SHP-ORD-03720,ORD-03720,DHL,2025-10-04,2025-10-09,2025-10-09
SHP-ORD-03721,ORD-03721,FedEx,2025-10-04,2025-10-09,2025-10-10
SHP-ORD-03722,ORD-03722,Carrier B,2025-10-04,2025-10-09,2025-10-10
SHP-ORD-03723,ORD-03723,FedEx,2025-10-04,2025-10-09,2025-10-10
SHP-ORD-03724,ORD-03724,DHL,2025-10-04,2025-10-09,2025-10-09
SHP-ORD-03725,ORD-03725,Carrier B,2025-10-04,2025-10-09,2025-10-10
SHP-ORD-03726,ORD-03726,FedEx,2025-10-04,2025-10-09,2025-10-11
SHP-ORD-03727,ORD-03727,DHL,2025-10-04,2025-10-09,2025-10-10
SHP-ORD-03728,ORD-03728,DHL,2025-10-04,2025-10-09,2025-10-09
SHP-ORD-03729,ORD-03729,FedEx,2025-10-04,2025-10-09,2025-10-11
SHP-ORD-03730,ORD-03730,DHL,2025-10-04,2025-10-09,2025-10-09
SHP-ORD-03731,ORD-03731,DHL,2025-10-04,2025-10-09,2025-10-11
SHP-ORD-03732,ORD-03732,Carrier B,2025-10-04,2025-10-09,2025-10-11
SHP-ORD-03733,ORD-03733,Carrier B,2025-10-04,2025-10-09,2025-10-10
SHP-ORD-03734,ORD-03734,DHL,2025-10-05,2025-10-10,2025-10-11
SHP-ORD-03735,ORD-03735,DHL,2025-10-05,2025-10-10,2025-10-10
SHP-ORD-03736,ORD-03736,Carrier B,2025-10-05,2025-10-10,2025-10-11
SHP-ORD-03737,ORD-03737,DHL,2025-10-05,2025-10-10,2025-10-12
SHP-ORD-03738,ORD-03738,FedEx,2025-10-05,2025-10-10,2025-10-12
SHP-ORD-03739,ORD-03739,DHL,2025-10-05,2025-10-10,2025-10-11
SHP-ORD-03740,ORD-03740,Carrier B,2025-10-05,2025-10-10,2025-10-10
SHP-ORD-03741,ORD-03741,DHL,2025-10-05,2025-10-10,2025-10-10
SHP-ORD-03742,ORD-03742,DHL,2025-10-05,2025-10-10,2025-10-10
SHP-ORD-03743,ORD-03743,FedEx,2025-10-05,2025-10-10,2025-10-10
SHP-ORD-03744,ORD-03744,Carrier B,2025-10-05,2025-10-10,2025-10-12
SHP-ORD-03745,ORD-03745,DHL,2025-10-05,2025-10-10,2025-10-10
SHP-ORD-03746,ORD-03746,DHL,2025-10-05,2025-10-10,2025-10-10
SHP-ORD-03747,ORD-03747,FedEx,2025-10-05,2025-10-10,2025-10-12
SHP-ORD-03748,ORD-03748,FedEx,2025-10-05,2025-10-10,2025-10-10
SHP-ORD-03749,ORD-03749,DHL,2025-10-05,2025-10-10,2025-10-10
SHP-ORD-03750,ORD-03750,Carrier B,2025-10-05,2025-10-10,2025-10-12
SHP-ORD-03751,ORD-03751,FedEx,2025-10-05,2025-10-10,2025-10-11
SHP-ORD-03752,ORD-03752,FedEx,2025-10-05,2025-10-10,2025-10-10
SHP-ORD-03753,ORD-03753,FedEx,2025-10-05,2025-10-10,2025-10-10
SHP-ORD-03754,ORD-03754,FedEx,2025-10-05,2025-10-10,2025-10-12
SHP-ORD-03755,ORD-03755,FedEx,2025-10-05,2025-10-10,2025-10-10
SHP-ORD-03756,ORD-03756,DHL,2025-10-05,2025-10-10,2025-10-12
SHP-ORD-03757,ORD-03757,Carrier B,2025-10-05,2025-10-10,2025-10-12
SHP-ORD-03758,ORD-03758,FedEx,2025-10-05,2025-10-10,2025-10-11
SHP-ORD-03759,ORD-03759,DHL,2025-10-05,2025-10-10,2025-10-11
SHP-ORD-03760,ORD-03760,FedEx,2025-10-05,2025-10-10,2025-10-12
SHP-ORD-03761,ORD-03761,FedEx,2025-10-05,2025-10-10,2025-10-11
SHP-ORD-03762,ORD-03762,FedEx,2025-10-05,2025-10-10,2025-10-10
SHP-ORD-03763,ORD-03763,DHL,2025-10-05,2025-10-10,2025-10-11
SHP-ORD-03764,ORD-03764,FedEx,2025-10-06,2025-10-11,2025-10-11
SHP-ORD-03765,ORD-03765,DHL,2025-10-06,2025-10-11,2025-10-11
SHP-ORD-03766,ORD-03766,FedEx,2025-10-06,2025-10-11,2025-10-13
SHP-ORD-03767,ORD-03767,FedEx,2025-10-06,2025-10-11,2025-10-11
SHP-ORD-03768,ORD-03768,FedEx,2025-10-06,2025-10-11,2025-10-13
SHP-ORD-03769,ORD-03769,Carrier B,2025-10-06,2025-10-11,2025-10-13
SHP-ORD-03770,ORD-03770,DHL,2025-10-06,2025-10-11,2025-10-11
SHP-ORD-03771,ORD-03771,Carrier B,2025-10-06,2025-10-11,2025-10-12
SHP-ORD-03772,ORD-03772,FedEx,2025-10-06,2025-10-11,2025-10-11
SHP-ORD-03773,ORD-03773,FedEx,2025-10-06,2025-10-11,2025-10-11
SHP-ORD-03774,ORD-03774,FedEx,2025-10-06,2025-10-11,2025-10-11
SHP-ORD-03775,ORD-03775,FedEx,2025-10-07,2025-10-12,2025-10-13
SHP-ORD-03776,ORD-03776,DHL,2025-10-07,2025-10-12,2025-10-12
SHP-ORD-03777,ORD-03777,FedEx,2025-10-07,2025-10-12,2025-10-13
SHP-ORD-03778,ORD-03778,FedEx,2025-10-07,2025-10-12,2025-10-13
SHP-ORD-03779,ORD-03779,DHL,2025-10-07,2025-10-12,2025-10-14
SHP-ORD-03780,ORD-03780,DHL,2025-10-07,2025-10-12,2025-10-13
SHP-ORD-03781,ORD-03781,Carrier B,2025-10-07,2025-10-12,2025-10-13
SHP-ORD-03782,ORD-03782,FedEx,2025-10-07,2025-10-12,2025-10-14
SHP-ORD-03783,ORD-03783,DHL,2025-10-07,2025-10-12,2025-10-13
SHP-ORD-03784,ORD-03784,FedEx,2025-10-07,2025-10-12,2025-10-12
SHP-ORD-03785,ORD-03785,Carrier B,2025-10-07,2025-10-12,2025-10-12
SHP-ORD-03786,ORD-03786,DHL,2025-10-07,2025-10-12,2025-10-13
SHP-ORD-03787,ORD-03787,DHL,2025-10-07,2025-10-12,2025-10-12
SHP-ORD-03788,ORD-03788,FedEx,2025-10-07,2025-10-12,2025-10-13
SHP-ORD-03789,ORD-03789,DHL,2025-10-07,2025-10-12,2025-10-12
SHP-ORD-03790,ORD-03790,FedEx,2025-10-07,2025-10-12,2025-10-14
SHP-ORD-03791,ORD-03791,DHL,2025-10-07,2025-10-12,2025-10-12
SHP-ORD-03792,ORD-03792,Carrier B,2025-10-07,2025-10-12,2025-10-13
SHP-ORD-03793,ORD-03793,Carrier B,2025-10-07,2025-10-12,2025-10-12
SHP-ORD-03794,ORD-03794,DHL,2025-10-07,2025-10-12,2025-10-14
SHP-ORD-03795,ORD-03795,Carrier B,2025-10-07,2025-10-12,2025-10-13
SHP-ORD-03796,ORD-03796,FedEx,2025-10-07,2025-10-12,2025-10-14
SHP-ORD-03797,ORD-03797,Carrier B,2025-10-07,2025-10-12,2025-10-14
SHP-ORD-03798,ORD-03798,DHL,2025-10-07,2025-10-12,2025-10-14
SHP-ORD-03799,ORD-03799,DHL,2025-10-07,2025-10-12,2025-10-12
SHP-ORD-03800,ORD-03800,Carrier B,2025-10-07,2025-10-12,2025-10-12
SHP-ORD-03801,ORD-03801,Carrier B,2025-10-08,2025-10-13,2025-10-13
SHP-ORD-03802,ORD-03802,FedEx,2025-10-08,2025-10-13,2025-10-13
SHP-ORD-03803,ORD-03803,DHL,2025-10-08,2025-10-13,2025-10-14
SHP-ORD-03804,ORD-03804,FedEx,2025-10-08,2025-10-13,2025-10-13
SHP-ORD-03805,ORD-03805,Carrier B,2025-10-08,2025-10-13,2025-10-13
SHP-ORD-03806,ORD-03806,DHL,2025-10-08,2025-10-13,2025-10-14
SHP-ORD-03807,ORD-03807,FedEx,2025-10-08,2025-10-13,2025-10-13
SHP-ORD-03808,ORD-03808,DHL,2025-10-08,2025-10-13,2025-10-13
SHP-ORD-03809,ORD-03809,DHL,2025-10-08,2025-10-13,2025-10-14
SHP-ORD-03810,ORD-03810,DHL,2025-10-08,2025-10-13,2025-10-14
SHP-ORD-03811,ORD-03811,FedEx,2025-10-08,2025-10-13,2025-10-14
SHP-ORD-03812,ORD-03812,FedEx,2025-10-08,2025-10-13,2025-10-15
SHP-ORD-03813,ORD-03813,DHL,2025-10-08,2025-10-13,2025-10-14
SHP-ORD-03814,ORD-03814,FedEx,2025-10-08,2025-10-13,2025-10-13
SHP-ORD-03815,ORD-03815,DHL,2025-10-08,2025-10-13,2025-10-15
SHP-ORD-03816,ORD-03816,DHL,2025-10-08,2025-10-13,2025-10-15
SHP-ORD-03817,ORD-03817,FedEx,2025-10-08,2025-10-13,2025-10-13
SHP-ORD-03818,ORD-03818,DHL,2025-10-08,2025-10-13,2025-10-14
SHP-ORD-03819,ORD-03819,DHL,2025-10-08,2025-10-13,2025-10-14
SHP-ORD-03820,ORD-03820,DHL,2025-10-08,2025-10-13,2025-10-14
SHP-ORD-03821,ORD-03821,FedEx,2025-10-09,2025-10-14,2025-10-15
SHP-ORD-03822,ORD-03822,DHL,2025-10-09,2025-10-14,2025-10-14
SHP-ORD-03823,ORD-03823,FedEx,2025-10-09,2025-10-14,2025-10-15
SHP-ORD-03824,ORD-03824,Carrier B,2025-10-09,2025-10-14,2025-10-16
SHP-ORD-03825,ORD-03825,FedEx,2025-10-09,2025-10-14,2025-10-16
SHP-ORD-03826,ORD-03826,Carrier B,2025-10-09,2025-10-14,2025-10-15
SHP-ORD-03827,ORD-03827,DHL,2025-10-09,2025-10-14,2025-10-16
SHP-ORD-03828,ORD-03828,Carrier B,2025-10-09,2025-10-14,2025-10-16
SHP-ORD-03829,ORD-03829,DHL,2025-10-09,2025-10-14,2025-10-16
SHP-ORD-03830,ORD-03830,FedEx,2025-10-09,2025-10-14,2025-10-14
SHP-ORD-03831,ORD-03831,Carrier B,2025-10-09,2025-10-14,2025-10-15
SHP-ORD-03832,ORD-03832,FedEx,2025-10-09,2025-10-14,2025-10-15
SHP-ORD-03833,ORD-03833,FedEx,2025-10-09,2025-10-14,2025-10-16
SHP-ORD-03834,ORD-03834,FedEx,2025-10-09,2025-10-14,2025-10-16
SHP-ORD-03835,ORD-03835,Carrier B,2025-10-09,2025-10-14,2025-10-14
SHP-ORD-03836,ORD-03836,DHL,2025-10-09,2025-10-14,2025-10-14
SHP-ORD-03837,ORD-03837,DHL,2025-10-09,2025-10-14,2025-10-14
SHP-ORD-03838,ORD-03838,DHL,2025-10-09,2025-10-14,2025-10-16
SHP-ORD-03839,ORD-03839,DHL,2025-10-09,2025-10-14,2025-10-14
SHP-ORD-03840,ORD-03840,DHL,2025-10-09,2025-10-14,2025-10-14
SHP-ORD-03841,ORD-03841,FedEx,2025-10-09,2025-10-14,2025-10-14
SHP-ORD-03842,ORD-03842,Carrier B,2025-10-09,2025-10-14,2025-10-16
SHP-ORD-03843,ORD-03843,FedEx,2025-10-09,2025-10-14,2025-10-14
SHP-ORD-03844,ORD-03844,FedEx,2025-10-09,2025-10-14,2025-10-16
SHP-ORD-03845,ORD-03845,DHL,2025-10-10,2025-10-15,2025-10-15
SHP-ORD-03846,ORD-03846,DHL,2025-10-10,2025-10-15,2025-10-17
SHP-ORD-03847,ORD-03847,DHL,2025-10-10,2025-10-15,2025-10-16
SHP-ORD-03848,ORD-03848,FedEx,2025-10-10,2025-10-15,2025-10-16
SHP-ORD-03849,ORD-03849,FedEx,2025-10-10,2025-10-15,2025-10-17
SHP-ORD-03850,ORD-03850,DHL,2025-10-10,2025-10-15,2025-10-15
SHP-ORD-03851,ORD-03851,DHL,2025-10-10,2025-10-15,2025-10-15
SHP-ORD-03852,ORD-03852,FedEx,2025-10-10,2025-10-15,2025-10-15
SHP-ORD-03853,ORD-03853,DHL,2025-10-10,2025-10-15,2025-10-16
SHP-ORD-03854,ORD-03854,FedEx,2025-10-10,2025-10-15,2025-10-15
SHP-ORD-03855,ORD-03855,FedEx,2025-10-10,2025-10-15,2025-10-17
SHP-ORD-03856,ORD-03856,FedEx,2025-10-10,2025-10-15,2025-10-17
SHP-ORD-03857,ORD-03857,Carrier B,2025-10-10,2025-10-15,2025-10-16
SHP-ORD-03858,ORD-03858,DHL,2025-10-10,2025-10-15,2025-10-16
SHP-ORD-03859,ORD-03859,FedEx,2025-10-10,2025-10-15,2025-10-17
SHP-ORD-03860,ORD-03860,DHL,2025-10-10,2025-10-15,2025-10-16
SHP-ORD-03861,ORD-03861,Carrier B,2025-10-10,2025-10-15,2025-10-17
SHP-ORD-03862,ORD-03862,DHL,2025-10-10,2025-10-15,2025-10-17
SHP-ORD-03863,ORD-03863,Carrier B,2025-10-10,2025-10-15,2025-10-17
SHP-ORD-03864,ORD-03864,FedEx,2025-10-10,2025-10-15,2025-10-17
SHP-ORD-03865,ORD-03865,Carrier B,2025-10-10,2025-10-15,2025-10-17
SHP-ORD-03866,ORD-03866,DHL,2025-10-10,2025-10-15,2025-10-16
SHP-ORD-03867,ORD-03867,FedEx,2025-10-10,2025-10-15,2025-10-15
SHP-ORD-03868,ORD-03868,DHL,2025-10-10,2025-10-15,2025-10-16
SHP-ORD-03869,ORD-03869,Carrier B,2025-10-10,2025-10-15,2025-10-16
SHP-ORD-03870,ORD-03870,DHL,2025-10-10,2025-10-15,2025-10-16
SHP-ORD-03871,ORD-03871,DHL,2025-10-10,2025-10-15,2025-10-17
SHP-ORD-03872,ORD-03872,FedEx,2025-10-10,2025-10-15,2025-10-15
SHP-ORD-03873,ORD-03873,DHL,2025-10-10,2025-10-15,2025-10-17
SHP-ORD-03874,ORD-03874,FedEx,2025-10-10,2025-10-15,2025-10-17
SHP-ORD-03875,ORD-03875,FedEx,2025-10-11,2025-10-16,2025-10-16
SHP-ORD-03876,ORD-03876,DHL,2025-10-11,2025-10-16,2025-10-18
SHP-ORD-03877,ORD-03877,Carrier B,2025-10-11,2025-10-16,2025-10-17
SHP-ORD-03878,ORD-03878,DHL,2025-10-11,2025-10-16,2025-10-18
SHP-ORD-03879,ORD-03879,FedEx,2025-10-11,2025-10-16,2025-10-16
SHP-ORD-03880,ORD-03880,DHL,2025-10-11,2025-10-16,2025-10-16
SHP-ORD-03881,ORD-03881,Carrier B,2025-10-11,2025-10-16,2025-10-16
SHP-ORD-03882,ORD-03882,DHL,2025-10-11,2025-10-16,2025-10-16
SHP-ORD-03883,ORD-03883,DHL,2025-10-11,2025-10-16,2025-10-16
SHP-ORD-03884,ORD-03884,Carrier B,2025-10-11,2025-10-16,2025-10-18
SHP-ORD-03885,ORD-03885,DHL,2025-10-11,2025-10-16,2025-10-16
SHP-ORD-03886,ORD-03886,FedEx,2025-10-11,2025-10-16,2025-10-16
SHP-ORD-03887,ORD-03887,FedEx,2025-10-11,2025-10-16,2025-10-16
SHP-ORD-03888,ORD-03888,Carrier B,2025-10-11,2025-10-16,2025-10-17
SHP-ORD-03889,ORD-03889,DHL,2025-10-11,2025-10-16,2025-10-17
SHP-ORD-03890,ORD-03890,FedEx,2025-10-11,2025-10-16,2025-10-16
SHP-ORD-03891,ORD-03891,DHL,2025-10-11,2025-10-16,2025-10-18
SHP-ORD-03892,ORD-03892,DHL,2025-10-11,2025-10-16,2025-10-17
SHP-ORD-03893,ORD-03893,Carrier B,2025-10-11,2025-10-16,2025-10-17
SHP-ORD-03894,ORD-03894,FedEx,2025-10-11,2025-10-16,2025-10-17
SHP-ORD-03895,ORD-03895,DHL,2025-10-12,2025-10-17,2025-10-17
SHP-ORD-03896,ORD-03896,Carrier B,2025-10-12,2025-10-17,2025-10-19
SHP-ORD-03897,ORD-03897,FedEx,2025-10-12,2025-10-17,2025-10-19
SHP-ORD-03898,ORD-03898,FedEx,2025-10-12,2025-10-17,2025-10-18
SHP-ORD-03899,ORD-03899,Carrier B,2025-10-12,2025-10-17,2025-10-18
SHP-ORD-03900,ORD-03900,DHL,2025-10-12,2025-10-17,2025-10-17
SHP-ORD-03901,ORD-03901,DHL,2025-10-12,2025-10-17,2025-10-18
SHP-ORD-03902,ORD-03902,DHL,2025-10-12,2025-10-17,2025-10-19
SHP-ORD-03903,ORD-03903,FedEx,2025-10-12,2025-10-17,2025-10-18
SHP-ORD-03904,ORD-03904,Carrier B,2025-10-12,2025-10-17,2025-10-19
SHP-ORD-03905,ORD-03905,FedEx,2025-10-12,2025-10-17,2025-10-18
SHP-ORD-03906,ORD-03906,FedEx,2025-10-12,2025-10-17,2025-10-17
SHP-ORD-03907,ORD-03907,FedEx,2025-10-12,2025-10-17,2025-10-19
SHP-ORD-03908,ORD-03908,FedEx,2025-10-12,2025-10-17,2025-10-18
SHP-ORD-03909,ORD-03909,Carrier B,2025-10-12,2025-10-17,2025-10-19
SHP-ORD-03910,ORD-03910,DHL,2025-10-12,2025-10-17,2025-10-19
SHP-ORD-03911,ORD-03911,Carrier B,2025-10-12,2025-10-17,2025-10-18
SHP-ORD-03912,ORD-03912,DHL,2025-10-13,2025-10-18,2025-10-19
SHP-ORD-03913,ORD-03913,DHL,2025-10-13,2025-10-18,2025-10-18
SHP-ORD-03914,ORD-03914,DHL,2025-10-13,2025-10-18,2025-10-19
SHP-ORD-03915,ORD-03915,Carrier B,2025-10-13,2025-10-18,2025-10-19
SHP-ORD-03916,ORD-03916,DHL,2025-10-13,2025-10-18,2025-10-19
SHP-ORD-03917,ORD-03917,FedEx,2025-10-13,2025-10-18,2025-10-20
SHP-ORD-03918,ORD-03918,FedEx,2025-10-13,2025-10-18,2025-10-19
SHP-ORD-03919,ORD-03919,FedEx,2025-10-13,2025-10-18,2025-10-20
SHP-ORD-03920,ORD-03920,DHL,2025-10-13,2025-10-18,2025-10-18
SHP-ORD-03921,ORD-03921,Carrier B,2025-10-13,2025-10-18,2025-10-20
SHP-ORD-03922,ORD-03922,FedEx,2025-10-13,2025-10-18,2025-10-19
SHP-ORD-03923,ORD-03923,FedEx,2025-10-13,2025-10-18,2025-10-20
SHP-ORD-03924,ORD-03924,FedEx,2025-10-13,2025-10-18,2025-10-19
SHP-ORD-03925,ORD-03925,DHL,2025-10-13,2025-10-18,2025-10-18
SHP-ORD-03926,ORD-03926,FedEx,2025-10-13,2025-10-18,2025-10-19
SHP-ORD-03927,ORD-03927,FedEx,2025-10-13,2025-10-18,2025-10-19
SHP-ORD-03928,ORD-03928,FedEx,2025-10-14,2025-10-19,2025-10-21
SHP-ORD-03929,ORD-03929,DHL,2025-10-14,2025-10-19,2025-10-19
SHP-ORD-03930,ORD-03930,DHL,2025-10-14,2025-10-19,2025-10-21
SHP-ORD-03931,ORD-03931,DHL,2025-10-14,2025-10-19,2025-10-19
SHP-ORD-03932,ORD-03932,FedEx,2025-10-14,2025-10-19,2025-10-19
SHP-ORD-03933,ORD-03933,DHL,2025-10-14,2025-10-19,2025-10-19
SHP-ORD-03934,ORD-03934,FedEx,2025-10-14,2025-10-19,2025-10-20
SHP-ORD-03935,ORD-03935,FedEx,2025-10-14,2025-10-19,2025-10-19
SHP-ORD-03936,ORD-03936,DHL,2025-10-14,2025-10-19,2025-10-19
SHP-ORD-03937,ORD-03937,FedEx,2025-10-14,2025-10-19,2025-10-21
SHP-ORD-03938,ORD-03938,DHL,2025-10-14,2025-10-19,2025-10-21
SHP-ORD-03939,ORD-03939,FedEx,2025-10-14,2025-10-19,2025-10-20
SHP-ORD-03940,ORD-03940,FedEx,2025-10-14,2025-10-19,2025-10-19
SHP-ORD-03941,ORD-03941,Carrier B,2025-10-15,2025-10-20,2025-10-21
SHP-ORD-03942,ORD-03942,DHL,2025-10-15,2025-10-20,2025-10-21
SHP-ORD-03943,ORD-03943,DHL,2025-10-15,2025-10-20,2025-10-21
SHP-ORD-03944,ORD-03944,Carrier B,2025-10-15,2025-10-20,2025-10-21
SHP-ORD-03945,ORD-03945,DHL,2025-10-15,2025-10-20,2025-10-22
SHP-ORD-03946,ORD-03946,DHL,2025-10-15,2025-10-20,2025-10-20
SHP-ORD-03947,ORD-03947,DHL,2025-10-15,2025-10-20,2025-10-22
SHP-ORD-03948,ORD-03948,FedEx,2025-10-15,2025-10-20,2025-10-20
SHP-ORD-03949,ORD-03949,FedEx,2025-10-15,2025-10-20,2025-10-21
SHP-ORD-03950,ORD-03950,DHL,2025-10-15,2025-10-20,2025-10-22
SHP-ORD-03951,ORD-03951,FedEx,2025-10-15,2025-10-20,2025-10-20
SHP-ORD-03952,ORD-03952,FedEx,2025-10-15,2025-10-20,2025-10-20
SHP-ORD-03953,ORD-03953,FedEx,2025-10-15,2025-10-20,2025-10-22
SHP-ORD-03954,ORD-03954,FedEx,2025-10-15,2025-10-20,2025-10-20
SHP-ORD-03955,ORD-03955,FedEx,2025-10-15,2025-10-20,2025-10-20
SHP-ORD-03956,ORD-03956,FedEx,2025-10-15,2025-10-20,2025-10-20
SHP-ORD-03957,ORD-03957,FedEx,2025-10-15,2025-10-20,2025-10-22
SHP-ORD-03958,ORD-03958,FedEx,2025-10-15,2025-10-20,2025-10-22
SHP-ORD-03959,ORD-03959,DHL,2025-10-15,2025-10-20,2025-10-21
SHP-ORD-03960,ORD-03960,FedEx,2025-10-16,2025-10-21,2025-10-23
SHP-ORD-03961,ORD-03961,Carrier B,2025-10-16,2025-10-21,2025-10-23
SHP-ORD-03962,ORD-03962,Carrier B,2025-10-16,2025-10-21,2025-10-21
SHP-ORD-03963,ORD-03963,DHL,2025-10-16,2025-10-21,2025-10-23
SHP-ORD-03964,ORD-03964,DHL,2025-10-16,2025-10-21,2025-10-23
SHP-ORD-03965,ORD-03965,FedEx,2025-10-16,2025-10-21,2025-10-23
SHP-ORD-03966,ORD-03966,FedEx,2025-10-16,2025-10-21,2025-10-21
SHP-ORD-03967,ORD-03967,Carrier B,2025-10-16,2025-10-21,2025-10-23
SHP-ORD-03968,ORD-03968,FedEx,2025-10-16,2025-10-21,2025-10-22
SHP-ORD-03969,ORD-03969,Carrier B,2025-10-16,2025-10-21,2025-10-23
SHP-ORD-03970,ORD-03970,DHL,2025-10-16,2025-10-21,2025-10-21
SHP-ORD-03971,ORD-03971,FedEx,2025-10-16,2025-10-21,2025-10-23
SHP-ORD-03972,ORD-03972,DHL,2025-10-16,2025-10-21,2025-10-23
SHP-ORD-03973,ORD-03973,DHL,2025-10-17,2025-10-22,2025-10-22
SHP-ORD-03974,ORD-03974,FedEx,2025-10-17,2025-10-22,2025-10-23
SHP-ORD-03975,ORD-03975,FedEx,2025-10-17,2025-10-22,2025-10-22
SHP-ORD-03976,ORD-03976,DHL,2025-10-17,2025-10-22,2025-10-22
SHP-ORD-03977,ORD-03977,DHL,2025-10-17,2025-10-22,2025-10-24
SHP-ORD-03978,ORD-03978,FedEx,2025-10-17,2025-10-22,2025-10-22
SHP-ORD-03979,ORD-03979,FedEx,2025-10-17,2025-10-22,2025-10-24
SHP-ORD-03980,ORD-03980,Carrier B,2025-10-17,2025-10-22,2025-10-24
SHP-ORD-03981,ORD-03981,DHL,2025-10-17,2025-10-22,2025-10-24
SHP-ORD-03982,ORD-03982,DHL,2025-10-17,2025-10-22,2025-10-22
SHP-ORD-03983,ORD-03983,Carrier B,2025-10-17,2025-10-22,2025-10-24
SHP-ORD-03984,ORD-03984,FedEx,2025-10-17,2025-10-22,2025-10-22
SHP-ORD-03985,ORD-03985,DHL,2025-10-17,2025-10-22,2025-10-24
SHP-ORD-03986,ORD-03986,Carrier B,2025-10-17,2025-10-22,2025-10-24
SHP-ORD-03987,ORD-03987,DHL,2025-10-18,2025-10-23,2025-10-24
SHP-ORD-03988,ORD-03988,FedEx,2025-10-18,2025-10-23,2025-10-23
SHP-ORD-03989,ORD-03989,FedEx,2025-10-18,2025-10-23,2025-10-24
SHP-ORD-03990,ORD-03990,DHL,2025-10-18,2025-10-23,2025-10-23
SHP-ORD-03991,ORD-03991,FedEx,2025-10-18,2025-10-23,2025-10-24
SHP-ORD-03992,ORD-03992,Carrier B,2025-10-18,2025-10-23,2025-10-24
SHP-ORD-03993,ORD-03993,FedEx,2025-10-18,2025-10-23,2025-10-24
SHP-ORD-03994,ORD-03994,FedEx,2025-10-18,2025-10-23,2025-10-25
SHP-ORD-03995,ORD-03995,FedEx,2025-10-18,2025-10-23,2025-10-24
SHP-ORD-03996,ORD-03996,DHL,2025-10-18,2025-10-23,2025-10-24
SHP-ORD-03997,ORD-03997,Carrier B,2025-10-19,2025-10-24,2025-10-25
SHP-ORD-03998,ORD-03998,DHL,2025-10-19,2025-10-24,2025-10-25
SHP-ORD-03999,ORD-03999,Carrier B,2025-10-19,2025-10-24,2025-10-24
SHP-ORD-04000,ORD-04000,FedEx,2025-10-19,2025-10-24,2025-10-26
SHP-ORD-04001,ORD-04001,FedEx,2025-10-19,2025-10-24,2025-10-25
SHP-ORD-04002,ORD-04002,Carrier B,2025-10-19,2025-10-24,2025-10-24
SHP-ORD-04003,ORD-04003,Carrier B,2025-10-19,2025-10-24,2025-10-24
SHP-ORD-04004,ORD-04004,Carrier B,2025-10-19,2025-10-24,2025-10-25
SHP-ORD-04005,ORD-04005,DHL,2025-10-19,2025-10-24,2025-10-26
SHP-ORD-04006,ORD-04006,FedEx,2025-10-19,2025-10-24,2025-10-26
SHP-ORD-04007,ORD-04007,FedEx,2025-10-19,2025-10-24,2025-10-26
SHP-ORD-04008,ORD-04008,Carrier B,2025-10-19,2025-10-24,2025-10-25
SHP-ORD-04009,ORD-04009,FedEx,2025-10-19,2025-10-24,2025-10-24
SHP-ORD-04010,ORD-04010,FedEx,2025-10-19,2025-10-24,2025-10-26
SHP-ORD-04011,ORD-04011,DHL,2025-10-19,2025-10-24,2025-10-26
SHP-ORD-04012,ORD-04012,FedEx,2025-10-19,2025-10-24,2025-10-26
SHP-ORD-04013,ORD-04013,Carrier B,2025-10-20,2025-10-25,2025-10-25
SHP-ORD-04014,ORD-04014,FedEx,2025-10-20,2025-10-25,2025-10-25
SHP-ORD-04015,ORD-04015,DHL,2025-10-20,2025-10-25,2025-10-26
SHP-ORD-04016,ORD-04016,DHL,2025-10-20,2025-10-25,2025-10-25
SHP-ORD-04017,ORD-04017,DHL,2025-10-20,2025-10-25,2025-10-25
SHP-ORD-04018,ORD-04018,DHL,2025-10-20,2025-10-25,2025-10-26
SHP-ORD-04019,ORD-04019,FedEx,2025-10-20,2025-10-25,2025-10-25
SHP-ORD-04020,ORD-04020,DHL,2025-10-20,2025-10-25,2025-10-25
SHP-ORD-04021,ORD-04021,DHL,2025-10-20,2025-10-25,2025-10-26
SHP-ORD-04022,ORD-04022,DHL,2025-10-20,2025-10-25,2025-10-25
SHP-ORD-04023,ORD-04023,FedEx,2025-10-20,2025-10-25,2025-10-27
SHP-ORD-04024,ORD-04024,FedEx,2025-10-20,2025-10-25,2025-10-26
SHP-ORD-04025,ORD-04025,FedEx,2025-10-20,2025-10-25,2025-10-26
SHP-ORD-04026,ORD-04026,DHL,2025-10-20,2025-10-25,2025-10-27
SHP-ORD-04027,ORD-04027,FedEx,2025-10-20,2025-10-25,2025-10-25
SHP-ORD-04028,ORD-04028,Carrier B,2025-10-20,2025-10-25,2025-10-25
SHP-ORD-04029,ORD-04029,DHL,2025-10-20,2025-10-25,2025-10-26
SHP-ORD-04030,ORD-04030,DHL,2025-10-20,2025-10-25,2025-10-25
SHP-ORD-04031,ORD-04031,Carrier B,2025-10-20,2025-10-25,2025-10-25
SHP-ORD-04032,ORD-04032,FedEx,2025-10-20,2025-10-25,2025-10-26
SHP-ORD-04033,ORD-04033,Carrier B,2025-10-20,2025-10-25,2025-10-25
SHP-ORD-04034,ORD-04034,DHL,2025-10-20,2025-10-25,2025-10-26
SHP-ORD-04035,ORD-04035,Carrier B,2025-10-20,2025-10-25,2025-10-25
SHP-ORD-04036,ORD-04036,Carrier B,2025-10-20,2025-10-25,2025-10-27
SHP-ORD-04037,ORD-04037,FedEx,2025-10-21,2025-10-26,2025-10-28
SHP-ORD-04038,ORD-04038,FedEx,2025-10-21,2025-10-26,2025-10-28
SHP-ORD-04039,ORD-04039,DHL,2025-10-21,2025-10-26,2025-10-28
SHP-ORD-04040,ORD-04040,DHL,2025-10-21,2025-10-26,2025-10-26
SHP-ORD-04041,ORD-04041,FedEx,2025-10-21,2025-10-26,2025-10-26
SHP-ORD-04042,ORD-04042,FedEx,2025-10-21,2025-10-26,2025-10-27
SHP-ORD-04043,ORD-04043,FedEx,2025-10-21,2025-10-26,2025-10-26
SHP-ORD-04044,ORD-04044,DHL,2025-10-21,2025-10-26,2025-10-28
SHP-ORD-04045,ORD-04045,Carrier B,2025-10-21,2025-10-26,2025-10-27
SHP-ORD-04046,ORD-04046,DHL,2025-10-21,2025-10-26,2025-10-27
SHP-ORD-04047,ORD-04047,DHL,2025-10-21,2025-10-26,2025-10-26
SHP-ORD-04048,ORD-04048,FedEx,2025-10-21,2025-10-26,2025-10-28
SHP-ORD-04049,ORD-04049,FedEx,2025-10-21,2025-10-26,2025-10-26
SHP-ORD-04050,ORD-04050,DHL,2025-10-21,2025-10-26,2025-10-28
SHP-ORD-04051,ORD-04051,Carrier B,2025-10-21,2025-10-26,2025-10-27
SHP-ORD-04052,ORD-04052,FedEx,2025-10-21,2025-10-26,2025-10-28
SHP-ORD-04053,ORD-04053,DHL,2025-10-21,2025-10-26,2025-10-26
SHP-ORD-04054,ORD-04054,Carrier B,2025-10-21,2025-10-26,2025-10-28
SHP-ORD-04055,ORD-04055,Carrier B,2025-10-21,2025-10-26,2025-10-28
SHP-ORD-04056,ORD-04056,FedEx,2025-10-21,2025-10-26,2025-10-27
SHP-ORD-04057,ORD-04057,FedEx,2025-10-21,2025-10-26,2025-10-26
SHP-ORD-04058,ORD-04058,FedEx,2025-10-21,2025-10-26,2025-10-28
SHP-ORD-04059,ORD-04059,DHL,2025-10-21,2025-10-26,2025-10-27
SHP-ORD-04060,ORD-04060,Carrier B,2025-10-21,2025-10-26,2025-10-27
SHP-ORD-04061,ORD-04061,FedEx,2025-10-21,2025-10-26,2025-10-26
SHP-ORD-04062,ORD-04062,FedEx,2025-10-21,2025-10-26,2025-10-28
SHP-ORD-04063,ORD-04063,Carrier B,2025-10-22,2025-10-27,2025-10-29
SHP-ORD-04064,ORD-04064,DHL,2025-10-22,2025-10-27,2025-10-29
SHP-ORD-04065,ORD-04065,Carrier B,2025-10-22,2025-10-27,2025-10-28
SHP-ORD-04066,ORD-04066,FedEx,2025-10-22,2025-10-27,2025-10-27
SHP-ORD-04067,ORD-04067,DHL,2025-10-22,2025-10-27,2025-10-27
SHP-ORD-04068,ORD-04068,FedEx,2025-10-22,2025-10-27,2025-10-29
SHP-ORD-04069,ORD-04069,FedEx,2025-10-22,2025-10-27,2025-10-28
SHP-ORD-04070,ORD-04070,DHL,2025-10-22,2025-10-27,2025-10-28
SHP-ORD-04071,ORD-04071,FedEx,2025-10-22,2025-10-27,2025-10-27
SHP-ORD-04072,ORD-04072,FedEx,2025-10-22,2025-10-27,2025-10-28
SHP-ORD-04073,ORD-04073,Carrier B,2025-10-22,2025-10-27,2025-10-28
SHP-ORD-04074,ORD-04074,FedEx,2025-10-22,2025-10-27,2025-10-27
SHP-ORD-04075,ORD-04075,DHL,2025-10-22,2025-10-27,2025-10-29
SHP-ORD-04076,ORD-04076,FedEx,2025-10-23,2025-10-28,2025-10-29
SHP-ORD-04077,ORD-04077,Carrier B,2025-10-23,2025-10-28,2025-10-29
SHP-ORD-04078,ORD-04078,FedEx,2025-10-23,2025-10-28,2025-10-30
SHP-ORD-04079,ORD-04079,DHL,2025-10-23,2025-10-28,2025-10-28
SHP-ORD-04080,ORD-04080,FedEx,2025-10-23,2025-10-28,2025-10-30
SHP-ORD-04081,ORD-04081,DHL,2025-10-23,2025-10-28,2025-10-30
SHP-ORD-04082,ORD-04082,DHL,2025-10-23,2025-10-28,2025-10-29
SHP-ORD-04083,ORD-04083,FedEx,2025-10-23,2025-10-28,2025-10-29
SHP-ORD-04084,ORD-04084,FedEx,2025-10-23,2025-10-28,2025-10-28
SHP-ORD-04085,ORD-04085,Carrier B,2025-10-23,2025-10-28,2025-10-30
SHP-ORD-04086,ORD-04086,Carrier B,2025-10-23,2025-10-28,2025-10-28
SHP-ORD-04087,ORD-04087,FedEx,2025-10-23,2025-10-28,2025-10-28
SHP-ORD-04088,ORD-04088,FedEx,2025-10-23,2025-10-28,2025-10-30
SHP-ORD-04089,ORD-04089,FedEx,2025-10-23,2025-10-28,2025-10-30
SHP-ORD-04090,ORD-04090,FedEx,2025-10-23,2025-10-28,2025-10-30
SHP-ORD-04091,ORD-04091,Carrier B,2025-10-23,2025-10-28,2025-10-29
SHP-ORD-04092,ORD-04092,DHL,2025-10-23,2025-10-28,2025-10-28
SHP-ORD-04093,ORD-04093,DHL,2025-10-23,2025-10-28,2025-10-30
SHP-ORD-04094,ORD-04094,Carrier B,2025-10-23,2025-10-28,2025-10-29
SHP-ORD-04095,ORD-04095,DHL,2025-10-23,2025-10-28,2025-10-30
SHP-ORD-04096,ORD-04096,DHL,2025-10-23,2025-10-28,2025-10-29
SHP-ORD-04097,ORD-04097,FedEx,2025-10-23,2025-10-28,2025-10-29
SHP-ORD-04098,ORD-04098,FedEx,2025-10-23,2025-10-28,2025-10-28
SHP-ORD-04099,ORD-04099,DHL,2025-10-23,2025-10-28,2025-10-30
SHP-ORD-04100,ORD-04100,FedEx,2025-10-24,2025-10-29,2025-10-29
SHP-ORD-04101,ORD-04101,FedEx,2025-10-24,2025-10-29,2025-10-30
SHP-ORD-04102,ORD-04102,FedEx,2025-10-24,2025-10-29,2025-10-31
SHP-ORD-04103,ORD-04103,FedEx,2025-10-24,2025-10-29,2025-10-31
SHP-ORD-04104,ORD-04104,DHL,2025-10-24,2025-10-29,2025-10-30
SHP-ORD-04105,ORD-04105,DHL,2025-10-24,2025-10-29,2025-10-30
SHP-ORD-04106,ORD-04106,FedEx,2025-10-24,2025-10-29,2025-10-31
SHP-ORD-04107,ORD-04107,FedEx,2025-10-24,2025-10-29,2025-10-31
SHP-ORD-04108,ORD-04108,DHL,2025-10-24,2025-10-29,2025-10-30
SHP-ORD-04109,ORD-04109,FedEx,2025-10-24,2025-10-29,2025-10-30
SHP-ORD-04110,ORD-04110,DHL,2025-10-24,2025-10-29,2025-10-31
SHP-ORD-04111,ORD-04111,DHL,2025-10-24,2025-10-29,2025-10-30
SHP-ORD-04112,ORD-04112,FedEx,2025-10-24,2025-10-29,2025-10-30
SHP-ORD-04113,ORD-04113,DHL,2025-10-24,2025-10-29,2025-10-29
SHP-ORD-04114,ORD-04114,DHL,2025-10-24,2025-10-29,2025-10-29
SHP-ORD-04115,ORD-04115,FedEx,2025-10-24,2025-10-29,2025-10-29
SHP-ORD-04116,ORD-04116,FedEx,2025-10-24,2025-10-29,2025-10-31
SHP-ORD-04117,ORD-04117,Carrier B,2025-10-25,2025-10-30,2025-10-31
SHP-ORD-04118,ORD-04118,FedEx,2025-10-25,2025-10-30,2025-10-30
SHP-ORD-04119,ORD-04119,Carrier B,2025-10-25,2025-10-30,2025-11-01
SHP-ORD-04120,ORD-04120,DHL,2025-10-25,2025-10-30,2025-10-31
SHP-ORD-04121,ORD-04121,FedEx,2025-10-25,2025-10-30,2025-10-30
SHP-ORD-04122,ORD-04122,FedEx,2025-10-25,2025-10-30,2025-11-01
SHP-ORD-04123,ORD-04123,DHL,2025-10-25,2025-10-30,2025-10-31
SHP-ORD-04124,ORD-04124,DHL,2025-10-25,2025-10-30,2025-11-01
SHP-ORD-04125,ORD-04125,DHL,2025-10-25,2025-10-30,2025-10-31
SHP-ORD-04126,ORD-04126,Carrier B,2025-10-25,2025-10-30,2025-10-30
SHP-ORD-04127,ORD-04127,Carrier B,2025-10-25,2025-10-30,2025-11-01
SHP-ORD-04128,ORD-04128,FedEx,2025-10-25,2025-10-30,2025-10-31
SHP-ORD-04129,ORD-04129,Carrier B,2025-10-25,2025-10-30,2025-11-01
SHP-ORD-04130,ORD-04130,Carrier B,2025-10-25,2025-10-30,2025-11-01
SHP-ORD-04131,ORD-04131,Carrier B,2025-10-25,2025-10-30,2025-11-01
SHP-ORD-04132,ORD-04132,DHL,2025-10-25,2025-10-30,2025-10-31
SHP-ORD-04133,ORD-04133,DHL,2025-10-25,2025-10-30,2025-11-01
SHP-ORD-04134,ORD-04134,DHL,2025-10-25,2025-10-30,2025-11-01
SHP-ORD-04135,ORD-04135,FedEx,2025-10-25,2025-10-30,2025-11-01
SHP-ORD-04136,ORD-04136,Carrier B,2025-10-25,2025-10-30,2025-10-31
SHP-ORD-04137,ORD-04137,FedEx,2025-10-25,2025-10-30,2025-10-30
SHP-ORD-04138,ORD-04138,FedEx,2025-10-25,2025-10-30,2025-11-01
SHP-ORD-04139,ORD-04139,Carrier B,2025-10-25,2025-10-30,2025-10-30
SHP-ORD-04140,ORD-04140,FedEx,2025-10-25,2025-10-30,2025-11-01
SHP-ORD-04141,ORD-04141,Carrier B,2025-10-25,2025-10-30,2025-11-01
SHP-ORD-04142,ORD-04142,DHL,2025-10-25,2025-10-30,2025-10-30
SHP-ORD-04143,ORD-04143,FedEx,2025-10-26,2025-10-31,2025-11-02
SHP-ORD-04144,ORD-04144,DHL,2025-10-26,2025-10-31,2025-10-31
SHP-ORD-04145,ORD-04145,DHL,2025-10-26,2025-10-31,2025-10-31
SHP-ORD-04146,ORD-04146,DHL,2025-10-26,2025-10-31,2025-10-31
SHP-ORD-04147,ORD-04147,Carrier B,2025-10-26,2025-10-31,2025-11-01
SHP-ORD-04148,ORD-04148,Carrier B,2025-10-26,2025-10-31,2025-11-02
SHP-ORD-04149,ORD-04149,FedEx,2025-10-26,2025-10-31,2025-11-02
SHP-ORD-04150,ORD-04150,FedEx,2025-10-26,2025-10-31,2025-11-02
SHP-ORD-04151,ORD-04151,Carrier B,2025-10-26,2025-10-31,2025-11-02
SHP-ORD-04152,ORD-04152,DHL,2025-10-26,2025-10-31,2025-11-01
SHP-ORD-04153,ORD-04153,FedEx,2025-10-26,2025-10-31,2025-11-01
SHP-ORD-04154,ORD-04154,Carrier B,2025-10-26,2025-10-31,2025-11-02
SHP-ORD-04155,ORD-04155,Carrier B,2025-10-26,2025-10-31,2025-11-02
SHP-ORD-04156,ORD-04156,DHL,2025-10-27,2025-11-01,2025-11-01
SHP-ORD-04157,ORD-04157,DHL,2025-10-27,2025-11-01,2025-11-02
SHP-ORD-04158,ORD-04158,DHL,2025-10-27,2025-11-01,2025-11-03
SHP-ORD-04159,ORD-04159,DHL,2025-10-27,2025-11-01,2025-11-02
SHP-ORD-04160,ORD-04160,Carrier B,2025-10-27,2025-11-01,2025-11-02
SHP-ORD-04161,ORD-04161,Carrier B,2025-10-27,2025-11-01,2025-11-03
SHP-ORD-04162,ORD-04162,DHL,2025-10-27,2025-11-01,2025-11-03
SHP-ORD-04163,ORD-04163,DHL,2025-10-27,2025-11-01,2025-11-01
SHP-ORD-04164,ORD-04164,Carrier B,2025-10-27,2025-11-01,2025-11-02
SHP-ORD-04165,ORD-04165,FedEx,2025-10-27,2025-11-01,2025-11-03
SHP-ORD-04166,ORD-04166,FedEx,2025-10-27,2025-11-01,2025-11-03
SHP-ORD-04167,ORD-04167,Carrier B,2025-10-28,2025-11-02,2025-11-03
SHP-ORD-04168,ORD-04168,FedEx,2025-10-28,2025-11-02,2025-11-04
SHP-ORD-04169,ORD-04169,FedEx,2025-10-28,2025-11-02,2025-11-02
SHP-ORD-04170,ORD-04170,FedEx,2025-10-28,2025-11-02,2025-11-02
SHP-ORD-04171,ORD-04171,FedEx,2025-10-28,2025-11-02,2025-11-04
SHP-ORD-04172,ORD-04172,FedEx,2025-10-28,2025-11-02,2025-11-02
SHP-ORD-04173,ORD-04173,FedEx,2025-10-28,2025-11-02,2025-11-02
SHP-ORD-04174,ORD-04174,Carrier B,2025-10-28,2025-11-02,2025-11-04
SHP-ORD-04175,ORD-04175,DHL,2025-10-28,2025-11-02,2025-11-03
SHP-ORD-04176,ORD-04176,DHL,2025-10-28,2025-11-02,2025-11-02
SHP-ORD-04177,ORD-04177,FedEx,2025-10-28,2025-11-02,2025-11-03
SHP-ORD-04178,ORD-04178,DHL,2025-10-28,2025-11-02,2025-11-03
SHP-ORD-04179,ORD-04179,DHL,2025-10-28,2025-11-02,2025-11-02
SHP-ORD-04180,ORD-04180,DHL,2025-10-28,2025-11-02,2025-11-04
SHP-ORD-04181,ORD-04181,FedEx,2025-10-28,2025-11-02,2025-11-03
SHP-ORD-04182,ORD-04182,DHL,2025-10-28,2025-11-02,2025-11-03
SHP-ORD-04183,ORD-04183,Carrier B,2025-10-28,2025-11-02,2025-11-03
SHP-ORD-04184,ORD-04184,DHL,2025-10-28,2025-11-02,2025-11-04
SHP-ORD-04185,ORD-04185,DHL,2025-10-28,2025-11-02,2025-11-03
SHP-ORD-04186,ORD-04186,DHL,2025-10-28,2025-11-02,2025-11-03
SHP-ORD-04187,ORD-04187,DHL,2025-10-28,2025-11-02,2025-11-02
SHP-ORD-04188,ORD-04188,DHL,2025-10-28,2025-11-02,2025-11-03
SHP-ORD-04189,ORD-04189,FedEx,2025-10-28,2025-11-02,2025-11-03
SHP-ORD-04190,ORD-04190,DHL,2025-10-28,2025-11-02,2025-11-02
SHP-ORD-04191,ORD-04191,Carrier B,2025-10-29,2025-11-03,2025-11-04
SHP-ORD-04192,ORD-04192,DHL,2025-10-29,2025-11-03,2025-11-04
SHP-ORD-04193,ORD-04193,FedEx,2025-10-29,2025-11-03,2025-11-05
SHP-ORD-04194,ORD-04194,FedEx,2025-10-29,2025-11-03,2025-11-05
SHP-ORD-04195,ORD-04195,DHL,2025-10-29,2025-11-03,2025-11-04
SHP-ORD-04196,ORD-04196,Carrier B,2025-10-29,2025-11-03,2025-11-03
SHP-ORD-04197,ORD-04197,DHL,2025-10-29,2025-11-03,2025-11-03
SHP-ORD-04198,ORD-04198,DHL,2025-10-29,2025-11-03,2025-11-05
SHP-ORD-04199,ORD-04199,FedEx,2025-10-29,2025-11-03,2025-11-05
SHP-ORD-04200,ORD-04200,DHL,2025-10-29,2025-11-03,2025-11-05
SHP-ORD-04201,ORD-04201,DHL,2025-10-29,2025-11-03,2025-11-04
SHP-ORD-04202,ORD-04202,Carrier B,2025-10-29,2025-11-03,2025-11-05
SHP-ORD-04203,ORD-04203,FedEx,2025-10-29,2025-11-03,2025-11-04
SHP-ORD-04204,ORD-04204,DHL,2025-10-30,2025-11-04,2025-11-05
SHP-ORD-04205,ORD-04205,DHL,2025-10-30,2025-11-04,2025-11-04
SHP-ORD-04206,ORD-04206,DHL,2025-10-30,2025-11-04,2025-11-05
SHP-ORD-04207,ORD-04207,Carrier B,2025-10-30,2025-11-04,2025-11-04
SHP-ORD-04208,ORD-04208,FedEx,2025-10-30,2025-11-04,2025-11-05
SHP-ORD-04209,ORD-04209,FedEx,2025-10-30,2025-11-04,2025-11-05
SHP-ORD-04210,ORD-04210,DHL,2025-10-30,2025-11-04,2025-11-06
SHP-ORD-04211,ORD-04211,DHL,2025-10-30,2025-11-04,2025-11-06
SHP-ORD-04212,ORD-04212,FedEx,2025-10-30,2025-11-04,2025-11-06
SHP-ORD-04213,ORD-04213,DHL,2025-10-30,2025-11-04,2025-11-04
SHP-ORD-04214,ORD-04214,DHL,2025-10-30,2025-11-04,2025-11-05
SHP-ORD-04215,ORD-04215,Carrier B,2025-10-30,2025-11-04,2025-11-05
SHP-ORD-04216,ORD-04216,FedEx,2025-10-30,2025-11-04,2025-11-04
SHP-ORD-04217,ORD-04217,Carrier B,2025-10-30,2025-11-04,2025-11-06
SHP-ORD-04218,ORD-04218,FedEx,2025-10-30,2025-11-04,2025-11-04
SHP-ORD-04219,ORD-04219,FedEx,2025-10-30,2025-11-04,2025-11-06
SHP-ORD-04220,ORD-04220,FedEx,2025-10-30,2025-11-04,2025-11-05
SHP-ORD-04221,ORD-04221,Carrier B,2025-10-30,2025-11-04,2025-11-05
SHP-ORD-04222,ORD-04222,FedEx,2025-10-30,2025-11-04,2025-11-06
SHP-ORD-04223,ORD-04223,DHL,2025-10-30,2025-11-04,2025-11-05
SHP-ORD-04224,ORD-04224,DHL,2025-10-31,2025-11-05,2025-11-07
SHP-ORD-04225,ORD-04225,Carrier B,2025-10-31,2025-11-05,2025-11-05
SHP-ORD-04226,ORD-04226,Carrier B,2025-10-31,2025-11-05,2025-11-06
SHP-ORD-04227,ORD-04227,DHL,2025-10-31,2025-11-05,2025-11-05
SHP-ORD-04228,ORD-04228,Carrier B,2025-10-31,2025-11-05,2025-11-06
SHP-ORD-04229,ORD-04229,DHL,2025-10-31,2025-11-05,2025-11-07
SHP-ORD-04230,ORD-04230,Carrier B,2025-10-31,2025-11-05,2025-11-06
SHP-ORD-04231,ORD-04231,FedEx,2025-10-31,2025-11-05,2025-11-06
SHP-ORD-04232,ORD-04232,FedEx,2025-10-31,2025-11-05,2025-11-06
SHP-ORD-04233,ORD-04233,DHL,2025-10-31,2025-11-05,2025-11-06
SHP-ORD-04234,ORD-04234,DHL,2025-11-01,2025-11-06,2025-11-07
SHP-ORD-04235,ORD-04235,DHL,2025-11-01,2025-11-06,2025-11-06
SHP-ORD-04236,ORD-04236,DHL,2025-11-01,2025-11-06,2025-11-06
SHP-ORD-04237,ORD-04237,FedEx,2025-11-01,2025-11-06,2025-11-07
SHP-ORD-04238,ORD-04238,DHL,2025-11-01,2025-11-06,2025-11-06
SHP-ORD-04239,ORD-04239,FedEx,2025-11-01,2025-11-06,2025-11-06
SHP-ORD-04240,ORD-04240,Carrier B,2025-11-01,2025-11-06,2025-11-06
SHP-ORD-04241,ORD-04241,Carrier B,2025-11-01,2025-11-06,2025-11-08
SHP-ORD-04242,ORD-04242,Carrier B,2025-11-01,2025-11-06,2025-11-07
SHP-ORD-04243,ORD-04243,FedEx,2025-11-01,2025-11-06,2025-11-08
SHP-ORD-04244,ORD-04244,DHL,2025-11-01,2025-11-06,2025-11-08
SHP-ORD-04245,ORD-04245,Carrier B,2025-11-01,2025-11-06,2025-11-08
SHP-ORD-04246,ORD-04246,Carrier B,2025-11-01,2025-11-06,2025-11-08
SHP-ORD-04247,ORD-04247,DHL,2025-11-01,2025-11-06,2025-11-07
SHP-ORD-04248,ORD-04248,DHL,2025-11-01,2025-11-06,2025-11-08
SHP-ORD-04249,ORD-04249,DHL,2025-11-01,2025-11-06,2025-11-08
SHP-ORD-04250,ORD-04250,DHL,2025-11-01,2025-11-06,2025-11-06
SHP-ORD-04251,ORD-04251,FedEx,2025-11-01,2025-11-06,2025-11-07
SHP-ORD-04252,ORD-04252,DHL,2025-11-01,2025-11-06,2025-11-08
SHP-ORD-04253,ORD-04253,Carrier B,2025-11-01,2025-11-06,2025-11-08
SHP-ORD-04254,ORD-04254,DHL,2025-11-01,2025-11-06,2025-11-06
SHP-ORD-04255,ORD-04255,DHL,2025-11-01,2025-11-06,2025-11-06
SHP-ORD-04256,ORD-04256,DHL,2025-11-01,2025-11-06,2025-11-06
SHP-ORD-04257,ORD-04257,Carrier B,2025-11-02,2025-11-07,2025-11-07
SHP-ORD-04258,ORD-04258,DHL,2025-11-02,2025-11-07,2025-11-09
SHP-ORD-04259,ORD-04259,DHL,2025-11-02,2025-11-07,2025-11-09
SHP-ORD-04260,ORD-04260,DHL,2025-11-02,2025-11-07,2025-11-09
SHP-ORD-04261,ORD-04261,DHL,2025-11-02,2025-11-07,2025-11-08
SHP-ORD-04262,ORD-04262,DHL,2025-11-02,2025-11-07,2025-11-08
SHP-ORD-04263,ORD-04263,DHL,2025-11-02,2025-11-07,2025-11-07
SHP-ORD-04264,ORD-04264,DHL,2025-11-02,2025-11-07,2025-11-09
SHP-ORD-04265,ORD-04265,DHL,2025-11-02,2025-11-07,2025-11-08
SHP-ORD-04266,ORD-04266,FedEx,2025-11-02,2025-11-07,2025-11-09
SHP-ORD-04267,ORD-04267,FedEx,2025-11-02,2025-11-07,2025-11-08
SHP-ORD-04268,ORD-04268,FedEx,2025-11-02,2025-11-07,2025-11-08
SHP-ORD-04269,ORD-04269,Carrier B,2025-11-02,2025-11-07,2025-11-07
SHP-ORD-04270,ORD-04270,FedEx,2025-11-02,2025-11-07,2025-11-08
SHP-ORD-04271,ORD-04271,FedEx,2025-11-02,2025-11-07,2025-11-07
SHP-ORD-04272,ORD-04272,FedEx,2025-11-02,2025-11-07,2025-11-09
SHP-ORD-04273,ORD-04273,DHL,2025-11-02,2025-11-07,2025-11-08
SHP-ORD-04274,ORD-04274,FedEx,2025-11-02,2025-11-07,2025-11-09
SHP-ORD-04275,ORD-04275,DHL,2025-11-02,2025-11-07,2025-11-09
SHP-ORD-04276,ORD-04276,FedEx,2025-11-02,2025-11-07,2025-11-07
SHP-ORD-04277,ORD-04277,Carrier B,2025-11-02,2025-11-07,2025-11-08
SHP-ORD-04278,ORD-04278,Carrier B,2025-11-02,2025-11-07,2025-11-07
SHP-ORD-04279,ORD-04279,Carrier B,2025-11-02,2025-11-07,2025-11-08
SHP-ORD-04280,ORD-04280,DHL,2025-11-03,2025-11-08,2025-11-08
SHP-ORD-04281,ORD-04281,DHL,2025-11-03,2025-11-08,2025-11-08
SHP-ORD-04282,ORD-04282,DHL,2025-11-03,2025-11-08,2025-11-10
SHP-ORD-04283,ORD-04283,FedEx,2025-11-03,2025-11-08,2025-11-08
SHP-ORD-04284,ORD-04284,DHL,2025-11-03,2025-11-08,2025-11-10
SHP-ORD-04285,ORD-04285,FedEx,2025-11-03,2025-11-08,2025-11-09
SHP-ORD-04286,ORD-04286,DHL,2025-11-03,2025-11-08,2025-11-08
SHP-ORD-04287,ORD-04287,FedEx,2025-11-03,2025-11-08,2025-11-09
SHP-ORD-04288,ORD-04288,DHL,2025-11-03,2025-11-08,2025-11-08
SHP-ORD-04289,ORD-04289,DHL,2025-11-03,2025-11-08,2025-11-10
SHP-ORD-04290,ORD-04290,DHL,2025-11-03,2025-11-08,2025-11-08
SHP-ORD-04291,ORD-04291,Carrier B,2025-11-03,2025-11-08,2025-11-08
SHP-ORD-04292,ORD-04292,DHL,2025-11-03,2025-11-08,2025-11-08
SHP-ORD-04293,ORD-04293,DHL,2025-11-03,2025-11-08,2025-11-09
SHP-ORD-04294,ORD-04294,DHL,2025-11-03,2025-11-08,2025-11-10
SHP-ORD-04295,ORD-04295,FedEx,2025-11-03,2025-11-08,2025-11-08
SHP-ORD-04296,ORD-04296,DHL,2025-11-03,2025-11-08,2025-11-08
SHP-ORD-04297,ORD-04297,Carrier B,2025-11-03,2025-11-08,2025-11-08
SHP-ORD-04298,ORD-04298,Carrier B,2025-11-04,2025-11-09,2025-11-10
SHP-ORD-04299,ORD-04299,DHL,2025-11-04,2025-11-09,2025-11-09
SHP-ORD-04300,ORD-04300,FedEx,2025-11-04,2025-11-09,2025-11-09
SHP-ORD-04301,ORD-04301,FedEx,2025-11-04,2025-11-09,2025-11-11
SHP-ORD-04302,ORD-04302,DHL,2025-11-04,2025-11-09,2025-11-10
SHP-ORD-04303,ORD-04303,Carrier B,2025-11-04,2025-11-09,2025-11-10
SHP-ORD-04304,ORD-04304,DHL,2025-11-04,2025-11-09,2025-11-10
SHP-ORD-04305,ORD-04305,Carrier B,2025-11-04,2025-11-09,2025-11-11
SHP-ORD-04306,ORD-04306,DHL,2025-11-04,2025-11-09,2025-11-11
SHP-ORD-04307,ORD-04307,FedEx,2025-11-04,2025-11-09,2025-11-11
SHP-ORD-04308,ORD-04308,FedEx,2025-11-04,2025-11-09,2025-11-09
SHP-ORD-04309,ORD-04309,FedEx,2025-11-04,2025-11-09,2025-11-10
SHP-ORD-04310,ORD-04310,DHL,2025-11-04,2025-11-09,2025-11-09
SHP-ORD-04311,ORD-04311,FedEx,2025-11-04,2025-11-09,2025-11-11
SHP-ORD-04312,ORD-04312,DHL,2025-11-04,2025-11-09,2025-11-11
SHP-ORD-04313,ORD-04313,DHL,2025-11-04,2025-11-09,2025-11-10
SHP-ORD-04314,ORD-04314,FedEx,2025-11-04,2025-11-09,2025-11-11
SHP-ORD-04315,ORD-04315,FedEx,2025-11-04,2025-11-09,2025-11-11
SHP-ORD-04316,ORD-04316,FedEx,2025-11-04,2025-11-09,2025-11-10
SHP-ORD-04317,ORD-04317,DHL,2025-11-04,2025-11-09,2025-11-11
SHP-ORD-04318,ORD-04318,DHL,2025-11-04,2025-11-09,2025-11-10
SHP-ORD-04319,ORD-04319,FedEx,2025-11-04,2025-11-09,2025-11-11
SHP-ORD-04320,ORD-04320,Carrier B,2025-11-04,2025-11-09,2025-11-10
SHP-ORD-04321,ORD-04321,DHL,2025-11-04,2025-11-09,2025-11-10
SHP-ORD-04322,ORD-04322,DHL,2025-11-04,2025-11-09,2025-11-10
SHP-ORD-04323,ORD-04323,DHL,2025-11-04,2025-11-09,2025-11-10
SHP-ORD-04324,ORD-04324,Carrier B,2025-11-04,2025-11-09,2025-11-10
SHP-ORD-04325,ORD-04325,DHL,2025-11-04,2025-11-09,2025-11-09
SHP-ORD-04326,ORD-04326,DHL,2025-11-04,2025-11-09,2025-11-10
SHP-ORD-04327,ORD-04327,FedEx,2025-11-04,2025-11-09,2025-11-11
SHP-ORD-04328,ORD-04328,DHL,2025-11-05,2025-11-10,2025-11-11
SHP-ORD-04329,ORD-04329,DHL,2025-11-05,2025-11-10,2025-11-10
SHP-ORD-04330,ORD-04330,DHL,2025-11-05,2025-11-10,2025-11-12
SHP-ORD-04331,ORD-04331,Carrier B,2025-11-05,2025-11-10,2025-11-10
SHP-ORD-04332,ORD-04332,Carrier B,2025-11-05,2025-11-10,2025-11-11
SHP-ORD-04333,ORD-04333,FedEx,2025-11-05,2025-11-10,2025-11-12
SHP-ORD-04334,ORD-04334,FedEx,2025-11-05,2025-11-10,2025-11-10
SHP-ORD-04335,ORD-04335,FedEx,2025-11-05,2025-11-10,2025-11-12
SHP-ORD-04336,ORD-04336,DHL,2025-11-05,2025-11-10,2025-11-12
SHP-ORD-04337,ORD-04337,FedEx,2025-11-05,2025-11-10,2025-11-10
SHP-ORD-04338,ORD-04338,FedEx,2025-11-05,2025-11-10,2025-11-10
SHP-ORD-04339,ORD-04339,FedEx,2025-11-05,2025-11-10,2025-11-12
SHP-ORD-04340,ORD-04340,FedEx,2025-11-05,2025-11-10,2025-11-12
SHP-ORD-04341,ORD-04341,FedEx,2025-11-06,2025-11-11,2025-11-12
SHP-ORD-04342,ORD-04342,FedEx,2025-11-06,2025-11-11,2025-11-13
SHP-ORD-04343,ORD-04343,DHL,2025-11-06,2025-11-11,2025-11-12
SHP-ORD-04344,ORD-04344,FedEx,2025-11-06,2025-11-11,2025-11-11
SHP-ORD-04345,ORD-04345,FedEx,2025-11-06,2025-11-11,2025-11-13
SHP-ORD-04346,ORD-04346,Carrier B,2025-11-06,2025-11-11,2025-11-11
SHP-ORD-04347,ORD-04347,Carrier B,2025-11-06,2025-11-11,2025-11-13
SHP-ORD-04348,ORD-04348,FedEx,2025-11-06,2025-11-11,2025-11-12
SHP-ORD-04349,ORD-04349,FedEx,2025-11-06,2025-11-11,2025-11-13
SHP-ORD-04350,ORD-04350,DHL,2025-11-06,2025-11-11,2025-11-13
SHP-ORD-04351,ORD-04351,FedEx,2025-11-06,2025-11-11,2025-11-13
SHP-ORD-04352,ORD-04352,FedEx,2025-11-06,2025-11-11,2025-11-13
SHP-ORD-04353,ORD-04353,FedEx,2025-11-06,2025-11-11,2025-11-11
SHP-ORD-04354,ORD-04354,FedEx,2025-11-06,2025-11-11,2025-11-12
SHP-ORD-04355,ORD-04355,DHL,2025-11-06,2025-11-11,2025-11-12
SHP-ORD-04356,ORD-04356,Carrier B,2025-11-06,2025-11-11,2025-11-13
SHP-ORD-04357,ORD-04357,DHL,2025-11-06,2025-11-11,2025-11-11
SHP-ORD-04358,ORD-04358,DHL,2025-11-06,2025-11-11,2025-11-12
SHP-ORD-04359,ORD-04359,DHL,2025-11-06,2025-11-11,2025-11-13
SHP-ORD-04360,ORD-04360,DHL,2025-11-06,2025-11-11,2025-11-12
SHP-ORD-04361,ORD-04361,DHL,2025-11-06,2025-11-11,2025-11-12
SHP-ORD-04362,ORD-04362,FedEx,2025-11-06,2025-11-11,2025-11-13
SHP-ORD-04363,ORD-04363,DHL,2025-11-06,2025-11-11,2025-11-12
SHP-ORD-04364,ORD-04364,Carrier B,2025-11-07,2025-11-12,2025-11-12
SHP-ORD-04365,ORD-04365,FedEx,2025-11-07,2025-11-12,2025-11-12
SHP-ORD-04366,ORD-04366,Carrier B,2025-11-07,2025-11-12,2025-11-12
SHP-ORD-04367,ORD-04367,DHL,2025-11-07,2025-11-12,2025-11-14
SHP-ORD-04368,ORD-04368,DHL,2025-11-07,2025-11-12,2025-11-13
SHP-ORD-04369,ORD-04369,FedEx,2025-11-07,2025-11-12,2025-11-14
SHP-ORD-04370,ORD-04370,DHL,2025-11-07,2025-11-12,2025-11-14
SHP-ORD-04371,ORD-04371,Carrier B,2025-11-07,2025-11-12,2025-11-12
SHP-ORD-04372,ORD-04372,DHL,2025-11-07,2025-11-12,2025-11-13
SHP-ORD-04373,ORD-04373,FedEx,2025-11-07,2025-11-12,2025-11-13
SHP-ORD-04374,ORD-04374,FedEx,2025-11-07,2025-11-12,2025-11-14
SHP-ORD-04375,ORD-04375,DHL,2025-11-07,2025-11-12,2025-11-12
SHP-ORD-04376,ORD-04376,DHL,2025-11-07,2025-11-12,2025-11-12
SHP-ORD-04377,ORD-04377,DHL,2025-11-07,2025-11-12,2025-11-14
SHP-ORD-04378,ORD-04378,Carrier B,2025-11-07,2025-11-12,2025-11-13
SHP-ORD-04379,ORD-04379,DHL,2025-11-07,2025-11-12,2025-11-12
SHP-ORD-04380,ORD-04380,DHL,2025-11-07,2025-11-12,2025-11-14
SHP-ORD-04381,ORD-04381,FedEx,2025-11-07,2025-11-12,2025-11-13
SHP-ORD-04382,ORD-04382,FedEx,2025-11-07,2025-11-12,2025-11-14
SHP-ORD-04383,ORD-04383,DHL,2025-11-07,2025-11-12,2025-11-13
SHP-ORD-04384,ORD-04384,Carrier B,2025-11-07,2025-11-12,2025-11-14
SHP-ORD-04385,ORD-04385,DHL,2025-11-07,2025-11-12,2025-11-12
SHP-ORD-04386,ORD-04386,DHL,2025-11-07,2025-11-12,2025-11-14
SHP-ORD-04387,ORD-04387,FedEx,2025-11-07,2025-11-12,2025-11-14
SHP-ORD-04388,ORD-04388,Carrier B,2025-11-07,2025-11-12,2025-11-13
SHP-ORD-04389,ORD-04389,Carrier B,2025-11-07,2025-11-12,2025-11-13
SHP-ORD-04390,ORD-04390,DHL,2025-11-08,2025-11-13,2025-11-15
SHP-ORD-04391,ORD-04391,FedEx,2025-11-08,2025-11-13,2025-11-13
SHP-ORD-04392,ORD-04392,DHL,2025-11-08,2025-11-13,2025-11-14
SHP-ORD-04393,ORD-04393,Carrier B,2025-11-08,2025-11-13,2025-11-13
SHP-ORD-04394,ORD-04394,DHL,2025-11-08,2025-11-13,2025-11-15
SHP-ORD-04395,ORD-04395,DHL,2025-11-08,2025-11-13,2025-11-14
SHP-ORD-04396,ORD-04396,FedEx,2025-11-08,2025-11-13,2025-11-14
SHP-ORD-04397,ORD-04397,FedEx,2025-11-08,2025-11-13,2025-11-15
SHP-ORD-04398,ORD-04398,FedEx,2025-11-08,2025-11-13,2025-11-15
SHP-ORD-04399,ORD-04399,Carrier B,2025-11-08,2025-11-13,2025-11-15
SHP-ORD-04400,ORD-04400,DHL,2025-11-08,2025-11-13,2025-11-14
SHP-ORD-04401,ORD-04401,DHL,2025-11-08,2025-11-13,2025-11-14
SHP-ORD-04402,ORD-04402,FedEx,2025-11-08,2025-11-13,2025-11-13
SHP-ORD-04403,ORD-04403,Carrier B,2025-11-08,2025-11-13,2025-11-15
SHP-ORD-04404,ORD-04404,Carrier B,2025-11-08,2025-11-13,2025-11-15
SHP-ORD-04405,ORD-04405,FedEx,2025-11-08,2025-11-13,2025-11-14
SHP-ORD-04406,ORD-04406,Carrier B,2025-11-08,2025-11-13,2025-11-13
SHP-ORD-04407,ORD-04407,FedEx,2025-11-08,2025-11-13,2025-11-15
SHP-ORD-04408,ORD-04408,FedEx,2025-11-09,2025-11-14,2025-11-16
SHP-ORD-04409,ORD-04409,FedEx,2025-11-09,2025-11-14,2025-11-16
SHP-ORD-04410,ORD-04410,Carrier B,2025-11-09,2025-11-14,2025-11-15
SHP-ORD-04411,ORD-04411,Carrier B,2025-11-09,2025-11-14,2025-11-14
SHP-ORD-04412,ORD-04412,FedEx,2025-11-09,2025-11-14,2025-11-16
SHP-ORD-04413,ORD-04413,DHL,2025-11-09,2025-11-14,2025-11-14
SHP-ORD-04414,ORD-04414,DHL,2025-11-09,2025-11-14,2025-11-16
SHP-ORD-04415,ORD-04415,Carrier B,2025-11-09,2025-11-14,2025-11-15
SHP-ORD-04416,ORD-04416,FedEx,2025-11-09,2025-11-14,2025-11-16
SHP-ORD-04417,ORD-04417,DHL,2025-11-09,2025-11-14,2025-11-14
SHP-ORD-04418,ORD-04418,DHL,2025-11-09,2025-11-14,2025-11-14
SHP-ORD-04419,ORD-04419,FedEx,2025-11-09,2025-11-14,2025-11-16
SHP-ORD-04420,ORD-04420,FedEx,2025-11-09,2025-11-14,2025-11-14
SHP-ORD-04421,ORD-04421,DHL,2025-11-09,2025-11-14,2025-11-16
SHP-ORD-04422,ORD-04422,FedEx,2025-11-09,2025-11-14,2025-11-15
SHP-ORD-04423,ORD-04423,Carrier B,2025-11-09,2025-11-14,2025-11-16
SHP-ORD-04424,ORD-04424,FedEx,2025-11-09,2025-11-14,2025-11-14
SHP-ORD-04425,ORD-04425,Carrier B,2025-11-09,2025-11-14,2025-11-16
SHP-ORD-04426,ORD-04426,FedEx,2025-11-09,2025-11-14,2025-11-14
SHP-ORD-04427,ORD-04427,FedEx,2025-11-09,2025-11-14,2025-11-14
SHP-ORD-04428,ORD-04428,FedEx,2025-11-09,2025-11-14,2025-11-16
SHP-ORD-04429,ORD-04429,DHL,2025-11-09,2025-11-14,2025-11-14
SHP-ORD-04430,ORD-04430,DHL,2025-11-09,2025-11-14,2025-11-14
SHP-ORD-04431,ORD-04431,FedEx,2025-11-10,2025-11-15,2025-11-15
SHP-ORD-04432,ORD-04432,FedEx,2025-11-10,2025-11-15,2025-11-17
SHP-ORD-04433,ORD-04433,DHL,2025-11-10,2025-11-15,2025-11-16
SHP-ORD-04434,ORD-04434,DHL,2025-11-10,2025-11-15,2025-11-17
SHP-ORD-04435,ORD-04435,DHL,2025-11-10,2025-11-15,2025-11-15
SHP-ORD-04436,ORD-04436,FedEx,2025-11-10,2025-11-15,2025-11-16
SHP-ORD-04437,ORD-04437,DHL,2025-11-10,2025-11-15,2025-11-15
SHP-ORD-04438,ORD-04438,DHL,2025-11-10,2025-11-15,2025-11-15
SHP-ORD-04439,ORD-04439,Carrier B,2025-11-10,2025-11-15,2025-11-16
SHP-ORD-04440,ORD-04440,DHL,2025-11-10,2025-11-15,2025-11-17
SHP-ORD-04441,ORD-04441,FedEx,2025-11-10,2025-11-15,2025-11-17
SHP-ORD-04442,ORD-04442,FedEx,2025-11-10,2025-11-15,2025-11-17
SHP-ORD-04443,ORD-04443,DHL,2025-11-10,2025-11-15,2025-11-16
SHP-ORD-04444,ORD-04444,DHL,2025-11-10,2025-11-15,2025-11-16
SHP-ORD-04445,ORD-04445,Carrier B,2025-11-10,2025-11-15,2025-11-16
SHP-ORD-04446,ORD-04446,DHL,2025-11-10,2025-11-15,2025-11-17
SHP-ORD-04447,ORD-04447,DHL,2025-11-10,2025-11-15,2025-11-16
SHP-ORD-04448,ORD-04448,DHL,2025-11-10,2025-11-15,2025-11-15
SHP-ORD-04449,ORD-04449,DHL,2025-11-11,2025-11-16,2025-11-17
SHP-ORD-04450,ORD-04450,FedEx,2025-11-11,2025-11-16,2025-11-16
SHP-ORD-04451,ORD-04451,FedEx,2025-11-11,2025-11-16,2025-11-16
SHP-ORD-04452,ORD-04452,DHL,2025-11-11,2025-11-16,2025-11-17
SHP-ORD-04453,ORD-04453,FedEx,2025-11-11,2025-11-16,2025-11-17
SHP-ORD-04454,ORD-04454,FedEx,2025-11-11,2025-11-16,2025-11-16
SHP-ORD-04455,ORD-04455,FedEx,2025-11-11,2025-11-16,2025-11-18
SHP-ORD-04456,ORD-04456,FedEx,2025-11-11,2025-11-16,2025-11-17
SHP-ORD-04457,ORD-04457,FedEx,2025-11-11,2025-11-16,2025-11-17
SHP-ORD-04458,ORD-04458,DHL,2025-11-11,2025-11-16,2025-11-17
SHP-ORD-04459,ORD-04459,DHL,2025-11-11,2025-11-16,2025-11-16
SHP-ORD-04460,ORD-04460,DHL,2025-11-11,2025-11-16,2025-11-16
SHP-ORD-04461,ORD-04461,DHL,2025-11-11,2025-11-16,2025-11-17
SHP-ORD-04462,ORD-04462,Carrier B,2025-11-12,2025-11-17,2025-11-18
SHP-ORD-04463,ORD-04463,FedEx,2025-11-12,2025-11-17,2025-11-17
SHP-ORD-04464,ORD-04464,DHL,2025-11-12,2025-11-17,2025-11-17
SHP-ORD-04465,ORD-04465,FedEx,2025-11-12,2025-11-17,2025-11-18
SHP-ORD-04466,ORD-04466,DHL,2025-11-12,2025-11-17,2025-11-19
SHP-ORD-04467,ORD-04467,Carrier B,2025-11-12,2025-11-17,2025-11-19
SHP-ORD-04468,ORD-04468,DHL,2025-11-12,2025-11-17,2025-11-17
SHP-ORD-04469,ORD-04469,DHL,2025-11-12,2025-11-17,2025-11-18
SHP-ORD-04470,ORD-04470,DHL,2025-11-12,2025-11-17,2025-11-18
SHP-ORD-04471,ORD-04471,DHL,2025-11-12,2025-11-17,2025-11-17
SHP-ORD-04472,ORD-04472,FedEx,2025-11-12,2025-11-17,2025-11-19
SHP-ORD-04473,ORD-04473,DHL,2025-11-12,2025-11-17,2025-11-18
SHP-ORD-04474,ORD-04474,DHL,2025-11-12,2025-11-17,2025-11-17
SHP-ORD-04475,ORD-04475,FedEx,2025-11-12,2025-11-17,2025-11-19
SHP-ORD-04476,ORD-04476,FedEx,2025-11-12,2025-11-17,2025-11-17
SHP-ORD-04477,ORD-04477,Carrier B,2025-11-12,2025-11-17,2025-11-19
SHP-ORD-04478,ORD-04478,FedEx,2025-11-13,2025-11-18,2025-11-18
SHP-ORD-04479,ORD-04479,FedEx,2025-11-13,2025-11-18,2025-11-20
SHP-ORD-04480,ORD-04480,DHL,2025-11-13,2025-11-18,2025-11-19
SHP-ORD-04481,ORD-04481,FedEx,2025-11-13,2025-11-18,2025-11-18
SHP-ORD-04482,ORD-04482,DHL,2025-11-13,2025-11-18,2025-11-18
SHP-ORD-04483,ORD-04483,DHL,2025-11-13,2025-11-18,2025-11-18
SHP-ORD-04484,ORD-04484,DHL,2025-11-13,2025-11-18,2025-11-20
SHP-ORD-04485,ORD-04485,FedEx,2025-11-13,2025-11-18,2025-11-18
SHP-ORD-04486,ORD-04486,DHL,2025-11-13,2025-11-18,2025-11-18
SHP-ORD-04487,ORD-04487,Carrier B,2025-11-13,2025-11-18,2025-11-19
SHP-ORD-04488,ORD-04488,FedEx,2025-11-13,2025-11-18,2025-11-19
SHP-ORD-04489,ORD-04489,FedEx,2025-11-14,2025-11-19,2025-11-20
SHP-ORD-04490,ORD-04490,Carrier B,2025-11-14,2025-11-19,2025-11-19
SHP-ORD-04491,ORD-04491,FedEx,2025-11-14,2025-11-19,2025-11-21
SHP-ORD-04492,ORD-04492,FedEx,2025-11-14,2025-11-19,2025-11-21
SHP-ORD-04493,ORD-04493,FedEx,2025-11-14,2025-11-19,2025-11-20
SHP-ORD-04494,ORD-04494,FedEx,2025-11-14,2025-11-19,2025-11-19
SHP-ORD-04495,ORD-04495,FedEx,2025-11-14,2025-11-19,2025-11-19
SHP-ORD-04496,ORD-04496,DHL,2025-11-14,2025-11-19,2025-11-19
SHP-ORD-04497,ORD-04497,DHL,2025-11-14,2025-11-19,2025-11-21
SHP-ORD-04498,ORD-04498,FedEx,2025-11-14,2025-11-19,2025-11-21
SHP-ORD-04499,ORD-04499,Carrier B,2025-11-14,2025-11-19,2025-11-20
SHP-ORD-04500,ORD-04500,DHL,2025-11-15,2025-11-20,2025-11-20
SHP-ORD-04501,ORD-04501,Carrier B,2025-11-15,2025-11-20,2025-11-22
SHP-ORD-04502,ORD-04502,Carrier B,2025-11-15,2025-11-20,2025-11-20
SHP-ORD-04503,ORD-04503,DHL,2025-11-15,2025-11-20,2025-11-21
SHP-ORD-04504,ORD-04504,Carrier B,2025-11-15,2025-11-20,2025-11-20
SHP-ORD-04505,ORD-04505,DHL,2025-11-15,2025-11-20,2025-11-22
SHP-ORD-04506,ORD-04506,Carrier B,2025-11-15,2025-11-20,2025-11-20
SHP-ORD-04507,ORD-04507,FedEx,2025-11-15,2025-11-20,2025-11-22
SHP-ORD-04508,ORD-04508,FedEx,2025-11-15,2025-11-20,2025-11-21
SHP-ORD-04509,ORD-04509,DHL,2025-11-15,2025-11-20,2025-11-22
SHP-ORD-04510,ORD-04510,DHL,2025-11-15,2025-11-20,2025-11-20
SHP-ORD-04511,ORD-04511,Carrier B,2025-11-15,2025-11-20,2025-11-21
SHP-ORD-04512,ORD-04512,Carrier B,2025-11-15,2025-11-20,2025-11-22
SHP-ORD-04513,ORD-04513,FedEx,2025-11-15,2025-11-20,2025-11-20
SHP-ORD-04514,ORD-04514,Carrier B,2025-11-15,2025-11-20,2025-11-22
SHP-ORD-04515,ORD-04515,FedEx,2025-11-15,2025-11-20,2025-11-20
SHP-ORD-04516,ORD-04516,FedEx,2025-11-15,2025-11-20,2025-11-21
SHP-ORD-04517,ORD-04517,DHL,2025-11-15,2025-11-20,2025-11-20
SHP-ORD-04518,ORD-04518,FedEx,2025-11-15,2025-11-20,2025-11-22
SHP-ORD-04519,ORD-04519,DHL,2025-11-15,2025-11-20,2025-11-20
SHP-ORD-04520,ORD-04520,DHL,2025-11-15,2025-11-20,2025-11-22
SHP-ORD-04521,ORD-04521,FedEx,2025-11-15,2025-11-20,2025-11-20
SHP-ORD-04522,ORD-04522,DHL,2025-11-15,2025-11-20,2025-11-21
SHP-ORD-04523,ORD-04523,DHL,2025-11-15,2025-11-20,2025-11-21
SHP-ORD-04524,ORD-04524,FedEx,2025-11-15,2025-11-20,2025-11-20
SHP-ORD-04525,ORD-04525,FedEx,2025-11-15,2025-11-20,2025-11-21
SHP-ORD-04526,ORD-04526,Carrier B,2025-11-15,2025-11-20,2025-11-22
SHP-ORD-04527,ORD-04527,Carrier B,2025-11-15,2025-11-20,2025-11-20
SHP-ORD-04528,ORD-04528,FedEx,2025-11-16,2025-11-21,2025-11-23
SHP-ORD-04529,ORD-04529,FedEx,2025-11-16,2025-11-21,2025-11-23
SHP-ORD-04530,ORD-04530,Carrier B,2025-11-16,2025-11-21,2025-11-21
SHP-ORD-04531,ORD-04531,DHL,2025-11-16,2025-11-21,2025-11-21
SHP-ORD-04532,ORD-04532,FedEx,2025-11-16,2025-11-21,2025-11-22
SHP-ORD-04533,ORD-04533,DHL,2025-11-16,2025-11-21,2025-11-21
SHP-ORD-04534,ORD-04534,DHL,2025-11-16,2025-11-21,2025-11-23
SHP-ORD-04535,ORD-04535,DHL,2025-11-16,2025-11-21,2025-11-21
SHP-ORD-04536,ORD-04536,FedEx,2025-11-16,2025-11-21,2025-11-23
SHP-ORD-04537,ORD-04537,DHL,2025-11-16,2025-11-21,2025-11-22
SHP-ORD-04538,ORD-04538,FedEx,2025-11-17,2025-11-22,2025-11-23
SHP-ORD-04539,ORD-04539,Carrier B,2025-11-17,2025-11-22,2025-11-24
SHP-ORD-04540,ORD-04540,DHL,2025-11-17,2025-11-22,2025-11-24
SHP-ORD-04541,ORD-04541,DHL,2025-11-17,2025-11-22,2025-11-23
SHP-ORD-04542,ORD-04542,DHL,2025-11-17,2025-11-22,2025-11-23
SHP-ORD-04543,ORD-04543,DHL,2025-11-17,2025-11-22,2025-11-22
SHP-ORD-04544,ORD-04544,Carrier B,2025-11-17,2025-11-22,2025-11-24
SHP-ORD-04545,ORD-04545,FedEx,2025-11-17,2025-11-22,2025-11-24
SHP-ORD-04546,ORD-04546,Carrier B,2025-11-17,2025-11-22,2025-11-22
SHP-ORD-04547,ORD-04547,FedEx,2025-11-17,2025-11-22,2025-11-23
SHP-ORD-04548,ORD-04548,FedEx,2025-11-17,2025-11-22,2025-11-22
SHP-ORD-04549,ORD-04549,DHL,2025-11-17,2025-11-22,2025-11-23
SHP-ORD-04550,ORD-04550,DHL,2025-11-17,2025-11-22,2025-11-22
SHP-ORD-04551,ORD-04551,Carrier B,2025-11-17,2025-11-22,2025-11-22
SHP-ORD-04552,ORD-04552,DHL,2025-11-17,2025-11-22,2025-11-23
SHP-ORD-04553,ORD-04553,DHL,2025-11-17,2025-11-22,2025-11-22
SHP-ORD-04554,ORD-04554,Carrier B,2025-11-17,2025-11-22,2025-11-23
SHP-ORD-04555,ORD-04555,FedEx,2025-11-17,2025-11-22,2025-11-22
SHP-ORD-04556,ORD-04556,Carrier B,2025-11-17,2025-11-22,2025-11-23
SHP-ORD-04557,ORD-04557,DHL,2025-11-17,2025-11-22,2025-11-22
SHP-ORD-04558,ORD-04558,FedEx,2025-11-17,2025-11-22,2025-11-23
SHP-ORD-04559,ORD-04559,FedEx,2025-11-17,2025-11-22,2025-11-24
SHP-ORD-04560,ORD-04560,DHL,2025-11-17,2025-11-22,2025-11-24
SHP-ORD-04561,ORD-04561,FedEx,2025-11-18,2025-11-23,2025-11-25
SHP-ORD-04562,ORD-04562,FedEx,2025-11-18,2025-11-23,2025-11-23
SHP-ORD-04563,ORD-04563,FedEx,2025-11-18,2025-11-23,2025-11-25
SHP-ORD-04564,ORD-04564,FedEx,2025-11-18,2025-11-23,2025-11-23
SHP-ORD-04565,ORD-04565,DHL,2025-11-18,2025-11-23,2025-11-25
SHP-ORD-04566,ORD-04566,Carrier B,2025-11-18,2025-11-23,2025-11-25
SHP-ORD-04567,ORD-04567,FedEx,2025-11-18,2025-11-23,2025-11-24
SHP-ORD-04568,ORD-04568,DHL,2025-11-18,2025-11-23,2025-11-25
SHP-ORD-04569,ORD-04569,FedEx,2025-11-18,2025-11-23,2025-11-25
SHP-ORD-04570,ORD-04570,DHL,2025-11-18,2025-11-23,2025-11-25
SHP-ORD-04571,ORD-04571,Carrier B,2025-11-18,2025-11-23,2025-11-25
SHP-ORD-04572,ORD-04572,DHL,2025-11-19,2025-11-24,2025-11-26
SHP-ORD-04573,ORD-04573,Carrier B,2025-11-19,2025-11-24,2025-11-26
SHP-ORD-04574,ORD-04574,DHL,2025-11-19,2025-11-24,2025-11-25
SHP-ORD-04575,ORD-04575,DHL,2025-11-19,2025-11-24,2025-11-26
SHP-ORD-04576,ORD-04576,DHL,2025-11-19,2025-11-24,2025-11-26
SHP-ORD-04577,ORD-04577,Carrier B,2025-11-19,2025-11-24,2025-11-24
SHP-ORD-04578,ORD-04578,Carrier B,2025-11-19,2025-11-24,2025-11-25
SHP-ORD-04579,ORD-04579,DHL,2025-11-19,2025-11-24,2025-11-25
SHP-ORD-04580,ORD-04580,Carrier B,2025-11-19,2025-11-24,2025-11-24
SHP-ORD-04581,ORD-04581,FedEx,2025-11-19,2025-11-24,2025-11-25
SHP-ORD-04582,ORD-04582,Carrier B,2025-11-19,2025-11-24,2025-11-24
SHP-ORD-04583,ORD-04583,FedEx,2025-11-19,2025-11-24,2025-11-25
SHP-ORD-04584,ORD-04584,FedEx,2025-11-20,2025-11-25,2025-11-27
SHP-ORD-04585,ORD-04585,FedEx,2025-11-20,2025-11-25,2025-11-26
SHP-ORD-04586,ORD-04586,Carrier B,2025-11-20,2025-11-25,2025-11-26
SHP-ORD-04587,ORD-04587,Carrier B,2025-11-20,2025-11-25,2025-11-26
SHP-ORD-04588,ORD-04588,Carrier B,2025-11-20,2025-11-25,2025-11-26
SHP-ORD-04589,ORD-04589,Carrier B,2025-11-20,2025-11-25,2025-11-25
SHP-ORD-04590,ORD-04590,DHL,2025-11-20,2025-11-25,2025-11-26
SHP-ORD-04591,ORD-04591,Carrier B,2025-11-20,2025-11-25,2025-11-25
SHP-ORD-04592,ORD-04592,Carrier B,2025-11-20,2025-11-25,2025-11-26
SHP-ORD-04593,ORD-04593,DHL,2025-11-20,2025-11-25,2025-11-25
SHP-ORD-04594,ORD-04594,FedEx,2025-11-20,2025-11-25,2025-11-26
SHP-ORD-04595,ORD-04595,DHL,2025-11-20,2025-11-25,2025-11-27
SHP-ORD-04596,ORD-04596,Carrier B,2025-11-20,2025-11-25,2025-11-26
SHP-ORD-04597,ORD-04597,Carrier B,2025-11-20,2025-11-25,2025-11-27
SHP-ORD-04598,ORD-04598,Carrier B,2025-11-20,2025-11-25,2025-11-26
SHP-ORD-04599,ORD-04599,Carrier B,2025-11-20,2025-11-25,2025-11-26
SHP-ORD-04600,ORD-04600,Carrier B,2025-11-20,2025-11-25,2025-11-26
SHP-ORD-04601,ORD-04601,DHL,2025-11-20,2025-11-25,2025-11-26
SHP-ORD-04602,ORD-04602,DHL,2025-11-20,2025-11-25,2025-11-27
SHP-ORD-04603,ORD-04603,FedEx,2025-11-20,2025-11-25,2025-11-27
SHP-ORD-04604,ORD-04604,DHL,2025-11-20,2025-11-25,2025-11-25
SHP-ORD-04605,ORD-04605,DHL,2025-11-20,2025-11-25,2025-11-27
SHP-ORD-04606,ORD-04606,Carrier B,2025-11-20,2025-11-25,2025-11-25
SHP-ORD-04607,ORD-04607,DHL,2025-11-20,2025-11-25,2025-11-25
SHP-ORD-04608,ORD-04608,FedEx,2025-11-20,2025-11-25,2025-11-25
SHP-ORD-04609,ORD-04609,FedEx,2025-11-21,2025-11-26,2025-11-27
SHP-ORD-04610,ORD-04610,DHL,2025-11-21,2025-11-26,2025-11-28
SHP-ORD-04611,ORD-04611,DHL,2025-11-21,2025-11-26,2025-11-28
SHP-ORD-04612,ORD-04612,FedEx,2025-11-21,2025-11-26,2025-11-28
SHP-ORD-04613,ORD-04613,FedEx,2025-11-21,2025-11-26,2025-11-28
SHP-ORD-04614,ORD-04614,DHL,2025-11-21,2025-11-26,2025-11-26
SHP-ORD-04615,ORD-04615,FedEx,2025-11-21,2025-11-26,2025-11-28
SHP-ORD-04616,ORD-04616,FedEx,2025-11-21,2025-11-26,2025-11-27
SHP-ORD-04617,ORD-04617,FedEx,2025-11-21,2025-11-26,2025-11-28
SHP-ORD-04618,ORD-04618,DHL,2025-11-21,2025-11-26,2025-11-26
SHP-ORD-04619,ORD-04619,DHL,2025-11-21,2025-11-26,2025-11-28
SHP-ORD-04620,ORD-04620,FedEx,2025-11-21,2025-11-26,2025-11-26
SHP-ORD-04621,ORD-04621,Carrier B,2025-11-21,2025-11-26,2025-11-26
SHP-ORD-04622,ORD-04622,FedEx,2025-11-21,2025-11-26,2025-11-27
SHP-ORD-04623,ORD-04623,FedEx,2025-11-21,2025-11-26,2025-11-27
SHP-ORD-04624,ORD-04624,FedEx,2025-11-21,2025-11-26,2025-11-26
SHP-ORD-04625,ORD-04625,FedEx,2025-11-22,2025-11-27,2025-11-28
SHP-ORD-04626,ORD-04626,FedEx,2025-11-22,2025-11-27,2025-11-29
SHP-ORD-04627,ORD-04627,FedEx,2025-11-22,2025-11-27,2025-11-27
SHP-ORD-04628,ORD-04628,DHL,2025-11-22,2025-11-27,2025-11-29
SHP-ORD-04629,ORD-04629,DHL,2025-11-22,2025-11-27,2025-11-28
SHP-ORD-04630,ORD-04630,DHL,2025-11-22,2025-11-27,2025-11-29
SHP-ORD-04631,ORD-04631,DHL,2025-11-22,2025-11-27,2025-11-29
SHP-ORD-04632,ORD-04632,FedEx,2025-11-22,2025-11-27,2025-11-29
SHP-ORD-04633,ORD-04633,Carrier B,2025-11-22,2025-11-27,2025-11-27
SHP-ORD-04634,ORD-04634,FedEx,2025-11-22,2025-11-27,2025-11-29
SHP-ORD-04635,ORD-04635,DHL,2025-11-22,2025-11-27,2025-11-28
SHP-ORD-04636,ORD-04636,FedEx,2025-11-22,2025-11-27,2025-11-29
SHP-ORD-04637,ORD-04637,Carrier B,2025-11-22,2025-11-27,2025-11-29
SHP-ORD-04638,ORD-04638,DHL,2025-11-23,2025-11-28,2025-11-28
SHP-ORD-04639,ORD-04639,FedEx,2025-11-23,2025-11-28,2025-11-28
SHP-ORD-04640,ORD-04640,DHL,2025-11-23,2025-11-28,2025-11-28
SHP-ORD-04641,ORD-04641,FedEx,2025-11-23,2025-11-28,2025-11-29
SHP-ORD-04642,ORD-04642,DHL,2025-11-23,2025-11-28,2025-11-28
SHP-ORD-04643,ORD-04643,DHL,2025-11-23,2025-11-28,2025-11-28
SHP-ORD-04644,ORD-04644,FedEx,2025-11-23,2025-11-28,2025-11-30
SHP-ORD-04645,ORD-04645,FedEx,2025-11-23,2025-11-28,2025-11-29
SHP-ORD-04646,ORD-04646,FedEx,2025-11-23,2025-11-28,2025-11-28
SHP-ORD-04647,ORD-04647,DHL,2025-11-23,2025-11-28,2025-11-30
SHP-ORD-04648,ORD-04648,FedEx,2025-11-23,2025-11-28,2025-11-28
SHP-ORD-04649,ORD-04649,DHL,2025-11-23,2025-11-28,2025-11-29
SHP-ORD-04650,ORD-04650,Carrier B,2025-11-23,2025-11-28,2025-11-28
SHP-ORD-04651,ORD-04651,FedEx,2025-11-23,2025-11-28,2025-11-30
SHP-ORD-04652,ORD-04652,Carrier B,2025-11-23,2025-11-28,2025-11-30
SHP-ORD-04653,ORD-04653,DHL,2025-11-23,2025-11-28,2025-11-30
SHP-ORD-04654,ORD-04654,FedEx,2025-11-23,2025-11-28,2025-11-28
SHP-ORD-04655,ORD-04655,DHL,2025-11-23,2025-11-28,2025-11-28
SHP-ORD-04656,ORD-04656,DHL,2025-11-23,2025-11-28,2025-11-29
SHP-ORD-04657,ORD-04657,DHL,2025-11-23,2025-11-28,2025-11-28
SHP-ORD-04658,ORD-04658,FedEx,2025-11-23,2025-11-28,2025-11-30
SHP-ORD-04659,ORD-04659,FedEx,2025-11-23,2025-11-28,2025-11-28
SHP-ORD-04660,ORD-04660,DHL,2025-11-23,2025-11-28,2025-11-29
SHP-ORD-04661,ORD-04661,DHL,2025-11-23,2025-11-28,2025-11-28
SHP-ORD-04662,ORD-04662,DHL,2025-11-23,2025-11-28,2025-11-28
SHP-ORD-04663,ORD-04663,FedEx,2025-11-23,2025-11-28,2025-11-30
SHP-ORD-04664,ORD-04664,Carrier B,2025-11-23,2025-11-28,2025-11-29
SHP-ORD-04665,ORD-04665,Carrier B,2025-11-23,2025-11-28,2025-11-28
SHP-ORD-04666,ORD-04666,FedEx,2025-11-24,2025-11-29,2025-11-30
SHP-ORD-04667,ORD-04667,FedEx,2025-11-24,2025-11-29,2025-11-29
SHP-ORD-04668,ORD-04668,Carrier B,2025-11-24,2025-11-29,2025-11-30
SHP-ORD-04669,ORD-04669,Carrier B,2025-11-24,2025-11-29,2025-11-30
SHP-ORD-04670,ORD-04670,DHL,2025-11-24,2025-11-29,2025-11-29
SHP-ORD-04671,ORD-04671,Carrier B,2025-11-24,2025-11-29,2025-11-29
SHP-ORD-04672,ORD-04672,DHL,2025-11-24,2025-11-29,2025-11-29
SHP-ORD-04673,ORD-04673,FedEx,2025-11-24,2025-11-29,2025-12-01
SHP-ORD-04674,ORD-04674,DHL,2025-11-24,2025-11-29,2025-11-29
SHP-ORD-04675,ORD-04675,DHL,2025-11-24,2025-11-29,2025-12-01
SHP-ORD-04676,ORD-04676,Carrier B,2025-11-24,2025-11-29,2025-12-01
SHP-ORD-04677,ORD-04677,FedEx,2025-11-24,2025-11-29,2025-11-30
SHP-ORD-04678,ORD-04678,DHL,2025-11-25,2025-11-30,2025-12-01
SHP-ORD-04679,ORD-04679,DHL,2025-11-25,2025-11-30,2025-12-02
SHP-ORD-04680,ORD-04680,FedEx,2025-11-25,2025-11-30,2025-12-02
SHP-ORD-04681,ORD-04681,FedEx,2025-11-25,2025-11-30,2025-12-02
SHP-ORD-04682,ORD-04682,Carrier B,2025-11-25,2025-11-30,2025-12-02
SHP-ORD-04683,ORD-04683,DHL,2025-11-25,2025-11-30,2025-12-01
SHP-ORD-04684,ORD-04684,DHL,2025-11-25,2025-11-30,2025-11-30
SHP-ORD-04685,ORD-04685,Carrier B,2025-11-25,2025-11-30,2025-12-02
SHP-ORD-04686,ORD-04686,FedEx,2025-11-25,2025-11-30,2025-12-02
SHP-ORD-04687,ORD-04687,Carrier B,2025-11-25,2025-11-30,2025-12-01
SHP-ORD-04688,ORD-04688,DHL,2025-11-25,2025-11-30,2025-12-01
SHP-ORD-04689,ORD-04689,DHL,2025-11-25,2025-11-30,2025-12-02
SHP-ORD-04690,ORD-04690,DHL,2025-11-25,2025-11-30,2025-11-30
SHP-ORD-04691,ORD-04691,Carrier B,2025-11-25,2025-11-30,2025-12-01
SHP-ORD-04692,ORD-04692,FedEx,2025-11-25,2025-11-30,2025-12-01
SHP-ORD-04693,ORD-04693,FedEx,2025-11-25,2025-11-30,2025-12-01
SHP-ORD-04694,ORD-04694,FedEx,2025-11-25,2025-11-30,2025-12-01
SHP-ORD-04695,ORD-04695,FedEx,2025-11-25,2025-11-30,2025-11-30
SHP-ORD-04696,ORD-04696,DHL,2025-11-25,2025-11-30,2025-12-01
SHP-ORD-04697,ORD-04697,Carrier B,2025-11-25,2025-11-30,2025-12-01
SHP-ORD-04698,ORD-04698,Carrier B,2025-11-25,2025-11-30,2025-12-02
SHP-ORD-04699,ORD-04699,FedEx,2025-11-25,2025-11-30,2025-11-30
SHP-ORD-04700,ORD-04700,DHL,2025-11-25,2025-11-30,2025-12-02
SHP-ORD-04701,ORD-04701,DHL,2025-11-26,2025-12-01,2025-12-03
SHP-ORD-04702,ORD-04702,FedEx,2025-11-26,2025-12-01,2025-12-02
SHP-ORD-04703,ORD-04703,Carrier B,2025-11-26,2025-12-01,2025-12-01
SHP-ORD-04704,ORD-04704,Carrier B,2025-11-26,2025-12-01,2025-12-03
SHP-ORD-04705,ORD-04705,Carrier B,2025-11-26,2025-12-01,2025-12-02
SHP-ORD-04706,ORD-04706,FedEx,2025-11-26,2025-12-01,2025-12-01
SHP-ORD-04707,ORD-04707,DHL,2025-11-26,2025-12-01,2025-12-03
SHP-ORD-04708,ORD-04708,FedEx,2025-11-26,2025-12-01,2025-12-03
SHP-ORD-04709,ORD-04709,FedEx,2025-11-26,2025-12-01,2025-12-01
SHP-ORD-04710,ORD-04710,DHL,2025-11-26,2025-12-01,2025-12-01
SHP-ORD-04711,ORD-04711,Carrier B,2025-11-26,2025-12-01,2025-12-03
SHP-ORD-04712,ORD-04712,Carrier B,2025-11-26,2025-12-01,2025-12-01
SHP-ORD-04713,ORD-04713,Carrier B,2025-11-26,2025-12-01,2025-12-01
SHP-ORD-04714,ORD-04714,Carrier B,2025-11-26,2025-12-01,2025-12-01
SHP-ORD-04715,ORD-04715,FedEx,2025-11-26,2025-12-01,2025-12-02
SHP-ORD-04716,ORD-04716,DHL,2025-11-26,2025-12-01,2025-12-01
SHP-ORD-04717,ORD-04717,FedEx,2025-11-26,2025-12-01,2025-12-01
SHP-ORD-04718,ORD-04718,FedEx,2025-11-26,2025-12-01,2025-12-03
SHP-ORD-04719,ORD-04719,DHL,2025-11-26,2025-12-01,2025-12-02
SHP-ORD-04720,ORD-04720,DHL,2025-11-27,2025-12-02,2025-12-02
SHP-ORD-04721,ORD-04721,DHL,2025-11-27,2025-12-02,2025-12-04
SHP-ORD-04722,ORD-04722,FedEx,2025-11-27,2025-12-02,2025-12-03
SHP-ORD-04723,ORD-04723,FedEx,2025-11-27,2025-12-02,2025-12-04
SHP-ORD-04724,ORD-04724,FedEx,2025-11-27,2025-12-02,2025-12-04
SHP-ORD-04725,ORD-04725,FedEx,2025-11-27,2025-12-02,2025-12-04
SHP-ORD-04726,ORD-04726,FedEx,2025-11-27,2025-12-02,2025-12-03
SHP-ORD-04727,ORD-04727,DHL,2025-11-27,2025-12-02,2025-12-03
SHP-ORD-04728,ORD-04728,Carrier B,2025-11-27,2025-12-02,2025-12-04
SHP-ORD-04729,ORD-04729,DHL,2025-11-27,2025-12-02,2025-12-03
SHP-ORD-04730,ORD-04730,DHL,2025-11-27,2025-12-02,2025-12-03
SHP-ORD-04731,ORD-04731,FedEx,2025-11-27,2025-12-02,2025-12-04
SHP-ORD-04732,ORD-04732,Carrier B,2025-11-27,2025-12-02,2025-12-03
SHP-ORD-04733,ORD-04733,FedEx,2025-11-27,2025-12-02,2025-12-02
SHP-ORD-04734,ORD-04734,Carrier B,2025-11-27,2025-12-02,2025-12-02
SHP-ORD-04735,ORD-04735,Carrier B,2025-11-27,2025-12-02,2025-12-03
SHP-ORD-04736,ORD-04736,Carrier B,2025-11-27,2025-12-02,2025-12-02
SHP-ORD-04737,ORD-04737,FedEx,2025-11-27,2025-12-02,2025-12-02
SHP-ORD-04738,ORD-04738,DHL,2025-11-27,2025-12-02,2025-12-04
SHP-ORD-04739,ORD-04739,FedEx,2025-11-28,2025-12-03,2025-12-04
SHP-ORD-04740,ORD-04740,FedEx,2025-11-28,2025-12-03,2025-12-03
SHP-ORD-04741,ORD-04741,FedEx,2025-11-28,2025-12-03,2025-12-03
SHP-ORD-04742,ORD-04742,Carrier B,2025-11-28,2025-12-03,2025-12-05
SHP-ORD-04743,ORD-04743,Carrier B,2025-11-28,2025-12-03,2025-12-03
SHP-ORD-04744,ORD-04744,FedEx,2025-11-28,2025-12-03,2025-12-04
SHP-ORD-04745,ORD-04745,DHL,2025-11-28,2025-12-03,2025-12-04
SHP-ORD-04746,ORD-04746,Carrier B,2025-11-28,2025-12-03,2025-12-03
SHP-ORD-04747,ORD-04747,DHL,2025-11-28,2025-12-03,2025-12-03
SHP-ORD-04748,ORD-04748,FedEx,2025-11-28,2025-12-03,2025-12-03
SHP-ORD-04749,ORD-04749,DHL,2025-11-28,2025-12-03,2025-12-03
SHP-ORD-04750,ORD-04750,DHL,2025-11-28,2025-12-03,2025-12-04
SHP-ORD-04751,ORD-04751,DHL,2025-11-28,2025-12-03,2025-12-03
SHP-ORD-04752,ORD-04752,DHL,2025-11-28,2025-12-03,2025-12-03
SHP-ORD-04753,ORD-04753,DHL,2025-11-28,2025-12-03,2025-12-05
SHP-ORD-04754,ORD-04754,FedEx,2025-11-28,2025-12-03,2025-12-03
SHP-ORD-04755,ORD-04755,FedEx,2025-11-29,2025-12-04,2025-12-04
SHP-ORD-04756,ORD-04756,FedEx,2025-11-29,2025-12-04,2025-12-05
SHP-ORD-04757,ORD-04757,DHL,2025-11-29,2025-12-04,2025-12-06
SHP-ORD-04758,ORD-04758,FedEx,2025-11-29,2025-12-04,2025-12-05
SHP-ORD-04759,ORD-04759,Carrier B,2025-11-29,2025-12-04,2025-12-05
SHP-ORD-04760,ORD-04760,DHL,2025-11-29,2025-12-04,2025-12-06
SHP-ORD-04761,ORD-04761,DHL,2025-11-29,2025-12-04,2025-12-04
SHP-ORD-04762,ORD-04762,Carrier B,2025-11-29,2025-12-04,2025-12-05
SHP-ORD-04763,ORD-04763,Carrier B,2025-11-29,2025-12-04,2025-12-06
SHP-ORD-04764,ORD-04764,Carrier B,2025-11-29,2025-12-04,2025-12-04
SHP-ORD-04765,ORD-04765,DHL,2025-11-29,2025-12-04,2025-12-06
SHP-ORD-04766,ORD-04766,FedEx,2025-11-29,2025-12-04,2025-12-06
SHP-ORD-04767,ORD-04767,Carrier B,2025-11-29,2025-12-04,2025-12-04
SHP-ORD-04768,ORD-04768,Carrier B,2025-11-29,2025-12-04,2025-12-04
SHP-ORD-04769,ORD-04769,Carrier B,2025-11-29,2025-12-04,2025-12-06
SHP-ORD-04770,ORD-04770,DHL,2025-11-29,2025-12-04,2025-12-05
SHP-ORD-04771,ORD-04771,DHL,2025-11-29,2025-12-04,2025-12-04
SHP-ORD-04772,ORD-04772,FedEx,2025-11-29,2025-12-04,2025-12-06
SHP-ORD-04773,ORD-04773,DHL,2025-11-29,2025-12-04,2025-12-04
SHP-ORD-04774,ORD-04774,FedEx,2025-11-29,2025-12-04,2025-12-04
SHP-ORD-04775,ORD-04775,FedEx,2025-11-29,2025-12-04,2025-12-05
SHP-ORD-04776,ORD-04776,DHL,2025-11-29,2025-12-04,2025-12-05
SHP-ORD-04777,ORD-04777,DHL,2025-11-29,2025-12-04,2025-12-04
SHP-ORD-04778,ORD-04778,FedEx,2025-11-29,2025-12-04,2025-12-05
SHP-ORD-04779,ORD-04779,Carrier B,2025-11-29,2025-12-04,2025-12-05
SHP-ORD-04780,ORD-04780,Carrier B,2025-11-29,2025-12-04,2025-12-04
SHP-ORD-04781,ORD-04781,DHL,2025-11-29,2025-12-04,2025-12-06
SHP-ORD-04782,ORD-04782,DHL,2025-11-29,2025-12-04,2025-12-04
SHP-ORD-04783,ORD-04783,Carrier B,2025-11-30,2025-12-05,2025-12-06
SHP-ORD-04784,ORD-04784,FedEx,2025-11-30,2025-12-05,2025-12-06
SHP-ORD-04785,ORD-04785,DHL,2025-11-30,2025-12-05,2025-12-05
SHP-ORD-04786,ORD-04786,FedEx,2025-11-30,2025-12-05,2025-12-06
SHP-ORD-04787,ORD-04787,FedEx,2025-11-30,2025-12-05,2025-12-07
SHP-ORD-04788,ORD-04788,DHL,2025-11-30,2025-12-05,2025-12-05
SHP-ORD-04789,ORD-04789,DHL,2025-11-30,2025-12-05,2025-12-05
SHP-ORD-04790,ORD-04790,FedEx,2025-11-30,2025-12-05,2025-12-05
SHP-ORD-04791,ORD-04791,FedEx,2025-11-30,2025-12-05,2025-12-07
SHP-ORD-04792,ORD-04792,DHL,2025-11-30,2025-12-05,2025-12-05
SHP-ORD-04793,ORD-04793,DHL,2025-11-30,2025-12-05,2025-12-06
SHP-ORD-04794,ORD-04794,DHL,2025-11-30,2025-12-05,2025-12-07
SHP-ORD-04795,ORD-04795,FedEx,2025-11-30,2025-12-05,2025-12-07
SHP-ORD-04796,ORD-04796,DHL,2025-11-30,2025-12-05,2025-12-06
SHP-ORD-04797,ORD-04797,FedEx,2025-11-30,2025-12-05,2025-12-05
SHP-ORD-04798,ORD-04798,FedEx,2025-11-30,2025-12-05,2025-12-06
SHP-ORD-04799,ORD-04799,DHL,2025-11-30,2025-12-05,2025-12-05
SHP-ORD-04800,ORD-04800,DHL,2025-11-30,2025-12-05,2025-12-05
SHP-ORD-04801,ORD-04801,FedEx,2025-11-30,2025-12-05,2025-12-07
SHP-ORD-04802,ORD-04802,FedEx,2025-11-30,2025-12-05,2025-12-07
SHP-ORD-04803,ORD-04803,DHL,2025-11-30,2025-12-05,2025-12-06
SHP-ORD-04804,ORD-04804,FedEx,2025-11-30,2025-12-05,2025-12-07
SHP-ORD-04805,ORD-04805,FedEx,2025-11-30,2025-12-05,2025-12-05
SHP-ORD-04806,ORD-04806,DHL,2025-12-01,2025-12-06,2025-12-06
SHP-ORD-04807,ORD-04807,FedEx,2025-12-01,2025-12-06,2025-12-08
SHP-ORD-04808,ORD-04808,FedEx,2025-12-01,2025-12-06,2025-12-07
SHP-ORD-04809,ORD-04809,Carrier B,2025-12-01,2025-12-06,2025-12-06
SHP-ORD-04810,ORD-04810,DHL,2025-12-01,2025-12-06,2025-12-06
SHP-ORD-04811,ORD-04811,DHL,2025-12-01,2025-12-06,2025-12-08
SHP-ORD-04812,ORD-04812,DHL,2025-12-01,2025-12-06,2025-12-06
SHP-ORD-04813,ORD-04813,DHL,2025-12-01,2025-12-06,2025-12-07
SHP-ORD-04814,ORD-04814,Carrier B,2025-12-01,2025-12-06,2025-12-08
SHP-ORD-04815,ORD-04815,DHL,2025-12-01,2025-12-06,2025-12-08
SHP-ORD-04816,ORD-04816,FedEx,2025-12-01,2025-12-06,2025-12-06
SHP-ORD-04817,ORD-04817,DHL,2025-12-01,2025-12-06,2025-12-08
SHP-ORD-04818,ORD-04818,DHL,2025-12-01,2025-12-06,2025-12-08
SHP-ORD-04819,ORD-04819,DHL,2025-12-01,2025-12-06,2025-12-06
SHP-ORD-04820,ORD-04820,DHL,2025-12-01,2025-12-06,2025-12-08
SHP-ORD-04821,ORD-04821,Carrier B,2025-12-01,2025-12-06,2025-12-07
SHP-ORD-04822,ORD-04822,DHL,2025-12-01,2025-12-06,2025-12-07
SHP-ORD-04823,ORD-04823,FedEx,2025-12-01,2025-12-06,2025-12-06
SHP-ORD-04824,ORD-04824,FedEx,2025-12-02,2025-12-07,2025-12-07
SHP-ORD-04825,ORD-04825,DHL,2025-12-02,2025-12-07,2025-12-07
SHP-ORD-04826,ORD-04826,FedEx,2025-12-02,2025-12-07,2025-12-09
SHP-ORD-04827,ORD-04827,FedEx,2025-12-02,2025-12-07,2025-12-07
SHP-ORD-04828,ORD-04828,FedEx,2025-12-02,2025-12-07,2025-12-07
SHP-ORD-04829,ORD-04829,FedEx,2025-12-02,2025-12-07,2025-12-08
SHP-ORD-04830,ORD-04830,Carrier B,2025-12-02,2025-12-07,2025-12-07
SHP-ORD-04831,ORD-04831,FedEx,2025-12-02,2025-12-07,2025-12-09
SHP-ORD-04832,ORD-04832,FedEx,2025-12-02,2025-12-07,2025-12-07
SHP-ORD-04833,ORD-04833,FedEx,2025-12-02,2025-12-07,2025-12-08
SHP-ORD-04834,ORD-04834,DHL,2025-12-02,2025-12-07,2025-12-09
SHP-ORD-04835,ORD-04835,FedEx,2025-12-02,2025-12-07,2025-12-07
SHP-ORD-04836,ORD-04836,DHL,2025-12-02,2025-12-07,2025-12-07
SHP-ORD-04837,ORD-04837,FedEx,2025-12-02,2025-12-07,2025-12-09
SHP-ORD-04838,ORD-04838,DHL,2025-12-02,2025-12-07,2025-12-07
SHP-ORD-04839,ORD-04839,Carrier B,2025-12-02,2025-12-07,2025-12-09
SHP-ORD-04840,ORD-04840,FedEx,2025-12-02,2025-12-07,2025-12-09
SHP-ORD-04841,ORD-04841,DHL,2025-12-02,2025-12-07,2025-12-07
SHP-ORD-04842,ORD-04842,DHL,2025-12-02,2025-12-07,2025-12-07
SHP-ORD-04843,ORD-04843,DHL,2025-12-03,2025-12-08,2025-12-10
SHP-ORD-04844,ORD-04844,DHL,2025-12-03,2025-12-08,2025-12-09
SHP-ORD-04845,ORD-04845,DHL,2025-12-03,2025-12-08,2025-12-10
SHP-ORD-04846,ORD-04846,DHL,2025-12-03,2025-12-08,2025-12-10
SHP-ORD-04847,ORD-04847,DHL,2025-12-03,2025-12-08,2025-12-09
SHP-ORD-04848,ORD-04848,FedEx,2025-12-03,2025-12-08,2025-12-09
SHP-ORD-04849,ORD-04849,FedEx,2025-12-03,2025-12-08,2025-12-10
SHP-ORD-04850,ORD-04850,DHL,2025-12-03,2025-12-08,2025-12-10
SHP-ORD-04851,ORD-04851,Carrier B,2025-12-03,2025-12-08,2025-12-09
SHP-ORD-04852,ORD-04852,Carrier B,2025-12-03,2025-12-08,2025-12-09
SHP-ORD-04853,ORD-04853,Carrier B,2025-12-03,2025-12-08,2025-12-10
SHP-ORD-04854,ORD-04854,DHL,2025-12-03,2025-12-08,2025-12-08
SHP-ORD-04855,ORD-04855,DHL,2025-12-03,2025-12-08,2025-12-10
SHP-ORD-04856,ORD-04856,DHL,2025-12-03,2025-12-08,2025-12-09
SHP-ORD-04857,ORD-04857,DHL,2025-12-03,2025-12-08,2025-12-10
SHP-ORD-04858,ORD-04858,DHL,2025-12-03,2025-12-08,2025-12-09
SHP-ORD-04859,ORD-04859,FedEx,2025-12-03,2025-12-08,2025-12-09
SHP-ORD-04860,ORD-04860,FedEx,2025-12-03,2025-12-08,2025-12-10
SHP-ORD-04861,ORD-04861,DHL,2025-12-03,2025-12-08,2025-12-09
SHP-ORD-04862,ORD-04862,DHL,2025-12-03,2025-12-08,2025-12-09
SHP-ORD-04863,ORD-04863,FedEx,2025-12-03,2025-12-08,2025-12-08
SHP-ORD-04864,ORD-04864,FedEx,2025-12-03,2025-12-08,2025-12-09
SHP-ORD-04865,ORD-04865,Carrier B,2025-12-03,2025-12-08,2025-12-10
SHP-ORD-04866,ORD-04866,DHL,2025-12-03,2025-12-08,2025-12-09
SHP-ORD-04867,ORD-04867,DHL,2025-12-04,2025-12-09,2025-12-09
SHP-ORD-04868,ORD-04868,DHL,2025-12-04,2025-12-09,2025-12-09
SHP-ORD-04869,ORD-04869,DHL,2025-12-04,2025-12-09,2025-12-10
SHP-ORD-04870,ORD-04870,FedEx,2025-12-04,2025-12-09,2025-12-11
SHP-ORD-04871,ORD-04871,DHL,2025-12-04,2025-12-09,2025-12-11
SHP-ORD-04872,ORD-04872,DHL,2025-12-04,2025-12-09,2025-12-09
SHP-ORD-04873,ORD-04873,FedEx,2025-12-04,2025-12-09,2025-12-10
SHP-ORD-04874,ORD-04874,FedEx,2025-12-04,2025-12-09,2025-12-10
SHP-ORD-04875,ORD-04875,FedEx,2025-12-04,2025-12-09,2025-12-09
SHP-ORD-04876,ORD-04876,DHL,2025-12-04,2025-12-09,2025-12-10
SHP-ORD-04877,ORD-04877,FedEx,2025-12-04,2025-12-09,2025-12-11
SHP-ORD-04878,ORD-04878,DHL,2025-12-04,2025-12-09,2025-12-09
SHP-ORD-04879,ORD-04879,DHL,2025-12-04,2025-12-09,2025-12-10
SHP-ORD-04880,ORD-04880,Carrier B,2025-12-04,2025-12-09,2025-12-10
SHP-ORD-04881,ORD-04881,DHL,2025-12-04,2025-12-09,2025-12-09
SHP-ORD-04882,ORD-04882,FedEx,2025-12-04,2025-12-09,2025-12-09
SHP-ORD-04883,ORD-04883,DHL,2025-12-04,2025-12-09,2025-12-10
SHP-ORD-04884,ORD-04884,DHL,2025-12-04,2025-12-09,2025-12-10
SHP-ORD-04885,ORD-04885,FedEx,2025-12-04,2025-12-09,2025-12-11
SHP-ORD-04886,ORD-04886,DHL,2025-12-04,2025-12-09,2025-12-11
SHP-ORD-04887,ORD-04887,Carrier B,2025-12-04,2025-12-09,2025-12-09
SHP-ORD-04888,ORD-04888,FedEx,2025-12-04,2025-12-09,2025-12-10
SHP-ORD-04889,ORD-04889,DHL,2025-12-04,2025-12-09,2025-12-09
SHP-ORD-04890,ORD-04890,Carrier B,2025-12-04,2025-12-09,2025-12-11
SHP-ORD-04891,ORD-04891,DHL,2025-12-04,2025-12-09,2025-12-10
SHP-ORD-04892,ORD-04892,DHL,2025-12-05,2025-12-10,2025-12-10
SHP-ORD-04893,ORD-04893,FedEx,2025-12-05,2025-12-10,2025-12-11
SHP-ORD-04894,ORD-04894,FedEx,2025-12-05,2025-12-10,2025-12-11
SHP-ORD-04895,ORD-04895,DHL,2025-12-05,2025-12-10,2025-12-11
SHP-ORD-04896,ORD-04896,DHL,2025-12-05,2025-12-10,2025-12-11
SHP-ORD-04897,ORD-04897,Carrier B,2025-12-05,2025-12-10,2025-12-12
SHP-ORD-04898,ORD-04898,FedEx,2025-12-05,2025-12-10,2025-12-11
SHP-ORD-04899,ORD-04899,DHL,2025-12-05,2025-12-10,2025-12-11
SHP-ORD-04900,ORD-04900,FedEx,2025-12-05,2025-12-10,2025-12-11
SHP-ORD-04901,ORD-04901,FedEx,2025-12-05,2025-12-10,2025-12-11
SHP-ORD-04902,ORD-04902,DHL,2025-12-05,2025-12-10,2025-12-11
SHP-ORD-04903,ORD-04903,FedEx,2025-12-05,2025-12-10,2025-12-11
SHP-ORD-04904,ORD-04904,FedEx,2025-12-05,2025-12-10,2025-12-11
SHP-ORD-04905,ORD-04905,FedEx,2025-12-05,2025-12-10,2025-12-12
SHP-ORD-04906,ORD-04906,FedEx,2025-12-06,2025-12-11,2025-12-12
SHP-ORD-04907,ORD-04907,Carrier B,2025-12-06,2025-12-11,2025-12-11
SHP-ORD-04908,ORD-04908,DHL,2025-12-06,2025-12-11,2025-12-13
SHP-ORD-04909,ORD-04909,FedEx,2025-12-06,2025-12-11,2025-12-13
SHP-ORD-04910,ORD-04910,Carrier B,2025-12-06,2025-12-11,2025-12-11
SHP-ORD-04911,ORD-04911,DHL,2025-12-06,2025-12-11,2025-12-11
SHP-ORD-04912,ORD-04912,Carrier B,2025-12-06,2025-12-11,2025-12-11
SHP-ORD-04913,ORD-04913,FedEx,2025-12-06,2025-12-11,2025-12-13
SHP-ORD-04914,ORD-04914,DHL,2025-12-06,2025-12-11,2025-12-11
SHP-ORD-04915,ORD-04915,Carrier B,2025-12-06,2025-12-11,2025-12-13
SHP-ORD-04916,ORD-04916,FedEx,2025-12-06,2025-12-11,2025-12-11
SHP-ORD-04917,ORD-04917,Carrier B,2025-12-06,2025-12-11,2025-12-13
SHP-ORD-04918,ORD-04918,Carrier B,2025-12-06,2025-12-11,2025-12-13
SHP-ORD-04919,ORD-04919,Carrier B,2025-12-06,2025-12-11,2025-12-13
SHP-ORD-04920,ORD-04920,FedEx,2025-12-06,2025-12-11,2025-12-12
SHP-ORD-04921,ORD-04921,FedEx,2025-12-06,2025-12-11,2025-12-12
SHP-ORD-04922,ORD-04922,FedEx,2025-12-06,2025-12-11,2025-12-13
SHP-ORD-04923,ORD-04923,Carrier B,2025-12-06,2025-12-11,2025-12-12
SHP-ORD-04924,ORD-04924,FedEx,2025-12-07,2025-12-12,2025-12-13
SHP-ORD-04925,ORD-04925,DHL,2025-12-07,2025-12-12,2025-12-14
SHP-ORD-04926,ORD-04926,DHL,2025-12-07,2025-12-12,2025-12-13
SHP-ORD-04927,ORD-04927,FedEx,2025-12-07,2025-12-12,2025-12-12
SHP-ORD-04928,ORD-04928,FedEx,2025-12-07,2025-12-12,2025-12-13
SHP-ORD-04929,ORD-04929,DHL,2025-12-07,2025-12-12,2025-12-12
SHP-ORD-04930,ORD-04930,Carrier B,2025-12-07,2025-12-12,2025-12-13
SHP-ORD-04931,ORD-04931,FedEx,2025-12-07,2025-12-12,2025-12-12
SHP-ORD-04932,ORD-04932,Carrier B,2025-12-07,2025-12-12,2025-12-14
SHP-ORD-04933,ORD-04933,DHL,2025-12-07,2025-12-12,2025-12-14
SHP-ORD-04934,ORD-04934,DHL,2025-12-07,2025-12-12,2025-12-13
SHP-ORD-04935,ORD-04935,DHL,2025-12-07,2025-12-12,2025-12-13
SHP-ORD-04936,ORD-04936,FedEx,2025-12-07,2025-12-12,2025-12-14
SHP-ORD-04937,ORD-04937,DHL,2025-12-07,2025-12-12,2025-12-13
SHP-ORD-04938,ORD-04938,DHL,2025-12-07,2025-12-12,2025-12-12
SHP-ORD-04939,ORD-04939,FedEx,2025-12-07,2025-12-12,2025-12-12
SHP-ORD-04940,ORD-04940,DHL,2025-12-07,2025-12-12,2025-12-12
SHP-ORD-04941,ORD-04941,FedEx,2025-12-07,2025-12-12,2025-12-13
SHP-ORD-04942,ORD-04942,DHL,2025-12-07,2025-12-12,2025-12-14
SHP-ORD-04943,ORD-04943,DHL,2025-12-07,2025-12-12,2025-12-12
SHP-ORD-04944,ORD-04944,DHL,2025-12-07,2025-12-12,2025-12-14
SHP-ORD-04945,ORD-04945,FedEx,2025-12-07,2025-12-12,2025-12-13
SHP-ORD-04946,ORD-04946,Carrier B,2025-12-07,2025-12-12,2025-12-14
SHP-ORD-04947,ORD-04947,FedEx,2025-12-07,2025-12-12,2025-12-13
SHP-ORD-04948,ORD-04948,DHL,2025-12-07,2025-12-12,2025-12-12
SHP-ORD-04949,ORD-04949,DHL,2025-12-07,2025-12-12,2025-12-13
SHP-ORD-04950,ORD-04950,DHL,2025-12-07,2025-12-12,2025-12-12
SHP-ORD-04951,ORD-04951,FedEx,2025-12-07,2025-12-12,2025-12-14
SHP-ORD-04952,ORD-04952,DHL,2025-12-08,2025-12-13,2025-12-13
SHP-ORD-04953,ORD-04953,FedEx,2025-12-08,2025-12-13,2025-12-14
SHP-ORD-04954,ORD-04954,DHL,2025-12-08,2025-12-13,2025-12-15
SHP-ORD-04955,ORD-04955,DHL,2025-12-08,2025-12-13,2025-12-15
SHP-ORD-04956,ORD-04956,DHL,2025-12-08,2025-12-13,2025-12-13
SHP-ORD-04957,ORD-04957,DHL,2025-12-08,2025-12-13,2025-12-14
SHP-ORD-04958,ORD-04958,Carrier B,2025-12-08,2025-12-13,2025-12-15
SHP-ORD-04959,ORD-04959,FedEx,2025-12-08,2025-12-13,2025-12-15
SHP-ORD-04960,ORD-04960,Carrier B,2025-12-08,2025-12-13,2025-12-15
SHP-ORD-04961,ORD-04961,FedEx,2025-12-08,2025-12-13,2025-12-13
SHP-ORD-04962,ORD-04962,DHL,2025-12-08,2025-12-13,2025-12-15
SHP-ORD-04963,ORD-04963,DHL,2025-12-08,2025-12-13,2025-12-14
SHP-ORD-04964,ORD-04964,DHL,2025-12-08,2025-12-13,2025-12-15
SHP-ORD-04965,ORD-04965,FedEx,2025-12-08,2025-12-13,2025-12-13
SHP-ORD-04966,ORD-04966,DHL,2025-12-08,2025-12-13,2025-12-13
SHP-ORD-04967,ORD-04967,FedEx,2025-12-08,2025-12-13,2025-12-14
SHP-ORD-04968,ORD-04968,FedEx,2025-12-08,2025-12-13,2025-12-14
SHP-ORD-04969,ORD-04969,FedEx,2025-12-08,2025-12-13,2025-12-14
SHP-ORD-04970,ORD-04970,DHL,2025-12-08,2025-12-13,2025-12-13
SHP-ORD-04971,ORD-04971,FedEx,2025-12-08,2025-12-13,2025-12-15
SHP-ORD-04972,ORD-04972,FedEx,2025-12-08,2025-12-13,2025-12-13
SHP-ORD-04973,ORD-04973,FedEx,2025-12-08,2025-12-13,2025-12-14
SHP-ORD-04974,ORD-04974,FedEx,2025-12-08,2025-12-13,2025-12-14
SHP-ORD-04975,ORD-04975,Carrier B,2025-12-08,2025-12-13,2025-12-15
SHP-ORD-04976,ORD-04976,Carrier B,2025-12-08,2025-12-13,2025-12-15
SHP-ORD-04977,ORD-04977,FedEx,2025-12-08,2025-12-13,2025-12-15
SHP-ORD-04978,ORD-04978,DHL,2025-12-08,2025-12-13,2025-12-15
SHP-ORD-04979,ORD-04979,DHL,2025-12-08,2025-12-13,2025-12-15
SHP-ORD-04980,ORD-04980,DHL,2025-12-08,2025-12-13,2025-12-13
SHP-ORD-04981,ORD-04981,DHL,2025-12-09,2025-12-14,2025-12-16
SHP-ORD-04982,ORD-04982,FedEx,2025-12-09,2025-12-14,2025-12-14
SHP-ORD-04983,ORD-04983,DHL,2025-12-09,2025-12-14,2025-12-14
SHP-ORD-04984,ORD-04984,FedEx,2025-12-09,2025-12-14,2025-12-14
SHP-ORD-04985,ORD-04985,FedEx,2025-12-09,2025-12-14,2025-12-14
SHP-ORD-04986,ORD-04986,DHL,2025-12-09,2025-12-14,2025-12-14
SHP-ORD-04987,ORD-04987,DHL,2025-12-09,2025-12-14,2025-12-14
SHP-ORD-04988,ORD-04988,FedEx,2025-12-09,2025-12-14,2025-12-15
SHP-ORD-04989,ORD-04989,DHL,2025-12-09,2025-12-14,2025-12-14
SHP-ORD-04990,ORD-04990,DHL,2025-12-09,2025-12-14,2025-12-15
SHP-ORD-04991,ORD-04991,Carrier B,2025-12-09,2025-12-14,2025-12-15
SHP-ORD-04992,ORD-04992,DHL,2025-12-09,2025-12-14,2025-12-14
SHP-ORD-04993,ORD-04993,DHL,2025-12-09,2025-12-14,2025-12-16
SHP-ORD-04994,ORD-04994,DHL,2025-12-09,2025-12-14,2025-12-14
SHP-ORD-04995,ORD-04995,FedEx,2025-12-09,2025-12-14,2025-12-14
SHP-ORD-04996,ORD-04996,FedEx,2025-12-09,2025-12-14,2025-12-15
SHP-ORD-04997,ORD-04997,FedEx,2025-12-09,2025-12-14,2025-12-14
SHP-ORD-04998,ORD-04998,DHL,2025-12-09,2025-12-14,2025-12-15
SHP-ORD-04999,ORD-04999,DHL,2025-12-09,2025-12-14,2025-12-16
SHP-ORD-05000,ORD-05000,Carrier B,2025-12-09,2025-12-14,2025-12-15
SHP-ORD-05001,ORD-05001,DHL,2025-12-09,2025-12-14,2025-12-16
SHP-ORD-05002,ORD-05002,FedEx,2025-12-09,2025-12-14,2025-12-15
SHP-ORD-05003,ORD-05003,FedEx,2025-12-09,2025-12-14,2025-12-15
SHP-ORD-05004,ORD-05004,FedEx,2025-12-09,2025-12-14,2025-12-15
SHP-ORD-05005,ORD-05005,DHL,2025-12-09,2025-12-14,2025-12-16
SHP-ORD-05006,ORD-05006,DHL,2025-12-09,2025-12-14,2025-12-14
SHP-ORD-05007,ORD-05007,Carrier B,2025-12-09,2025-12-14,2025-12-15
SHP-ORD-05008,ORD-05008,DHL,2025-12-09,2025-12-14,2025-12-15
SHP-ORD-05009,ORD-05009,Carrier B,2025-12-09,2025-12-14,2025-12-14
SHP-ORD-05010,ORD-05010,DHL,2025-12-09,2025-12-14,2025-12-16
SHP-ORD-05011,ORD-05011,Carrier B,2025-12-10,2025-12-15,2025-12-15
SHP-ORD-05012,ORD-05012,DHL,2025-12-10,2025-12-15,2025-12-15
SHP-ORD-05013,ORD-05013,DHL,2025-12-10,2025-12-15,2025-12-15
SHP-ORD-05014,ORD-05014,DHL,2025-12-10,2025-12-15,2025-12-16
SHP-ORD-05015,ORD-05015,DHL,2025-12-10,2025-12-15,2025-12-15
SHP-ORD-05016,ORD-05016,DHL,2025-12-10,2025-12-15,2025-12-17
SHP-ORD-05017,ORD-05017,FedEx,2025-12-10,2025-12-15,2025-12-17
SHP-ORD-05018,ORD-05018,FedEx,2025-12-10,2025-12-15,2025-12-16
SHP-ORD-05019,ORD-05019,DHL,2025-12-10,2025-12-15,2025-12-15
SHP-ORD-05020,ORD-05020,DHL,2025-12-10,2025-12-15,2025-12-17
SHP-ORD-05021,ORD-05021,FedEx,2025-12-10,2025-12-15,2025-12-17
SHP-ORD-05022,ORD-05022,FedEx,2025-12-11,2025-12-16,2025-12-18
SHP-ORD-05023,ORD-05023,FedEx,2025-12-11,2025-12-16,2025-12-17
SHP-ORD-05024,ORD-05024,DHL,2025-12-11,2025-12-16,2025-12-18
SHP-ORD-05025,ORD-05025,FedEx,2025-12-11,2025-12-16,2025-12-17
SHP-ORD-05026,ORD-05026,FedEx,2025-12-11,2025-12-16,2025-12-18
SHP-ORD-05027,ORD-05027,FedEx,2025-12-11,2025-12-16,2025-12-16
SHP-ORD-05028,ORD-05028,FedEx,2025-12-11,2025-12-16,2025-12-16
SHP-ORD-05029,ORD-05029,Carrier B,2025-12-11,2025-12-16,2025-12-18
SHP-ORD-05030,ORD-05030,FedEx,2025-12-11,2025-12-16,2025-12-16
SHP-ORD-05031,ORD-05031,DHL,2025-12-11,2025-12-16,2025-12-17
SHP-ORD-05032,ORD-05032,DHL,2025-12-11,2025-12-16,2025-12-16
SHP-ORD-05033,ORD-05033,Carrier B,2025-12-11,2025-12-16,2025-12-16
SHP-ORD-05034,ORD-05034,FedEx,2025-12-11,2025-12-16,2025-12-16
SHP-ORD-05035,ORD-05035,FedEx,2025-12-11,2025-12-16,2025-12-17
SHP-ORD-05036,ORD-05036,FedEx,2025-12-11,2025-12-16,2025-12-17
SHP-ORD-05037,ORD-05037,FedEx,2025-12-11,2025-12-16,2025-12-17
SHP-ORD-05038,ORD-05038,DHL,2025-12-11,2025-12-16,2025-12-17
SHP-ORD-05039,ORD-05039,FedEx,2025-12-11,2025-12-16,2025-12-16
SHP-ORD-05040,ORD-05040,FedEx,2025-12-11,2025-12-16,2025-12-16
SHP-ORD-05041,ORD-05041,Carrier B,2025-12-11,2025-12-16,2025-12-18
SHP-ORD-05042,ORD-05042,DHL,2025-12-11,2025-12-16,2025-12-18
SHP-ORD-05043,ORD-05043,FedEx,2025-12-12,2025-12-17,2025-12-18
SHP-ORD-05044,ORD-05044,FedEx,2025-12-12,2025-12-17,2025-12-18
SHP-ORD-05045,ORD-05045,FedEx,2025-12-12,2025-12-17,2025-12-19
SHP-ORD-05046,ORD-05046,Carrier B,2025-12-12,2025-12-17,2025-12-19
SHP-ORD-05047,ORD-05047,Carrier B,2025-12-12,2025-12-17,2025-12-17
SHP-ORD-05048,ORD-05048,Carrier B,2025-12-12,2025-12-17,2025-12-18
SHP-ORD-05049,ORD-05049,Carrier B,2025-12-12,2025-12-17,2025-12-17
SHP-ORD-05050,ORD-05050,DHL,2025-12-12,2025-12-17,2025-12-18
SHP-ORD-05051,ORD-05051,FedEx,2025-12-12,2025-12-17,2025-12-19
SHP-ORD-05052,ORD-05052,DHL,2025-12-12,2025-12-17,2025-12-19
SHP-ORD-05053,ORD-05053,DHL,2025-12-12,2025-12-17,2025-12-18
SHP-ORD-05054,ORD-05054,Carrier B,2025-12-12,2025-12-17,2025-12-18
SHP-ORD-05055,ORD-05055,DHL,2025-12-12,2025-12-17,2025-12-17
SHP-ORD-05056,ORD-05056,DHL,2025-12-12,2025-12-17,2025-12-18
SHP-ORD-05057,ORD-05057,Carrier B,2025-12-12,2025-12-17,2025-12-17
SHP-ORD-05058,ORD-05058,FedEx,2025-12-12,2025-12-17,2025-12-17
SHP-ORD-05059,ORD-05059,Carrier B,2025-12-12,2025-12-17,2025-12-17
SHP-ORD-05060,ORD-05060,FedEx,2025-12-12,2025-12-17,2025-12-19
SHP-ORD-05061,ORD-05061,DHL,2025-12-12,2025-12-17,2025-12-18
SHP-ORD-05062,ORD-05062,FedEx,2025-12-12,2025-12-17,2025-12-19
SHP-ORD-05063,ORD-05063,DHL,2025-12-12,2025-12-17,2025-12-18
SHP-ORD-05064,ORD-05064,DHL,2025-12-12,2025-12-17,2025-12-17
SHP-ORD-05065,ORD-05065,FedEx,2025-12-13,2025-12-18,2025-12-18
SHP-ORD-05066,ORD-05066,Carrier B,2025-12-13,2025-12-18,2025-12-20
SHP-ORD-05067,ORD-05067,DHL,2025-12-13,2025-12-18,2025-12-18
SHP-ORD-05068,ORD-05068,DHL,2025-12-13,2025-12-18,2025-12-20
SHP-ORD-05069,ORD-05069,FedEx,2025-12-13,2025-12-18,2025-12-19
SHP-ORD-05070,ORD-05070,Carrier B,2025-12-13,2025-12-18,2025-12-19
SHP-ORD-05071,ORD-05071,FedEx,2025-12-13,2025-12-18,2025-12-20
SHP-ORD-05072,ORD-05072,FedEx,2025-12-13,2025-12-18,2025-12-18
SHP-ORD-05073,ORD-05073,FedEx,2025-12-13,2025-12-18,2025-12-19
SHP-ORD-05074,ORD-05074,DHL,2025-12-13,2025-12-18,2025-12-20
SHP-ORD-05075,ORD-05075,Carrier B,2025-12-13,2025-12-18,2025-12-19
SHP-ORD-05076,ORD-05076,FedEx,2025-12-13,2025-12-18,2025-12-18
SHP-ORD-05077,ORD-05077,FedEx,2025-12-13,2025-12-18,2025-12-20
SHP-ORD-05078,ORD-05078,Carrier B,2025-12-13,2025-12-18,2025-12-20
SHP-ORD-05079,ORD-05079,DHL,2025-12-13,2025-12-18,2025-12-19
SHP-ORD-05080,ORD-05080,DHL,2025-12-13,2025-12-18,2025-12-18
SHP-ORD-05081,ORD-05081,FedEx,2025-12-14,2025-12-19,2025-12-20
SHP-ORD-05082,ORD-05082,DHL,2025-12-14,2025-12-19,2025-12-20
SHP-ORD-05083,ORD-05083,FedEx,2025-12-14,2025-12-19,2025-12-19
SHP-ORD-05084,ORD-05084,Carrier B,2025-12-14,2025-12-19,2025-12-21
SHP-ORD-05085,ORD-05085,DHL,2025-12-14,2025-12-19,2025-12-20
SHP-ORD-05086,ORD-05086,DHL,2025-12-14,2025-12-19,2025-12-21
SHP-ORD-05087,ORD-05087,FedEx,2025-12-14,2025-12-19,2025-12-19
SHP-ORD-05088,ORD-05088,FedEx,2025-12-14,2025-12-19,2025-12-20
SHP-ORD-05089,ORD-05089,FedEx,2025-12-14,2025-12-19,2025-12-20
SHP-ORD-05090,ORD-05090,FedEx,2025-12-14,2025-12-19,2025-12-19
SHP-ORD-05091,ORD-05091,FedEx,2025-12-14,2025-12-19,2025-12-19
SHP-ORD-05092,ORD-05092,DHL,2025-12-14,2025-12-19,2025-12-21
SHP-ORD-05093,ORD-05093,FedEx,2025-12-14,2025-12-19,2025-12-19
SHP-ORD-05094,ORD-05094,DHL,2025-12-14,2025-12-19,2025-12-21
SHP-ORD-05095,ORD-05095,FedEx,2025-12-14,2025-12-19,2025-12-20
SHP-ORD-05096,ORD-05096,FedEx,2025-12-14,2025-12-19,2025-12-20
SHP-ORD-05097,ORD-05097,DHL,2025-12-14,2025-12-19,2025-12-20
SHP-ORD-05098,ORD-05098,DHL,2025-12-14,2025-12-19,2025-12-20
SHP-ORD-05099,ORD-05099,DHL,2025-12-14,2025-12-19,2025-12-20
SHP-ORD-05100,ORD-05100,FedEx,2025-12-14,2025-12-19,2025-12-19
SHP-ORD-05101,ORD-05101,DHL,2025-12-14,2025-12-19,2025-12-20
SHP-ORD-05102,ORD-05102,DHL,2025-12-14,2025-12-19,2025-12-21
SHP-ORD-05103,ORD-05103,FedEx,2025-12-14,2025-12-19,2025-12-21
SHP-ORD-05104,ORD-05104,DHL,2025-12-14,2025-12-19,2025-12-20
SHP-ORD-05105,ORD-05105,DHL,2025-12-14,2025-12-19,2025-12-21
SHP-ORD-05106,ORD-05106,FedEx,2025-12-14,2025-12-19,2025-12-19
SHP-ORD-05107,ORD-05107,Carrier B,2025-12-14,2025-12-19,2025-12-20
SHP-ORD-05108,ORD-05108,DHL,2025-12-14,2025-12-19,2025-12-21
SHP-ORD-05109,ORD-05109,FedEx,2025-12-15,2025-12-20,2025-12-20
SHP-ORD-05110,ORD-05110,DHL,2025-12-15,2025-12-20,2025-12-20
SHP-ORD-05111,ORD-05111,FedEx,2025-12-15,2025-12-20,2025-12-22
SHP-ORD-05112,ORD-05112,Carrier B,2025-12-15,2025-12-20,2025-12-20
SHP-ORD-05113,ORD-05113,DHL,2025-12-15,2025-12-20,2025-12-22
SHP-ORD-05114,ORD-05114,FedEx,2025-12-15,2025-12-20,2025-12-22
SHP-ORD-05115,ORD-05115,FedEx,2025-12-15,2025-12-20,2025-12-20
SHP-ORD-05116,ORD-05116,FedEx,2025-12-15,2025-12-20,2025-12-21
SHP-ORD-05117,ORD-05117,DHL,2025-12-15,2025-12-20,2025-12-21
SHP-ORD-05118,ORD-05118,DHL,2025-12-15,2025-12-20,2025-12-20
SHP-ORD-05119,ORD-05119,FedEx,2025-12-15,2025-12-20,2025-12-21
SHP-ORD-05120,ORD-05120,FedEx,2025-12-15,2025-12-20,2025-12-21
SHP-ORD-05121,ORD-05121,FedEx,2025-12-15,2025-12-20,2025-12-21
SHP-ORD-05122,ORD-05122,FedEx,2025-12-15,2025-12-20,2025-12-20
SHP-ORD-05123,ORD-05123,FedEx,2025-12-15,2025-12-20,2025-12-22
SHP-ORD-05124,ORD-05124,DHL,2025-12-15,2025-12-20,2025-12-22
SHP-ORD-05125,ORD-05125,DHL,2025-12-15,2025-12-20,2025-12-21
SHP-ORD-05126,ORD-05126,Carrier B,2025-12-15,2025-12-20,2025-12-22
SHP-ORD-05127,ORD-05127,Carrier B,2025-12-15,2025-12-20,2025-12-21
SHP-ORD-05128,ORD-05128,DHL,2025-12-15,2025-12-20,2025-12-21
SHP-ORD-05129,ORD-05129,DHL,2025-12-15,2025-12-20,2025-12-21
SHP-ORD-05130,ORD-05130,Carrier B,2025-12-15,2025-12-20,2025-12-22
SHP-ORD-05131,ORD-05131,FedEx,2025-12-15,2025-12-20,2025-12-21
SHP-ORD-05132,ORD-05132,FedEx,2025-12-15,2025-12-20,2025-12-21
SHP-ORD-05133,ORD-05133,FedEx,2025-12-15,2025-12-20,2025-12-22
SHP-ORD-05134,ORD-05134,DHL,2025-12-16,2025-12-21,2025-12-22
SHP-ORD-05135,ORD-05135,DHL,2025-12-16,2025-12-21,2025-12-21
SHP-ORD-05136,ORD-05136,FedEx,2025-12-16,2025-12-21,2025-12-22
SHP-ORD-05137,ORD-05137,DHL,2025-12-16,2025-12-21,2025-12-23
SHP-ORD-05138,ORD-05138,DHL,2025-12-16,2025-12-21,2025-12-22
SHP-ORD-05139,ORD-05139,FedEx,2025-12-16,2025-12-21,2025-12-23
SHP-ORD-05140,ORD-05140,FedEx,2025-12-16,2025-12-21,2025-12-21
SHP-ORD-05141,ORD-05141,FedEx,2025-12-16,2025-12-21,2025-12-22
SHP-ORD-05142,ORD-05142,FedEx,2025-12-16,2025-12-21,2025-12-22
SHP-ORD-05143,ORD-05143,Carrier B,2025-12-16,2025-12-21,2025-12-22
SHP-ORD-05144,ORD-05144,Carrier B,2025-12-16,2025-12-21,2025-12-21
SHP-ORD-05145,ORD-05145,Carrier B,2025-12-16,2025-12-21,2025-12-22
SHP-ORD-05146,ORD-05146,DHL,2025-12-16,2025-12-21,2025-12-23
SHP-ORD-05147,ORD-05147,DHL,2025-12-16,2025-12-21,2025-12-21
SHP-ORD-05148,ORD-05148,DHL,2025-12-16,2025-12-21,2025-12-23
SHP-ORD-05149,ORD-05149,DHL,2025-12-16,2025-12-21,2025-12-22
SHP-ORD-05150,ORD-05150,DHL,2025-12-16,2025-12-21,2025-12-23
SHP-ORD-05151,ORD-05151,DHL,2025-12-16,2025-12-21,2025-12-21
SHP-ORD-05152,ORD-05152,FedEx,2025-12-16,2025-12-21,2025-12-21
SHP-ORD-05153,ORD-05153,DHL,2025-12-16,2025-12-21,2025-12-21
SHP-ORD-05154,ORD-05154,FedEx,2025-12-16,2025-12-21,2025-12-21
SHP-ORD-05155,ORD-05155,DHL,2025-12-16,2025-12-21,2025-12-21
SHP-ORD-05156,ORD-05156,DHL,2025-12-16,2025-12-21,2025-12-21
SHP-ORD-05157,ORD-05157,FedEx,2025-12-16,2025-12-21,2025-12-21
SHP-ORD-05158,ORD-05158,Carrier B,2025-12-16,2025-12-21,2025-12-22
SHP-ORD-05159,ORD-05159,FedEx,2025-12-16,2025-12-21,2025-12-21
SHP-ORD-05160,ORD-05160,FedEx,2025-12-16,2025-12-21,2025-12-21
SHP-ORD-05161,ORD-05161,FedEx,2025-12-17,2025-12-22,2025-12-24
SHP-ORD-05162,ORD-05162,Carrier B,2025-12-17,2025-12-22,2025-12-22
SHP-ORD-05163,ORD-05163,DHL,2025-12-17,2025-12-22,2025-12-22
SHP-ORD-05164,ORD-05164,DHL,2025-12-17,2025-12-22,2025-12-22
SHP-ORD-05165,ORD-05165,Carrier B,2025-12-17,2025-12-22,2025-12-22
SHP-ORD-05166,ORD-05166,FedEx,2025-12-17,2025-12-22,2025-12-24
SHP-ORD-05167,ORD-05167,FedEx,2025-12-17,2025-12-22,2025-12-22
SHP-ORD-05168,ORD-05168,FedEx,2025-12-17,2025-12-22,2025-12-24
SHP-ORD-05169,ORD-05169,DHL,2025-12-17,2025-12-22,2025-12-23
SHP-ORD-05170,ORD-05170,DHL,2025-12-17,2025-12-22,2025-12-24
SHP-ORD-05171,ORD-05171,FedEx,2025-12-17,2025-12-22,2025-12-22
SHP-ORD-05172,ORD-05172,FedEx,2025-12-17,2025-12-22,2025-12-22
SHP-ORD-05173,ORD-05173,FedEx,2025-12-17,2025-12-22,2025-12-24
SHP-ORD-05174,ORD-05174,DHL,2025-12-18,2025-12-23,2025-12-25
SHP-ORD-05175,ORD-05175,FedEx,2025-12-18,2025-12-23,2025-12-24
SHP-ORD-05176,ORD-05176,FedEx,2025-12-18,2025-12-23,2025-12-25
SHP-ORD-05177,ORD-05177,FedEx,2025-12-18,2025-12-23,2025-12-24
SHP-ORD-05178,ORD-05178,DHL,2025-12-18,2025-12-23,2025-12-25
SHP-ORD-05179,ORD-05179,DHL,2025-12-18,2025-12-23,2025-12-23
SHP-ORD-05180,ORD-05180,DHL,2025-12-18,2025-12-23,2025-12-25
SHP-ORD-05181,ORD-05181,DHL,2025-12-18,2025-12-23,2025-12-23
SHP-ORD-05182,ORD-05182,DHL,2025-12-18,2025-12-23,2025-12-23
SHP-ORD-05183,ORD-05183,Carrier B,2025-12-18,2025-12-23,2025-12-25
SHP-ORD-05184,ORD-05184,FedEx,2025-12-18,2025-12-23,2025-12-23
SHP-ORD-05185,ORD-05185,DHL,2025-12-18,2025-12-23,2025-12-23
SHP-ORD-05186,ORD-05186,DHL,2025-12-18,2025-12-23,2025-12-25
SHP-ORD-05187,ORD-05187,FedEx,2025-12-18,2025-12-23,2025-12-23
SHP-ORD-05188,ORD-05188,DHL,2025-12-18,2025-12-23,2025-12-23
SHP-ORD-05189,ORD-05189,FedEx,2025-12-18,2025-12-23,2025-12-23
SHP-ORD-05190,ORD-05190,FedEx,2025-12-18,2025-12-23,2025-12-25
SHP-ORD-05191,ORD-05191,FedEx,2025-12-18,2025-12-23,2025-12-23
SHP-ORD-05192,ORD-05192,FedEx,2025-12-18,2025-12-23,2025-12-23
SHP-ORD-05193,ORD-05193,DHL,2025-12-19,2025-12-24,2025-12-25
SHP-ORD-05194,ORD-05194,DHL,2025-12-19,2025-12-24,2025-12-26
SHP-ORD-05195,ORD-05195,DHL,2025-12-19,2025-12-24,2025-12-24
SHP-ORD-05196,ORD-05196,DHL,2025-12-19,2025-12-24,2025-12-24
SHP-ORD-05197,ORD-05197,FedEx,2025-12-19,2025-12-24,2025-12-24
SHP-ORD-05198,ORD-05198,DHL,2025-12-19,2025-12-24,2025-12-26
SHP-ORD-05199,ORD-05199,Carrier B,2025-12-19,2025-12-24,2025-12-24
SHP-ORD-05200,ORD-05200,FedEx,2025-12-19,2025-12-24,2025-12-25
SHP-ORD-05201,ORD-05201,DHL,2025-12-19,2025-12-24,2025-12-25
SHP-ORD-05202,ORD-05202,DHL,2025-12-19,2025-12-24,2025-12-26
SHP-ORD-05203,ORD-05203,DHL,2025-12-19,2025-12-24,2025-12-26
SHP-ORD-05204,ORD-05204,FedEx,2025-12-19,2025-12-24,2025-12-24
SHP-ORD-05205,ORD-05205,FedEx,2025-12-19,2025-12-24,2025-12-25
SHP-ORD-05206,ORD-05206,DHL,2025-12-19,2025-12-24,2025-12-24
SHP-ORD-05207,ORD-05207,Carrier B,2025-12-19,2025-12-24,2025-12-26
SHP-ORD-05208,ORD-05208,FedEx,2025-12-19,2025-12-24,2025-12-25
SHP-ORD-05209,ORD-05209,Carrier B,2025-12-19,2025-12-24,2025-12-26
SHP-ORD-05210,ORD-05210,FedEx,2025-12-19,2025-12-24,2025-12-26
SHP-ORD-05211,ORD-05211,FedEx,2025-12-19,2025-12-24,2025-12-24
SHP-ORD-05212,ORD-05212,DHL,2025-12-19,2025-12-24,2025-12-25
SHP-ORD-05213,ORD-05213,DHL,2025-12-19,2025-12-24,2025-12-25
SHP-ORD-05214,ORD-05214,FedEx,2025-12-19,2025-12-24,2025-12-26
SHP-ORD-05215,ORD-05215,FedEx,2025-12-19,2025-12-24,2025-12-26
SHP-ORD-05216,ORD-05216,Carrier B,2025-12-19,2025-12-24,2025-12-26
SHP-ORD-05217,ORD-05217,Carrier B,2025-12-19,2025-12-24,2025-12-24
SHP-ORD-05218,ORD-05218,FedEx,2025-12-19,2025-12-24,2025-12-25
SHP-ORD-05219,ORD-05219,FedEx,2025-12-19,2025-12-24,2025-12-24
SHP-ORD-05220,ORD-05220,DHL,2025-12-19,2025-12-24,2025-12-26
SHP-ORD-05221,ORD-05221,DHL,2025-12-19,2025-12-24,2025-12-24
SHP-ORD-05222,ORD-05222,FedEx,2025-12-19,2025-12-24,2025-12-24
SHP-ORD-05223,ORD-05223,Carrier B,2025-12-20,2025-12-25,2025-12-25
SHP-ORD-05224,ORD-05224,FedEx,2025-12-20,2025-12-25,2025-12-25
SHP-ORD-05225,ORD-05225,DHL,2025-12-20,2025-12-25,2025-12-26
SHP-ORD-05226,ORD-05226,DHL,2025-12-20,2025-12-25,2025-12-25
SHP-ORD-05227,ORD-05227,DHL,2025-12-20,2025-12-25,2025-12-27
SHP-ORD-05228,ORD-05228,FedEx,2025-12-20,2025-12-25,2025-12-27
SHP-ORD-05229,ORD-05229,DHL,2025-12-20,2025-12-25,2025-12-25
SHP-ORD-05230,ORD-05230,Carrier B,2025-12-20,2025-12-25,2025-12-27
SHP-ORD-05231,ORD-05231,DHL,2025-12-20,2025-12-25,2025-12-25
SHP-ORD-05232,ORD-05232,DHL,2025-12-20,2025-12-25,2025-12-27
SHP-ORD-05233,ORD-05233,FedEx,2025-12-20,2025-12-25,2025-12-25
SHP-ORD-05234,ORD-05234,Carrier B,2025-12-20,2025-12-25,2025-12-25
SHP-ORD-05235,ORD-05235,Carrier B,2025-12-20,2025-12-25,2025-12-25
SHP-ORD-05236,ORD-05236,DHL,2025-12-20,2025-12-25,2025-12-26
SHP-ORD-05237,ORD-05237,DHL,2025-12-20,2025-12-25,2025-12-25
SHP-ORD-05238,ORD-05238,Carrier B,2025-12-20,2025-12-25,2025-12-25
SHP-ORD-05239,ORD-05239,FedEx,2025-12-20,2025-12-25,2025-12-26
SHP-ORD-05240,ORD-05240,DHL,2025-12-20,2025-12-25,2025-12-27
SHP-ORD-05241,ORD-05241,DHL,2025-12-20,2025-12-25,2025-12-27
SHP-ORD-05242,ORD-05242,DHL,2025-12-20,2025-12-25,2025-12-26
SHP-ORD-05243,ORD-05243,Carrier B,2025-12-20,2025-12-25,2025-12-27
SHP-ORD-05244,ORD-05244,DHL,2025-12-20,2025-12-25,2025-12-26
SHP-ORD-05245,ORD-05245,FedEx,2025-12-20,2025-12-25,2025-12-27
SHP-ORD-05246,ORD-05246,FedEx,2025-12-20,2025-12-25,2025-12-27
SHP-ORD-05247,ORD-05247,FedEx,2025-12-20,2025-12-25,2025-12-26
SHP-ORD-05248,ORD-05248,DHL,2025-12-20,2025-12-25,2025-12-25
SHP-ORD-05249,ORD-05249,FedEx,2025-12-20,2025-12-25,2025-12-26
SHP-ORD-05250,ORD-05250,FedEx,2025-12-20,2025-12-25,2025-12-26
SHP-ORD-05251,ORD-05251,DHL,2025-12-20,2025-12-25,2025-12-26
SHP-ORD-05252,ORD-05252,Carrier B,2025-12-20,2025-12-25,2025-12-27
SHP-ORD-05253,ORD-05253,Carrier B,2025-12-21,2025-12-26,2025-12-26
SHP-ORD-05254,ORD-05254,Carrier B,2025-12-21,2025-12-26,2025-12-28
SHP-ORD-05255,ORD-05255,DHL,2025-12-21,2025-12-26,2025-12-26
SHP-ORD-05256,ORD-05256,FedEx,2025-12-21,2025-12-26,2025-12-28
SHP-ORD-05257,ORD-05257,Carrier B,2025-12-21,2025-12-26,2025-12-28
SHP-ORD-05258,ORD-05258,FedEx,2025-12-21,2025-12-26,2025-12-27
SHP-ORD-05259,ORD-05259,DHL,2025-12-21,2025-12-26,2025-12-27
SHP-ORD-05260,ORD-05260,DHL,2025-12-21,2025-12-26,2025-12-26
SHP-ORD-05261,ORD-05261,Carrier B,2025-12-21,2025-12-26,2025-12-26
SHP-ORD-05262,ORD-05262,DHL,2025-12-21,2025-12-26,2025-12-26
SHP-ORD-05263,ORD-05263,FedEx,2025-12-21,2025-12-26,2025-12-26
SHP-ORD-05264,ORD-05264,DHL,2025-12-21,2025-12-26,2025-12-27
SHP-ORD-05265,ORD-05265,FedEx,2025-12-21,2025-12-26,2025-12-27
SHP-ORD-05266,ORD-05266,Carrier B,2025-12-21,2025-12-26,2025-12-28
SHP-ORD-05267,ORD-05267,DHL,2025-12-21,2025-12-26,2025-12-26
SHP-ORD-05268,ORD-05268,DHL,2025-12-21,2025-12-26,2025-12-28
SHP-ORD-05269,ORD-05269,Carrier B,2025-12-21,2025-12-26,2025-12-27
SHP-ORD-05270,ORD-05270,DHL,2025-12-21,2025-12-26,2025-12-26
SHP-ORD-05271,ORD-05271,FedEx,2025-12-21,2025-12-26,2025-12-28
SHP-ORD-05272,ORD-05272,FedEx,2025-12-21,2025-12-26,2025-12-28
SHP-ORD-05273,ORD-05273,DHL,2025-12-21,2025-12-26,2025-12-27
SHP-ORD-05274,ORD-05274,Carrier B,2025-12-21,2025-12-26,2025-12-26
SHP-ORD-05275,ORD-05275,DHL,2025-12-21,2025-12-26,2025-12-28
SHP-ORD-05276,ORD-05276,Carrier B,2025-12-21,2025-12-26,2025-12-28
SHP-ORD-05277,ORD-05277,FedEx,2025-12-22,2025-12-27,2025-12-27
SHP-ORD-05278,ORD-05278,FedEx,2025-12-22,2025-12-27,2025-12-28
SHP-ORD-05279,ORD-05279,FedEx,2025-12-22,2025-12-27,2025-12-29
SHP-ORD-05280,ORD-05280,DHL,2025-12-22,2025-12-27,2025-12-28
SHP-ORD-05281,ORD-05281,FedEx,2025-12-22,2025-12-27,2025-12-29
SHP-ORD-05282,ORD-05282,FedEx,2025-12-22,2025-12-27,2025-12-29
SHP-ORD-05283,ORD-05283,DHL,2025-12-22,2025-12-27,2025-12-29
SHP-ORD-05284,ORD-05284,DHL,2025-12-22,2025-12-27,2025-12-29
SHP-ORD-05285,ORD-05285,DHL,2025-12-22,2025-12-27,2025-12-27
SHP-ORD-05286,ORD-05286,DHL,2025-12-22,2025-12-27,2025-12-29
SHP-ORD-05287,ORD-05287,DHL,2025-12-22,2025-12-27,2025-12-28
SHP-ORD-05288,ORD-05288,DHL,2025-12-22,2025-12-27,2025-12-29
SHP-ORD-05289,ORD-05289,Carrier B,2025-12-22,2025-12-27,2025-12-28
SHP-ORD-05290,ORD-05290,FedEx,2025-12-22,2025-12-27,2025-12-28
SHP-ORD-05291,ORD-05291,FedEx,2025-12-22,2025-12-27,2025-12-28
SHP-ORD-05292,ORD-05292,FedEx,2025-12-22,2025-12-27,2025-12-29
SHP-ORD-05293,ORD-05293,FedEx,2025-12-22,2025-12-27,2025-12-28
SHP-ORD-05294,ORD-05294,Carrier B,2025-12-22,2025-12-27,2025-12-28
SHP-ORD-05295,ORD-05295,FedEx,2025-12-22,2025-12-27,2025-12-28
SHP-ORD-05296,ORD-05296,Carrier B,2025-12-22,2025-12-27,2025-12-28
SHP-ORD-05297,ORD-05297,FedEx,2025-12-22,2025-12-27,2025-12-28
SHP-ORD-05298,ORD-05298,Carrier B,2025-12-22,2025-12-27,2025-12-28
SHP-ORD-05299,ORD-05299,DHL,2025-12-23,2025-12-28,2025-12-30
SHP-ORD-05300,ORD-05300,DHL,2025-12-23,2025-12-28,2025-12-30
SHP-ORD-05301,ORD-05301,DHL,2025-12-23,2025-12-28,2025-12-28
SHP-ORD-05302,ORD-05302,FedEx,2025-12-23,2025-12-28,2025-12-28
SHP-ORD-05303,ORD-05303,DHL,2025-12-23,2025-12-28,2025-12-30
SHP-ORD-05304,ORD-05304,FedEx,2025-12-23,2025-12-28,2025-12-28
SHP-ORD-05305,ORD-05305,DHL,2025-12-23,2025-12-28,2025-12-28
SHP-ORD-05306,ORD-05306,DHL,2025-12-23,2025-12-28,2025-12-30
SHP-ORD-05307,ORD-05307,FedEx,2025-12-23,2025-12-28,2025-12-29
SHP-ORD-05308,ORD-05308,Carrier B,2025-12-23,2025-12-28,2025-12-29
SHP-ORD-05309,ORD-05309,FedEx,2025-12-23,2025-12-28,2025-12-29
SHP-ORD-05310,ORD-05310,DHL,2025-12-23,2025-12-28,2025-12-29
SHP-ORD-05311,ORD-05311,Carrier B,2025-12-23,2025-12-28,2025-12-29
SHP-ORD-05312,ORD-05312,DHL,2025-12-23,2025-12-28,2025-12-29
SHP-ORD-05313,ORD-05313,DHL,2025-12-23,2025-12-28,2025-12-29
SHP-ORD-05314,ORD-05314,DHL,2025-12-23,2025-12-28,2025-12-29
SHP-ORD-05315,ORD-05315,Carrier B,2025-12-23,2025-12-28,2025-12-29
SHP-ORD-05316,ORD-05316,FedEx,2025-12-23,2025-12-28,2025-12-28
SHP-ORD-05317,ORD-05317,DHL,2025-12-23,2025-12-28,2025-12-28
SHP-ORD-05318,ORD-05318,DHL,2025-12-23,2025-12-28,2025-12-30
SHP-ORD-05319,ORD-05319,FedEx,2025-12-23,2025-12-28,2025-12-29
SHP-ORD-05320,ORD-05320,FedEx,2025-12-23,2025-12-28,2025-12-29
SHP-ORD-05321,ORD-05321,FedEx,2025-12-23,2025-12-28,2025-12-28
SHP-ORD-05322,ORD-05322,DHL,2025-12-23,2025-12-28,2025-12-28
SHP-ORD-05323,ORD-05323,Carrier B,2025-12-24,2025-12-29,2025-12-30
SHP-ORD-05324,ORD-05324,DHL,2025-12-24,2025-12-29,2025-12-30
SHP-ORD-05325,ORD-05325,DHL,2025-12-24,2025-12-29,2025-12-31
SHP-ORD-05326,ORD-05326,FedEx,2025-12-24,2025-12-29,2025-12-29
SHP-ORD-05327,ORD-05327,FedEx,2025-12-24,2025-12-29,2025-12-30
SHP-ORD-05328,ORD-05328,FedEx,2025-12-24,2025-12-29,2025-12-30
SHP-ORD-05329,ORD-05329,DHL,2025-12-24,2025-12-29,2025-12-29
SHP-ORD-05330,ORD-05330,FedEx,2025-12-24,2025-12-29,2025-12-30
SHP-ORD-05331,ORD-05331,DHL,2025-12-24,2025-12-29,2025-12-31
SHP-ORD-05332,ORD-05332,Carrier B,2025-12-24,2025-12-29,2025-12-29
SHP-ORD-05333,ORD-05333,DHL,2025-12-24,2025-12-29,2025-12-29
SHP-ORD-05334,ORD-05334,DHL,2025-12-24,2025-12-29,2025-12-31
SHP-ORD-05335,ORD-05335,DHL,2025-12-24,2025-12-29,2025-12-29
SHP-ORD-05336,ORD-05336,FedEx,2025-12-24,2025-12-29,2025-12-29
SHP-ORD-05337,ORD-05337,FedEx,2025-12-24,2025-12-29,2025-12-29
SHP-ORD-05338,ORD-05338,Carrier B,2025-12-24,2025-12-29,2025-12-29
SHP-ORD-05339,ORD-05339,DHL,2025-12-24,2025-12-29,2025-12-30
SHP-ORD-05340,ORD-05340,DHL,2025-12-24,2025-12-29,2025-12-30
SHP-ORD-05341,ORD-05341,FedEx,2025-12-24,2025-12-29,2025-12-29
SHP-ORD-05342,ORD-05342,DHL,2025-12-24,2025-12-29,2025-12-30
SHP-ORD-05343,ORD-05343,FedEx,2025-12-24,2025-12-29,2025-12-30
SHP-ORD-05344,ORD-05344,FedEx,2025-12-24,2025-12-29,2025-12-29
SHP-ORD-05345,ORD-05345,FedEx,2025-12-24,2025-12-29,2025-12-29
SHP-ORD-05346,ORD-05346,DHL,2025-12-25,2025-12-30,2025-12-31
SHP-ORD-05347,ORD-05347,FedEx,2025-12-25,2025-12-30,2025-12-31
SHP-ORD-05348,ORD-05348,FedEx,2025-12-25,2025-12-30,2025-12-30
SHP-ORD-05349,ORD-05349,DHL,2025-12-25,2025-12-30,2025-12-31
SHP-ORD-05350,ORD-05350,DHL,2025-12-25,2025-12-30,2026-01-01
SHP-ORD-05351,ORD-05351,DHL,2025-12-25,2025-12-30,2025-12-31
SHP-ORD-05352,ORD-05352,DHL,2025-12-25,2025-12-30,2025-12-30
SHP-ORD-05353,ORD-05353,Carrier B,2025-12-25,2025-12-30,2025-12-30
SHP-ORD-05354,ORD-05354,FedEx,2025-12-25,2025-12-30,2025-12-31
SHP-ORD-05355,ORD-05355,FedEx,2025-12-25,2025-12-30,2026-01-01
SHP-ORD-05356,ORD-05356,DHL,2025-12-25,2025-12-30,2026-01-01
SHP-ORD-05357,ORD-05357,FedEx,2025-12-25,2025-12-30,2025-12-31
SHP-ORD-05358,ORD-05358,DHL,2025-12-25,2025-12-30,2025-12-31
SHP-ORD-05359,ORD-05359,DHL,2025-12-26,2025-12-31,2026-01-01
SHP-ORD-05360,ORD-05360,Carrier B,2025-12-26,2025-12-31,2025-12-31
SHP-ORD-05361,ORD-05361,Carrier B,2025-12-26,2025-12-31,2026-01-01
SHP-ORD-05362,ORD-05362,Carrier B,2025-12-26,2025-12-31,2026-01-02
SHP-ORD-05363,ORD-05363,FedEx,2025-12-26,2025-12-31,2025-12-31
SHP-ORD-05364,ORD-05364,Carrier B,2025-12-26,2025-12-31,2026-01-01
SHP-ORD-05365,ORD-05365,FedEx,2025-12-26,2025-12-31,2025-12-31
SHP-ORD-05366,ORD-05366,DHL,2025-12-26,2025-12-31,2025-12-31
SHP-ORD-05367,ORD-05367,DHL,2025-12-26,2025-12-31,2026-01-01
SHP-ORD-05368,ORD-05368,FedEx,2025-12-26,2025-12-31,2026-01-02
SHP-ORD-05369,ORD-05369,DHL,2025-12-26,2025-12-31,2026-01-01
SHP-ORD-05370,ORD-05370,FedEx,2025-12-26,2025-12-31,2026-01-02
SHP-ORD-05371,ORD-05371,FedEx,2025-12-26,2025-12-31,2026-01-01
SHP-ORD-05372,ORD-05372,Carrier B,2025-12-26,2025-12-31,2025-12-31
SHP-ORD-05373,ORD-05373,FedEx,2025-12-26,2025-12-31,2025-12-31
SHP-ORD-05374,ORD-05374,FedEx,2025-12-26,2025-12-31,2026-01-02
SHP-ORD-05375,ORD-05375,DHL,2025-12-26,2025-12-31,2026-01-01
SHP-ORD-05376,ORD-05376,Carrier B,2025-12-26,2025-12-31,2025-12-31
SHP-ORD-05377,ORD-05377,FedEx,2025-12-26,2025-12-31,2026-01-01
SHP-ORD-05378,ORD-05378,FedEx,2025-12-26,2025-12-31,2026-01-01
SHP-ORD-05379,ORD-05379,Carrier B,2025-12-26,2025-12-31,2025-12-31
SHP-ORD-05380,ORD-05380,FedEx,2025-12-26,2025-12-31,2026-01-01
SHP-ORD-05381,ORD-05381,FedEx,2025-12-26,2025-12-31,2026-01-02
SHP-ORD-05382,ORD-05382,DHL,2025-12-26,2025-12-31,2025-12-31
SHP-ORD-05383,ORD-05383,DHL,2025-12-26,2025-12-31,2026-01-01
SHP-ORD-05384,ORD-05384,Carrier B,2025-12-26,2025-12-31,2026-01-02
SHP-ORD-05385,ORD-05385,FedEx,2025-12-26,2025-12-31,2026-01-01
SHP-ORD-05386,ORD-05386,Carrier B,2025-12-26,2025-12-31,2026-01-02
SHP-ORD-05387,ORD-05387,Carrier B,2025-12-27,2026-01-01,2026-01-03
SHP-ORD-05388,ORD-05388,FedEx,2025-12-27,2026-01-01,2026-01-02
SHP-ORD-05389,ORD-05389,FedEx,2025-12-27,2026-01-01,2026-01-03
SHP-ORD-05390,ORD-05390,Carrier B,2025-12-27,2026-01-01,2026-01-01
SHP-ORD-05391,ORD-05391,DHL,2025-12-27,2026-01-01,2026-01-03
SHP-ORD-05392,ORD-05392,DHL,2025-12-27,2026-01-01,2026-01-01
SHP-ORD-05393,ORD-05393,DHL,2025-12-27,2026-01-01,2026-01-03
SHP-ORD-05394,ORD-05394,DHL,2025-12-27,2026-01-01,2026-01-02
SHP-ORD-05395,ORD-05395,Carrier B,2025-12-27,2026-01-01,2026-01-02
SHP-ORD-05396,ORD-05396,FedEx,2025-12-27,2026-01-01,2026-01-03
SHP-ORD-05397,ORD-05397,FedEx,2025-12-27,2026-01-01,2026-01-02
SHP-ORD-05398,ORD-05398,Carrier B,2025-12-27,2026-01-01,2026-01-03
SHP-ORD-05399,ORD-05399,Carrier B,2025-12-27,2026-01-01,2026-01-01
SHP-ORD-05400,ORD-05400,DHL,2025-12-27,2026-01-01,2026-01-02
SHP-ORD-05401,ORD-05401,Carrier B,2025-12-27,2026-01-01,2026-01-03
SHP-ORD-05402,ORD-05402,DHL,2025-12-27,2026-01-01,2026-01-02
SHP-ORD-05403,ORD-05403,FedEx,2025-12-27,2026-01-01,2026-01-01
SHP-ORD-05404,ORD-05404,Carrier B,2025-12-27,2026-01-01,2026-01-01
SHP-ORD-05405,ORD-05405,DHL,2025-12-27,2026-01-01,2026-01-02
SHP-ORD-05406,ORD-05406,FedEx,2025-12-27,2026-01-01,2026-01-02
SHP-ORD-05407,ORD-05407,FedEx,2025-12-27,2026-01-01,2026-01-02
SHP-ORD-05408,ORD-05408,DHL,2025-12-27,2026-01-01,2026-01-01
SHP-ORD-05409,ORD-05409,Carrier B,2025-12-27,2026-01-01,2026-01-01
SHP-ORD-05410,ORD-05410,FedEx,2025-12-27,2026-01-01,2026-01-02
SHP-ORD-05411,ORD-05411,FedEx,2025-12-27,2026-01-01,2026-01-03
SHP-ORD-05412,ORD-05412,DHL,2025-12-27,2026-01-01,2026-01-01
SHP-ORD-05413,ORD-05413,Carrier B,2025-12-27,2026-01-01,2026-01-02
SHP-ORD-05414,ORD-05414,DHL,2025-12-28,2026-01-02,2026-01-04
SHP-ORD-05415,ORD-05415,DHL,2025-12-28,2026-01-02,2026-01-03
SHP-ORD-05416,ORD-05416,DHL,2025-12-28,2026-01-02,2026-01-03
SHP-ORD-05417,ORD-05417,FedEx,2025-12-28,2026-01-02,2026-01-04
SHP-ORD-05418,ORD-05418,DHL,2025-12-28,2026-01-02,2026-01-03
SHP-ORD-05419,ORD-05419,FedEx,2025-12-28,2026-01-02,2026-01-04
SHP-ORD-05420,ORD-05420,Carrier B,2025-12-28,2026-01-02,2026-01-03
SHP-ORD-05421,ORD-05421,FedEx,2025-12-28,2026-01-02,2026-01-04
SHP-ORD-05422,ORD-05422,DHL,2025-12-28,2026-01-02,2026-01-02
SHP-ORD-05423,ORD-05423,FedEx,2025-12-28,2026-01-02,2026-01-02
SHP-ORD-05424,ORD-05424,DHL,2025-12-28,2026-01-02,2026-01-03
SHP-ORD-05425,ORD-05425,FedEx,2025-12-28,2026-01-02,2026-01-04
SHP-ORD-05426,ORD-05426,FedEx,2025-12-28,2026-01-02,2026-01-04
SHP-ORD-05427,ORD-05427,FedEx,2025-12-28,2026-01-02,2026-01-02
SHP-ORD-05428,ORD-05428,DHL,2025-12-28,2026-01-02,2026-01-04
SHP-ORD-05429,ORD-05429,FedEx,2025-12-28,2026-01-02,2026-01-04
SHP-ORD-05430,ORD-05430,DHL,2025-12-28,2026-01-02,2026-01-04
SHP-ORD-05431,ORD-05431,DHL,2025-12-28,2026-01-02,2026-01-02
SHP-ORD-05432,ORD-05432,DHL,2025-12-28,2026-01-02,2026-01-02
SHP-ORD-05433,ORD-05433,DHL,2025-12-28,2026-01-02,2026-01-03
SHP-ORD-05434,ORD-05434,Carrier B,2025-12-28,2026-01-02,2026-01-04
SHP-ORD-05435,ORD-05435,FedEx,2025-12-28,2026-01-02,2026-01-03
SHP-ORD-05436,ORD-05436,FedEx,2025-12-28,2026-01-02,2026-01-02
SHP-ORD-05437,ORD-05437,Carrier B,2025-12-28,2026-01-02,2026-01-03
SHP-ORD-05438,ORD-05438,FedEx,2025-12-28,2026-01-02,2026-01-04
SHP-ORD-05439,ORD-05439,Carrier B,2025-12-28,2026-01-02,2026-01-02
SHP-ORD-05440,ORD-05440,FedEx,2025-12-28,2026-01-02,2026-01-03
SHP-ORD-05441,ORD-05441,DHL,2025-12-29,2026-01-03,2026-01-03
SHP-ORD-05442,ORD-05442,FedEx,2025-12-29,2026-01-03,2026-01-05
SHP-ORD-05443,ORD-05443,Carrier B,2025-12-29,2026-01-03,2026-01-04
SHP-ORD-05444,ORD-05444,DHL,2025-12-29,2026-01-03,2026-01-03
SHP-ORD-05445,ORD-05445,FedEx,2025-12-29,2026-01-03,2026-01-05
SHP-ORD-05446,ORD-05446,FedEx,2025-12-29,2026-01-03,2026-01-04
SHP-ORD-05447,ORD-05447,FedEx,2025-12-29,2026-01-03,2026-01-04
SHP-ORD-05448,ORD-05448,DHL,2025-12-29,2026-01-03,2026-01-05
SHP-ORD-05449,ORD-05449,FedEx,2025-12-29,2026-01-03,2026-01-05
SHP-ORD-05450,ORD-05450,FedEx,2025-12-29,2026-01-03,2026-01-04
SHP-ORD-05451,ORD-05451,DHL,2025-12-29,2026-01-03,2026-01-03
SHP-ORD-05452,ORD-05452,DHL,2025-12-29,2026-01-03,2026-01-04
SHP-ORD-05453,ORD-05453,FedEx,2025-12-29,2026-01-03,2026-01-04
SHP-ORD-05454,ORD-05454,FedEx,2025-12-29,2026-01-03,2026-01-03
SHP-ORD-05455,ORD-05455,DHL,2025-12-29,2026-01-03,2026-01-04
SHP-ORD-05456,ORD-05456,Carrier B,2025-12-29,2026-01-03,2026-01-05
SHP-ORD-05457,ORD-05457,FedEx,2025-12-29,2026-01-03,2026-01-03
SHP-ORD-05458,ORD-05458,DHL,2025-12-29,2026-01-03,2026-01-04
SHP-ORD-05459,ORD-05459,FedEx,2025-12-29,2026-01-03,2026-01-03
SHP-ORD-05460,ORD-05460,FedEx,2025-12-29,2026-01-03,2026-01-04
SHP-ORD-05461,ORD-05461,DHL,2025-12-29,2026-01-03,2026-01-03
SHP-ORD-05462,ORD-05462,FedEx,2025-12-29,2026-01-03,2026-01-03
SHP-ORD-05463,ORD-05463,DHL,2025-12-30,2026-01-04,2026-01-06
SHP-ORD-05464,ORD-05464,Carrier B,2025-12-30,2026-01-04,2026-01-04
SHP-ORD-05465,ORD-05465,Carrier B,2025-12-30,2026-01-04,2026-01-05
SHP-ORD-05466,ORD-05466,FedEx,2025-12-30,2026-01-04,2026-01-05
SHP-ORD-05467,ORD-05467,FedEx,2025-12-30,2026-01-04,2026-01-06
SHP-ORD-05468,ORD-05468,Carrier B,2025-12-30,2026-01-04,2026-01-05
SHP-ORD-05469,ORD-05469,FedEx,2025-12-30,2026-01-04,2026-01-06
SHP-ORD-05470,ORD-05470,DHL,2025-12-30,2026-01-04,2026-01-04
SHP-ORD-05471,ORD-05471,FedEx,2025-12-30,2026-01-04,2026-01-05
SHP-ORD-05472,ORD-05472,FedEx,2025-12-30,2026-01-04,2026-01-05
SHP-ORD-05473,ORD-05473,FedEx,2025-12-30,2026-01-04,2026-01-05
SHP-ORD-05474,ORD-05474,Carrier B,2025-12-30,2026-01-04,2026-01-05
SHP-ORD-05475,ORD-05475,Carrier B,2025-12-30,2026-01-04,2026-01-06
SHP-ORD-05476,ORD-05476,FedEx,2025-12-30,2026-01-04,2026-01-06
SHP-ORD-05477,ORD-05477,Carrier B,2025-12-31,2026-01-05,2026-01-05
SHP-ORD-05478,ORD-05478,FedEx,2025-12-31,2026-01-05,2026-01-07
SHP-ORD-05479,ORD-05479,FedEx,2025-12-31,2026-01-05,2026-01-05
SHP-ORD-05480,ORD-05480,DHL,2025-12-31,2026-01-05,2026-01-07
SHP-ORD-05481,ORD-05481,DHL,2025-12-31,2026-01-05,2026-01-07
SHP-ORD-05482,ORD-05482,FedEx,2025-12-31,2026-01-05,2026-01-05
SHP-ORD-05483,ORD-05483,FedEx,2025-12-31,2026-01-05,2026-01-06
SHP-ORD-05484,ORD-05484,Carrier B,2025-12-31,2026-01-05,2026-01-07
SHP-ORD-05485,ORD-05485,Carrier B,2025-12-31,2026-01-05,2026-01-05
SHP-ORD-05486,ORD-05486,Carrier B,2025-12-31,2026-01-05,2026-01-07
SHP-ORD-05487,ORD-05487,FedEx,2025-12-31,2026-01-05,2026-01-05
SHP-ORD-05488,ORD-05488,DHL,2025-12-31,2026-01-05,2026-01-07
SHP-ORD-05489,ORD-05489,FedEx,2025-12-31,2026-01-05,2026-01-07
SHP-ORD-05490,ORD-05490,Carrier B,2025-12-31,2026-01-05,2026-01-06
SHP-ORD-05491,ORD-05491,FedEx,2025-12-31,2026-01-05,2026-01-05
SHP-ORD-05492,ORD-05492,FedEx,2025-12-31,2026-01-05,2026-01-06
SHP-ORD-05493,ORD-05493,DHL,2025-12-31,2026-01-05,2026-01-06
SHP-ORD-05494,ORD-05494,Carrier B,2025-12-31,2026-01-05,2026-01-07
SHP-ORD-05495,ORD-05495,DHL,2025-12-31,2026-01-05,2026-01-05
SHP-ORD-05496,ORD-05496,FedEx,2025-12-31,2026-01-05,2026-01-06
SHP-ORD-05497,ORD-05497,DHL,2025-12-31,2026-01-05,2026-01-06
SHP-ORD-05498,ORD-05498,Carrier B,2025-12-31,2026-01-05,2026-01-05
SHP-ORD-05499,ORD-05499,FedEx,2025-12-31,2026-01-05,2026-01-05
SHP-ORD-05500,ORD-05500,Carrier B,2025-12-31,2026-01-05,2026-01-06
SHP-ORD-05501,ORD-05501,Carrier B,2025-12-31,2026-01-05,2026-01-05
SHP-ORD-05502,ORD-05502,FedEx,2026-01-01,2026-01-06,2026-01-06
SHP-ORD-05503,ORD-05503,FedEx,2026-01-01,2026-01-06,2026-01-08
SHP-ORD-05504,ORD-05504,FedEx,2026-01-01,2026-01-06,2026-01-08
SHP-ORD-05505,ORD-05505,FedEx,2026-01-01,2026-01-06,2026-01-07
SHP-ORD-05506,ORD-05506,DHL,2026-01-01,2026-01-06,2026-01-06
SHP-ORD-05507,ORD-05507,DHL,2026-01-01,2026-01-06,2026-01-07
SHP-ORD-05508,ORD-05508,DHL,2026-01-01,2026-01-06,2026-01-07
SHP-ORD-05509,ORD-05509,FedEx,2026-01-01,2026-01-06,2026-01-06
SHP-ORD-05510,ORD-05510,DHL,2026-01-01,2026-01-06,2026-01-07
SHP-ORD-05511,ORD-05511,DHL,2026-01-01,2026-01-06,2026-01-08
SHP-ORD-05512,ORD-05512,Carrier B,2026-01-01,2026-01-06,2026-01-07
SHP-ORD-05513,ORD-05513,FedEx,2026-01-01,2026-01-06,2026-01-08
SHP-ORD-05514,ORD-05514,DHL,2026-01-01,2026-01-06,2026-01-06
SHP-ORD-05515,ORD-05515,Carrier B,2026-01-01,2026-01-06,2026-01-08
SHP-ORD-05516,ORD-05516,DHL,2026-01-01,2026-01-06,2026-01-07
SHP-ORD-05517,ORD-05517,FedEx,2026-01-01,2026-01-06,2026-01-07
SHP-ORD-05518,ORD-05518,FedEx,2026-01-01,2026-01-06,2026-01-06
SHP-ORD-05519,ORD-05519,Carrier B,2026-01-01,2026-01-06,2026-01-07
SHP-ORD-05520,ORD-05520,FedEx,2026-01-01,2026-01-06,2026-01-07
SHP-ORD-05521,ORD-05521,Carrier B,2026-01-01,2026-01-06,2026-01-07
SHP-ORD-05522,ORD-05522,Carrier B,2026-01-01,2026-01-06,2026-01-06
SHP-ORD-05523,ORD-05523,FedEx,2026-01-01,2026-01-06,2026-01-08
SHP-ORD-05524,ORD-05524,DHL,2026-01-01,2026-01-06,2026-01-08
SHP-ORD-05525,ORD-05525,FedEx,2026-01-01,2026-01-06,2026-01-07
SHP-ORD-05526,ORD-05526,FedEx,2026-01-01,2026-01-06,2026-01-07
SHP-ORD-05527,ORD-05527,DHL,2026-01-01,2026-01-06,2026-01-06
SHP-ORD-05528,ORD-05528,DHL,2026-01-02,2026-01-07,2026-01-09
SHP-ORD-05529,ORD-05529,FedEx,2026-01-02,2026-01-07,2026-01-07
SHP-ORD-05530,ORD-05530,Carrier B,2026-01-02,2026-01-07,2026-01-08
SHP-ORD-05531,ORD-05531,FedEx,2026-01-02,2026-01-07,2026-01-07
SHP-ORD-05532,ORD-05532,DHL,2026-01-02,2026-01-07,2026-01-07
SHP-ORD-05533,ORD-05533,DHL,2026-01-02,2026-01-07,2026-01-07
SHP-ORD-05534,ORD-05534,FedEx,2026-01-02,2026-01-07,2026-01-08
SHP-ORD-05535,ORD-05535,Carrier B,2026-01-02,2026-01-07,2026-01-09
SHP-ORD-05536,ORD-05536,DHL,2026-01-02,2026-01-07,2026-01-08
SHP-ORD-05537,ORD-05537,DHL,2026-01-02,2026-01-07,2026-01-08
SHP-ORD-05538,ORD-05538,DHL,2026-01-02,2026-01-07,2026-01-07
SHP-ORD-05539,ORD-05539,FedEx,2026-01-02,2026-01-07,2026-01-08
SHP-ORD-05540,ORD-05540,FedEx,2026-01-02,2026-01-07,2026-01-09
SHP-ORD-05541,ORD-05541,DHL,2026-01-02,2026-01-07,2026-01-08
SHP-ORD-05542,ORD-05542,Carrier B,2026-01-02,2026-01-07,2026-01-09
SHP-ORD-05543,ORD-05543,Carrier B,2026-01-02,2026-01-07,2026-01-07
SHP-ORD-05544,ORD-05544,FedEx,2026-01-02,2026-01-07,2026-01-09
SHP-ORD-05545,ORD-05545,DHL,2026-01-02,2026-01-07,2026-01-08
SHP-ORD-05546,ORD-05546,FedEx,2026-01-02,2026-01-07,2026-01-09
SHP-ORD-05547,ORD-05547,FedEx,2026-01-02,2026-01-07,2026-01-08
SHP-ORD-05548,ORD-05548,DHL,2026-01-02,2026-01-07,2026-01-08
SHP-ORD-05549,ORD-05549,DHL,2026-01-02,2026-01-07,2026-01-07
SHP-ORD-05550,ORD-05550,FedEx,2026-01-02,2026-01-07,2026-01-08
SHP-ORD-05551,ORD-05551,DHL,2026-01-02,2026-01-07,2026-01-09
SHP-ORD-05552,ORD-05552,DHL,2026-01-02,2026-01-07,2026-01-07
SHP-ORD-05553,ORD-05553,FedEx,2026-01-02,2026-01-07,2026-01-09
SHP-ORD-05554,ORD-05554,DHL,2026-01-02,2026-01-07,2026-01-08
SHP-ORD-05555,ORD-05555,FedEx,2026-01-02,2026-01-07,2026-01-08
SHP-ORD-05556,ORD-05556,DHL,2026-01-02,2026-01-07,2026-01-09
SHP-ORD-05557,ORD-05557,Carrier B,2026-01-03,2026-01-08,2026-01-10
SHP-ORD-05558,ORD-05558,DHL,2026-01-03,2026-01-08,2026-01-08
SHP-ORD-05559,ORD-05559,Carrier B,2026-01-03,2026-01-08,2026-01-10
SHP-ORD-05560,ORD-05560,FedEx,2026-01-03,2026-01-08,2026-01-08
SHP-ORD-05561,ORD-05561,DHL,2026-01-03,2026-01-08,2026-01-10
SHP-ORD-05562,ORD-05562,DHL,2026-01-03,2026-01-08,2026-01-10
SHP-ORD-05563,ORD-05563,DHL,2026-01-03,2026-01-08,2026-01-10
SHP-ORD-05564,ORD-05564,Carrier B,2026-01-03,2026-01-08,2026-01-08
SHP-ORD-05565,ORD-05565,DHL,2026-01-03,2026-01-08,2026-01-09
SHP-ORD-05566,ORD-05566,DHL,2026-01-03,2026-01-08,2026-01-08
SHP-ORD-05567,ORD-05567,FedEx,2026-01-03,2026-01-08,2026-01-08
SHP-ORD-05568,ORD-05568,FedEx,2026-01-03,2026-01-08,2026-01-08
SHP-ORD-05569,ORD-05569,DHL,2026-01-03,2026-01-08,2026-01-08
SHP-ORD-05570,ORD-05570,DHL,2026-01-03,2026-01-08,2026-01-08
SHP-ORD-05571,ORD-05571,Carrier B,2026-01-03,2026-01-08,2026-01-10
SHP-ORD-05572,ORD-05572,FedEx,2026-01-03,2026-01-08,2026-01-08
SHP-ORD-05573,ORD-05573,FedEx,2026-01-03,2026-01-08,2026-01-10
SHP-ORD-05574,ORD-05574,DHL,2026-01-03,2026-01-08,2026-01-08
SHP-ORD-05575,ORD-05575,Carrier B,2026-01-03,2026-01-08,2026-01-08
SHP-ORD-05576,ORD-05576,Carrier B,2026-01-03,2026-01-08,2026-01-09
SHP-ORD-05577,ORD-05577,FedEx,2026-01-03,2026-01-08,2026-01-09
SHP-ORD-05578,ORD-05578,FedEx,2026-01-03,2026-01-08,2026-01-09
SHP-ORD-05579,ORD-05579,DHL,2026-01-03,2026-01-08,2026-01-08
SHP-ORD-05580,ORD-05580,FedEx,2026-01-03,2026-01-08,2026-01-09
SHP-ORD-05581,ORD-05581,Carrier B,2026-01-03,2026-01-08,2026-01-09
SHP-ORD-05582,ORD-05582,DHL,2026-01-03,2026-01-08,2026-01-08
SHP-ORD-05583,ORD-05583,FedEx,2026-01-03,2026-01-08,2026-01-09
SHP-ORD-05584,ORD-05584,FedEx,2026-01-03,2026-01-08,2026-01-09
SHP-ORD-05585,ORD-05585,FedEx,2026-01-03,2026-01-08,2026-01-10
SHP-ORD-05586,ORD-05586,Carrier B,2026-01-03,2026-01-08,2026-01-08
SHP-ORD-05587,ORD-05587,FedEx,2026-01-04,2026-01-09,2026-01-11
SHP-ORD-05588,ORD-05588,FedEx,2026-01-04,2026-01-09,2026-01-10
SHP-ORD-05589,ORD-05589,Carrier B,2026-01-04,2026-01-09,2026-01-11
SHP-ORD-05590,ORD-05590,FedEx,2026-01-04,2026-01-09,2026-01-10
SHP-ORD-05591,ORD-05591,DHL,2026-01-04,2026-01-09,2026-01-11
SHP-ORD-05592,ORD-05592,FedEx,2026-01-04,2026-01-09,2026-01-09
SHP-ORD-05593,ORD-05593,DHL,2026-01-04,2026-01-09,2026-01-11
SHP-ORD-05594,ORD-05594,FedEx,2026-01-04,2026-01-09,2026-01-09
SHP-ORD-05595,ORD-05595,FedEx,2026-01-04,2026-01-09,2026-01-09
SHP-ORD-05596,ORD-05596,DHL,2026-01-04,2026-01-09,2026-01-10
SHP-ORD-05597,ORD-05597,FedEx,2026-01-04,2026-01-09,2026-01-09
SHP-ORD-05598,ORD-05598,DHL,2026-01-05,2026-01-10,2026-01-10
SHP-ORD-05599,ORD-05599,FedEx,2026-01-05,2026-01-10,2026-01-11
SHP-ORD-05600,ORD-05600,DHL,2026-01-05,2026-01-10,2026-01-10
SHP-ORD-05601,ORD-05601,Carrier B,2026-01-05,2026-01-10,2026-01-10
SHP-ORD-05602,ORD-05602,FedEx,2026-01-05,2026-01-10,2026-01-10
SHP-ORD-05603,ORD-05603,FedEx,2026-01-05,2026-01-10,2026-01-12
SHP-ORD-05604,ORD-05604,Carrier B,2026-01-05,2026-01-10,2026-01-12
SHP-ORD-05605,ORD-05605,DHL,2026-01-05,2026-01-10,2026-01-12
SHP-ORD-05606,ORD-05606,FedEx,2026-01-05,2026-01-10,2026-01-10
SHP-ORD-05607,ORD-05607,DHL,2026-01-05,2026-01-10,2026-01-10
SHP-ORD-05608,ORD-05608,FedEx,2026-01-05,2026-01-10,2026-01-12
SHP-ORD-05609,ORD-05609,FedEx,2026-01-05,2026-01-10,2026-01-12
SHP-ORD-05610,ORD-05610,Carrier B,2026-01-05,2026-01-10,2026-01-10
SHP-ORD-05611,ORD-05611,DHL,2026-01-05,2026-01-10,2026-01-11
SHP-ORD-05612,ORD-05612,DHL,2026-01-05,2026-01-10,2026-01-10
SHP-ORD-05613,ORD-05613,FedEx,2026-01-05,2026-01-10,2026-01-10
SHP-ORD-05614,ORD-05614,FedEx,2026-01-05,2026-01-10,2026-01-10
SHP-ORD-05615,ORD-05615,Carrier B,2026-01-05,2026-01-10,2026-01-10
SHP-ORD-05616,ORD-05616,FedEx,2026-01-05,2026-01-10,2026-01-10
SHP-ORD-05617,ORD-05617,FedEx,2026-01-05,2026-01-10,2026-01-10
SHP-ORD-05618,ORD-05618,FedEx,2026-01-05,2026-01-10,2026-01-12
SHP-ORD-05619,ORD-05619,DHL,2026-01-06,2026-01-11,2026-01-12
SHP-ORD-05620,ORD-05620,FedEx,2026-01-06,2026-01-11,2026-01-12
SHP-ORD-05621,ORD-05621,FedEx,2026-01-06,2026-01-11,2026-01-12
SHP-ORD-05622,ORD-05622,Carrier B,2026-01-06,2026-01-11,2026-01-13
SHP-ORD-05623,ORD-05623,DHL,2026-01-06,2026-01-11,2026-01-13
SHP-ORD-05624,ORD-05624,FedEx,2026-01-06,2026-01-11,2026-01-12
SHP-ORD-05625,ORD-05625,DHL,2026-01-06,2026-01-11,2026-01-11
SHP-ORD-05626,ORD-05626,FedEx,2026-01-06,2026-01-11,2026-01-13
SHP-ORD-05627,ORD-05627,DHL,2026-01-06,2026-01-11,2026-01-12
SHP-ORD-05628,ORD-05628,DHL,2026-01-06,2026-01-11,2026-01-12
SHP-ORD-05629,ORD-05629,FedEx,2026-01-06,2026-01-11,2026-01-11
SHP-ORD-05630,ORD-05630,FedEx,2026-01-06,2026-01-11,2026-01-13
SHP-ORD-05631,ORD-05631,DHL,2026-01-06,2026-01-11,2026-01-13
SHP-ORD-05632,ORD-05632,Carrier B,2026-01-06,2026-01-11,2026-01-13
SHP-ORD-05633,ORD-05633,DHL,2026-01-06,2026-01-11,2026-01-12
SHP-ORD-05634,ORD-05634,FedEx,2026-01-06,2026-01-11,2026-01-13
SHP-ORD-05635,ORD-05635,FedEx,2026-01-06,2026-01-11,2026-01-11
SHP-ORD-05636,ORD-05636,FedEx,2026-01-06,2026-01-11,2026-01-11
SHP-ORD-05637,ORD-05637,FedEx,2026-01-06,2026-01-11,2026-01-11
SHP-ORD-05638,ORD-05638,DHL,2026-01-07,2026-01-12,2026-01-14
SHP-ORD-05639,ORD-05639,DHL,2026-01-07,2026-01-12,2026-01-12
SHP-ORD-05640,ORD-05640,FedEx,2026-01-07,2026-01-12,2026-01-12
SHP-ORD-05641,ORD-05641,FedEx,2026-01-07,2026-01-12,2026-01-12
SHP-ORD-05642,ORD-05642,DHL,2026-01-07,2026-01-12,2026-01-14
SHP-ORD-05643,ORD-05643,FedEx,2026-01-07,2026-01-12,2026-01-13
SHP-ORD-05644,ORD-05644,Carrier B,2026-01-07,2026-01-12,2026-01-12
SHP-ORD-05645,ORD-05645,DHL,2026-01-07,2026-01-12,2026-01-13
SHP-ORD-05646,ORD-05646,Carrier B,2026-01-07,2026-01-12,2026-01-14
SHP-ORD-05647,ORD-05647,Carrier B,2026-01-07,2026-01-12,2026-01-12
SHP-ORD-05648,ORD-05648,Carrier B,2026-01-07,2026-01-12,2026-01-14
SHP-ORD-05649,ORD-05649,FedEx,2026-01-07,2026-01-12,2026-01-13
SHP-ORD-05650,ORD-05650,Carrier B,2026-01-07,2026-01-12,2026-01-14
SHP-ORD-05651,ORD-05651,FedEx,2026-01-07,2026-01-12,2026-01-12
SHP-ORD-05652,ORD-05652,FedEx,2026-01-07,2026-01-12,2026-01-13
SHP-ORD-05653,ORD-05653,DHL,2026-01-07,2026-01-12,2026-01-12
SHP-ORD-05654,ORD-05654,FedEx,2026-01-07,2026-01-12,2026-01-12
SHP-ORD-05655,ORD-05655,FedEx,2026-01-07,2026-01-12,2026-01-14
SHP-ORD-05656,ORD-05656,FedEx,2026-01-07,2026-01-12,2026-01-12
SHP-ORD-05657,ORD-05657,FedEx,2026-01-07,2026-01-12,2026-01-14
SHP-ORD-05658,ORD-05658,DHL,2026-01-07,2026-01-12,2026-01-14
SHP-ORD-05659,ORD-05659,FedEx,2026-01-07,2026-01-12,2026-01-14
SHP-ORD-05660,ORD-05660,DHL,2026-01-07,2026-01-12,2026-01-13
SHP-ORD-05661,ORD-05661,Carrier B,2026-01-07,2026-01-12,2026-01-13
SHP-ORD-05662,ORD-05662,DHL,2026-01-07,2026-01-12,2026-01-14
SHP-ORD-05663,ORD-05663,DHL,2026-01-07,2026-01-12,2026-01-13
SHP-ORD-05664,ORD-05664,Carrier B,2026-01-07,2026-01-12,2026-01-14
SHP-ORD-05665,ORD-05665,FedEx,2026-01-07,2026-01-12,2026-01-13
SHP-ORD-05666,ORD-05666,DHL,2026-01-08,2026-01-13,2026-01-13
SHP-ORD-05667,ORD-05667,Carrier B,2026-01-08,2026-01-13,2026-01-13
SHP-ORD-05668,ORD-05668,Carrier B,2026-01-08,2026-01-13,2026-01-15
SHP-ORD-05669,ORD-05669,DHL,2026-01-08,2026-01-13,2026-01-14
SHP-ORD-05670,ORD-05670,FedEx,2026-01-08,2026-01-13,2026-01-14
SHP-ORD-05671,ORD-05671,Carrier B,2026-01-08,2026-01-13,2026-01-13
SHP-ORD-05672,ORD-05672,FedEx,2026-01-08,2026-01-13,2026-01-14
SHP-ORD-05673,ORD-05673,FedEx,2026-01-08,2026-01-13,2026-01-14
SHP-ORD-05674,ORD-05674,FedEx,2026-01-08,2026-01-13,2026-01-14
SHP-ORD-05675,ORD-05675,DHL,2026-01-08,2026-01-13,2026-01-13
SHP-ORD-05676,ORD-05676,DHL,2026-01-08,2026-01-13,2026-01-15
SHP-ORD-05677,ORD-05677,Carrier B,2026-01-08,2026-01-13,2026-01-14
SHP-ORD-05678,ORD-05678,DHL,2026-01-08,2026-01-13,2026-01-14
SHP-ORD-05679,ORD-05679,FedEx,2026-01-08,2026-01-13,2026-01-13
SHP-ORD-05680,ORD-05680,DHL,2026-01-08,2026-01-13,2026-01-14
SHP-ORD-05681,ORD-05681,DHL,2026-01-08,2026-01-13,2026-01-15
SHP-ORD-05682,ORD-05682,DHL,2026-01-08,2026-01-13,2026-01-15
SHP-ORD-05683,ORD-05683,Carrier B,2026-01-08,2026-01-13,2026-01-15
SHP-ORD-05684,ORD-05684,Carrier B,2026-01-08,2026-01-13,2026-01-15
SHP-ORD-05685,ORD-05685,DHL,2026-01-08,2026-01-13,2026-01-14
SHP-ORD-05686,ORD-05686,FedEx,2026-01-08,2026-01-13,2026-01-13
SHP-ORD-05687,ORD-05687,DHL,2026-01-08,2026-01-13,2026-01-13
SHP-ORD-05688,ORD-05688,Carrier B,2026-01-08,2026-01-13,2026-01-13
SHP-ORD-05689,ORD-05689,FedEx,2026-01-08,2026-01-13,2026-01-13
SHP-ORD-05690,ORD-05690,Carrier B,2026-01-08,2026-01-13,2026-01-14
SHP-ORD-05691,ORD-05691,FedEx,2026-01-09,2026-01-14,2026-01-14
SHP-ORD-05692,ORD-05692,DHL,2026-01-09,2026-01-14,2026-01-16
SHP-ORD-05693,ORD-05693,DHL,2026-01-09,2026-01-14,2026-01-14
SHP-ORD-05694,ORD-05694,DHL,2026-01-09,2026-01-14,2026-01-14
SHP-ORD-05695,ORD-05695,Carrier B,2026-01-09,2026-01-14,2026-01-16
SHP-ORD-05696,ORD-05696,FedEx,2026-01-09,2026-01-14,2026-01-16
SHP-ORD-05697,ORD-05697,FedEx,2026-01-09,2026-01-14,2026-01-16
SHP-ORD-05698,ORD-05698,DHL,2026-01-09,2026-01-14,2026-01-15
SHP-ORD-05699,ORD-05699,FedEx,2026-01-09,2026-01-14,2026-01-16
SHP-ORD-05700,ORD-05700,DHL,2026-01-09,2026-01-14,2026-01-16
SHP-ORD-05701,ORD-05701,FedEx,2026-01-09,2026-01-14,2026-01-14
SHP-ORD-05702,ORD-05702,FedEx,2026-01-09,2026-01-14,2026-01-16
SHP-ORD-05703,ORD-05703,DHL,2026-01-09,2026-01-14,2026-01-15
SHP-ORD-05704,ORD-05704,DHL,2026-01-09,2026-01-14,2026-01-15
SHP-ORD-05705,ORD-05705,FedEx,2026-01-10,2026-01-15,2026-01-16
SHP-ORD-05706,ORD-05706,FedEx,2026-01-10,2026-01-15,2026-01-15
SHP-ORD-05707,ORD-05707,FedEx,2026-01-10,2026-01-15,2026-01-17
SHP-ORD-05708,ORD-05708,DHL,2026-01-10,2026-01-15,2026-01-17
SHP-ORD-05709,ORD-05709,FedEx,2026-01-10,2026-01-15,2026-01-15
SHP-ORD-05710,ORD-05710,DHL,2026-01-10,2026-01-15,2026-01-17
SHP-ORD-05711,ORD-05711,DHL,2026-01-10,2026-01-15,2026-01-16
SHP-ORD-05712,ORD-05712,DHL,2026-01-10,2026-01-15,2026-01-15
SHP-ORD-05713,ORD-05713,FedEx,2026-01-10,2026-01-15,2026-01-17
SHP-ORD-05714,ORD-05714,DHL,2026-01-10,2026-01-15,2026-01-15
SHP-ORD-05715,ORD-05715,Carrier B,2026-01-10,2026-01-15,2026-01-16
SHP-ORD-05716,ORD-05716,FedEx,2026-01-10,2026-01-15,2026-01-15
SHP-ORD-05717,ORD-05717,FedEx,2026-01-10,2026-01-15,2026-01-15
SHP-ORD-05718,ORD-05718,DHL,2026-01-10,2026-01-15,2026-01-15
SHP-ORD-05719,ORD-05719,FedEx,2026-01-10,2026-01-15,2026-01-16
SHP-ORD-05720,ORD-05720,DHL,2026-01-10,2026-01-15,2026-01-15
SHP-ORD-05721,ORD-05721,Carrier B,2026-01-10,2026-01-15,2026-01-16
SHP-ORD-05722,ORD-05722,DHL,2026-01-10,2026-01-15,2026-01-17
SHP-ORD-05723,ORD-05723,DHL,2026-01-10,2026-01-15,2026-01-16
SHP-ORD-05724,ORD-05724,DHL,2026-01-10,2026-01-15,2026-01-17
SHP-ORD-05725,ORD-05725,FedEx,2026-01-10,2026-01-15,2026-01-16
SHP-ORD-05726,ORD-05726,FedEx,2026-01-10,2026-01-15,2026-01-16
SHP-ORD-05727,ORD-05727,Carrier B,2026-01-10,2026-01-15,2026-01-16
SHP-ORD-05728,ORD-05728,Carrier B,2026-01-10,2026-01-15,2026-01-17
SHP-ORD-05729,ORD-05729,DHL,2026-01-10,2026-01-15,2026-01-15
SHP-ORD-05730,ORD-05730,Carrier B,2026-01-10,2026-01-15,2026-01-16
SHP-ORD-05731,ORD-05731,FedEx,2026-01-10,2026-01-15,2026-01-16
SHP-ORD-05732,ORD-05732,FedEx,2026-01-10,2026-01-15,2026-01-17
SHP-ORD-05733,ORD-05733,FedEx,2026-01-10,2026-01-15,2026-01-17
SHP-ORD-05734,ORD-05734,FedEx,2026-01-11,2026-01-16,2026-01-17
SHP-ORD-05735,ORD-05735,Carrier B,2026-01-11,2026-01-16,2026-01-18
SHP-ORD-05736,ORD-05736,Carrier B,2026-01-11,2026-01-16,2026-01-16
SHP-ORD-05737,ORD-05737,Carrier B,2026-01-11,2026-01-16,2026-01-16
SHP-ORD-05738,ORD-05738,DHL,2026-01-11,2026-01-16,2026-01-18
SHP-ORD-05739,ORD-05739,FedEx,2026-01-11,2026-01-16,2026-01-16
SHP-ORD-05740,ORD-05740,FedEx,2026-01-11,2026-01-16,2026-01-16
SHP-ORD-05741,ORD-05741,FedEx,2026-01-11,2026-01-16,2026-01-16
SHP-ORD-05742,ORD-05742,DHL,2026-01-11,2026-01-16,2026-01-18
SHP-ORD-05743,ORD-05743,DHL,2026-01-11,2026-01-16,2026-01-16
SHP-ORD-05744,ORD-05744,Carrier B,2026-01-11,2026-01-16,2026-01-16
SHP-ORD-05745,ORD-05745,Carrier B,2026-01-11,2026-01-16,2026-01-17
SHP-ORD-05746,ORD-05746,FedEx,2026-01-11,2026-01-16,2026-01-16
SHP-ORD-05747,ORD-05747,FedEx,2026-01-11,2026-01-16,2026-01-17
SHP-ORD-05748,ORD-05748,DHL,2026-01-11,2026-01-16,2026-01-17
SHP-ORD-05749,ORD-05749,FedEx,2026-01-11,2026-01-16,2026-01-17
SHP-ORD-05750,ORD-05750,DHL,2026-01-11,2026-01-16,2026-01-18
SHP-ORD-05751,ORD-05751,DHL,2026-01-11,2026-01-16,2026-01-18
SHP-ORD-05752,ORD-05752,FedEx,2026-01-11,2026-01-16,2026-01-16
SHP-ORD-05753,ORD-05753,DHL,2026-01-11,2026-01-16,2026-01-16
SHP-ORD-05754,ORD-05754,DHL,2026-01-11,2026-01-16,2026-01-16
SHP-ORD-05755,ORD-05755,Carrier B,2026-01-11,2026-01-16,2026-01-17
SHP-ORD-05756,ORD-05756,FedEx,2026-01-11,2026-01-16,2026-01-16
SHP-ORD-05757,ORD-05757,Carrier B,2026-01-11,2026-01-16,2026-01-18
SHP-ORD-05758,ORD-05758,DHL,2026-01-11,2026-01-16,2026-01-16
SHP-ORD-05759,ORD-05759,DHL,2026-01-11,2026-01-16,2026-01-17
SHP-ORD-05760,ORD-05760,FedEx,2026-01-12,2026-01-17,2026-01-19
SHP-ORD-05761,ORD-05761,DHL,2026-01-12,2026-01-17,2026-01-18
SHP-ORD-05762,ORD-05762,DHL,2026-01-12,2026-01-17,2026-01-17
SHP-ORD-05763,ORD-05763,DHL,2026-01-12,2026-01-17,2026-01-18
SHP-ORD-05764,ORD-05764,DHL,2026-01-12,2026-01-17,2026-01-18
SHP-ORD-05765,ORD-05765,DHL,2026-01-12,2026-01-17,2026-01-19
SHP-ORD-05766,ORD-05766,Carrier B,2026-01-12,2026-01-17,2026-01-17
SHP-ORD-05767,ORD-05767,FedEx,2026-01-12,2026-01-17,2026-01-18
SHP-ORD-05768,ORD-05768,Carrier B,2026-01-12,2026-01-17,2026-01-17
SHP-ORD-05769,ORD-05769,FedEx,2026-01-12,2026-01-17,2026-01-17
SHP-ORD-05770,ORD-05770,Carrier B,2026-01-12,2026-01-17,2026-01-18
SHP-ORD-05771,ORD-05771,Carrier B,2026-01-12,2026-01-17,2026-01-17
SHP-ORD-05772,ORD-05772,FedEx,2026-01-12,2026-01-17,2026-01-18
SHP-ORD-05773,ORD-05773,DHL,2026-01-12,2026-01-17,2026-01-18
SHP-ORD-05774,ORD-05774,DHL,2026-01-12,2026-01-17,2026-01-17
SHP-ORD-05775,ORD-05775,FedEx,2026-01-12,2026-01-17,2026-01-17
SHP-ORD-05776,ORD-05776,DHL,2026-01-12,2026-01-17,2026-01-19
SHP-ORD-05777,ORD-05777,FedEx,2026-01-12,2026-01-17,2026-01-19
SHP-ORD-05778,ORD-05778,Carrier B,2026-01-12,2026-01-17,2026-01-19
SHP-ORD-05779,ORD-05779,Carrier B,2026-01-12,2026-01-17,2026-01-17
SHP-ORD-05780,ORD-05780,DHL,2026-01-13,2026-01-18,2026-01-19
SHP-ORD-05781,ORD-05781,DHL,2026-01-13,2026-01-18,2026-01-18
SHP-ORD-05782,ORD-05782,DHL,2026-01-13,2026-01-18,2026-01-18
SHP-ORD-05783,ORD-05783,FedEx,2026-01-13,2026-01-18,2026-01-18
SHP-ORD-05784,ORD-05784,DHL,2026-01-13,2026-01-18,2026-01-18
SHP-ORD-05785,ORD-05785,DHL,2026-01-13,2026-01-18,2026-01-20
SHP-ORD-05786,ORD-05786,Carrier B,2026-01-13,2026-01-18,2026-01-18
SHP-ORD-05787,ORD-05787,DHL,2026-01-13,2026-01-18,2026-01-19
SHP-ORD-05788,ORD-05788,DHL,2026-01-13,2026-01-18,2026-01-20
SHP-ORD-05789,ORD-05789,DHL,2026-01-13,2026-01-18,2026-01-20
SHP-ORD-05790,ORD-05790,FedEx,2026-01-14,2026-01-19,2026-01-21
SHP-ORD-05791,ORD-05791,DHL,2026-01-14,2026-01-19,2026-01-20
SHP-ORD-05792,ORD-05792,DHL,2026-01-14,2026-01-19,2026-01-20
SHP-ORD-05793,ORD-05793,FedEx,2026-01-14,2026-01-19,2026-01-19
SHP-ORD-05794,ORD-05794,DHL,2026-01-14,2026-01-19,2026-01-21
SHP-ORD-05795,ORD-05795,DHL,2026-01-14,2026-01-19,2026-01-21
SHP-ORD-05796,ORD-05796,DHL,2026-01-14,2026-01-19,2026-01-20
SHP-ORD-05797,ORD-05797,DHL,2026-01-14,2026-01-19,2026-01-19
SHP-ORD-05798,ORD-05798,DHL,2026-01-14,2026-01-19,2026-01-21
SHP-ORD-05799,ORD-05799,DHL,2026-01-14,2026-01-19,2026-01-21
SHP-ORD-05800,ORD-05800,Carrier B,2026-01-14,2026-01-19,2026-01-19
SHP-ORD-05801,ORD-05801,FedEx,2026-01-14,2026-01-19,2026-01-19
SHP-ORD-05802,ORD-05802,Carrier B,2026-01-14,2026-01-19,2026-01-19
SHP-ORD-05803,ORD-05803,DHL,2026-01-15,2026-01-20,2026-01-21
SHP-ORD-05804,ORD-05804,DHL,2026-01-15,2026-01-20,2026-01-22
SHP-ORD-05805,ORD-05805,DHL,2026-01-15,2026-01-20,2026-01-21
SHP-ORD-05806,ORD-05806,FedEx,2026-01-15,2026-01-20,2026-01-20
SHP-ORD-05807,ORD-05807,FedEx,2026-01-15,2026-01-20,2026-01-20
SHP-ORD-05808,ORD-05808,DHL,2026-01-15,2026-01-20,2026-01-21
SHP-ORD-05809,ORD-05809,DHL,2026-01-15,2026-01-20,2026-01-21
SHP-ORD-05810,ORD-05810,DHL,2026-01-15,2026-01-20,2026-01-21
SHP-ORD-05811,ORD-05811,DHL,2026-01-15,2026-01-20,2026-01-21
SHP-ORD-05812,ORD-05812,FedEx,2026-01-15,2026-01-20,2026-01-20
SHP-ORD-05813,ORD-05813,FedEx,2026-01-15,2026-01-20,2026-01-20
SHP-ORD-05814,ORD-05814,DHL,2026-01-15,2026-01-20,2026-01-22
SHP-ORD-05815,ORD-05815,FedEx,2026-01-15,2026-01-20,2026-01-20
SHP-ORD-05816,ORD-05816,DHL,2026-01-15,2026-01-20,2026-01-22
SHP-ORD-05817,ORD-05817,FedEx,2026-01-15,2026-01-20,2026-01-20
SHP-ORD-05818,ORD-05818,DHL,2026-01-15,2026-01-20,2026-01-21
SHP-ORD-05819,ORD-05819,FedEx,2026-01-15,2026-01-20,2026-01-22
SHP-ORD-05820,ORD-05820,FedEx,2026-01-15,2026-01-20,2026-01-21
SHP-ORD-05821,ORD-05821,DHL,2026-01-15,2026-01-20,2026-01-22
SHP-ORD-05822,ORD-05822,DHL,2026-01-15,2026-01-20,2026-01-21
SHP-ORD-05823,ORD-05823,FedEx,2026-01-15,2026-01-20,2026-01-20
SHP-ORD-05824,ORD-05824,Carrier B,2026-01-15,2026-01-20,2026-01-21
SHP-ORD-05825,ORD-05825,FedEx,2026-01-15,2026-01-20,2026-01-20
SHP-ORD-05826,ORD-05826,DHL,2026-01-15,2026-01-20,2026-01-22
SHP-ORD-05827,ORD-05827,FedEx,2026-01-15,2026-01-20,2026-01-21
SHP-ORD-05828,ORD-05828,FedEx,2026-01-15,2026-01-20,2026-01-20
SHP-ORD-05829,ORD-05829,DHL,2026-01-15,2026-01-20,2026-01-20
SHP-ORD-05830,ORD-05830,FedEx,2026-01-15,2026-01-20,2026-01-22
SHP-ORD-05831,ORD-05831,DHL,2026-01-15,2026-01-20,2026-01-21
SHP-ORD-05832,ORD-05832,FedEx,2026-01-16,2026-01-21,2026-01-21
SHP-ORD-05833,ORD-05833,DHL,2026-01-16,2026-01-21,2026-01-23
SHP-ORD-05834,ORD-05834,FedEx,2026-01-16,2026-01-21,2026-01-21
SHP-ORD-05835,ORD-05835,FedEx,2026-01-16,2026-01-21,2026-01-23
SHP-ORD-05836,ORD-05836,FedEx,2026-01-16,2026-01-21,2026-01-22
SHP-ORD-05837,ORD-05837,DHL,2026-01-16,2026-01-21,2026-01-23
SHP-ORD-05838,ORD-05838,DHL,2026-01-16,2026-01-21,2026-01-23
SHP-ORD-05839,ORD-05839,Carrier B,2026-01-16,2026-01-21,2026-01-22
SHP-ORD-05840,ORD-05840,DHL,2026-01-16,2026-01-21,2026-01-21
SHP-ORD-05841,ORD-05841,DHL,2026-01-16,2026-01-21,2026-01-23
SHP-ORD-05842,ORD-05842,DHL,2026-01-16,2026-01-21,2026-01-23
SHP-ORD-05843,ORD-05843,FedEx,2026-01-16,2026-01-21,2026-01-21
SHP-ORD-05844,ORD-05844,FedEx,2026-01-17,2026-01-22,2026-01-23
SHP-ORD-05845,ORD-05845,DHL,2026-01-17,2026-01-22,2026-01-23
SHP-ORD-05846,ORD-05846,DHL,2026-01-17,2026-01-22,2026-01-22
SHP-ORD-05847,ORD-05847,FedEx,2026-01-17,2026-01-22,2026-01-24
SHP-ORD-05848,ORD-05848,DHL,2026-01-17,2026-01-22,2026-01-23
SHP-ORD-05849,ORD-05849,DHL,2026-01-17,2026-01-22,2026-01-23
SHP-ORD-05850,ORD-05850,DHL,2026-01-17,2026-01-22,2026-01-23
SHP-ORD-05851,ORD-05851,FedEx,2026-01-17,2026-01-22,2026-01-24
SHP-ORD-05852,ORD-05852,DHL,2026-01-17,2026-01-22,2026-01-22
SHP-ORD-05853,ORD-05853,FedEx,2026-01-17,2026-01-22,2026-01-23
SHP-ORD-05854,ORD-05854,FedEx,2026-01-17,2026-01-22,2026-01-24
SHP-ORD-05855,ORD-05855,DHL,2026-01-17,2026-01-22,2026-01-23
SHP-ORD-05856,ORD-05856,FedEx,2026-01-17,2026-01-22,2026-01-24
SHP-ORD-05857,ORD-05857,FedEx,2026-01-17,2026-01-22,2026-01-24
SHP-ORD-05858,ORD-05858,FedEx,2026-01-17,2026-01-22,2026-01-24
SHP-ORD-05859,ORD-05859,DHL,2026-01-17,2026-01-22,2026-01-22
SHP-ORD-05860,ORD-05860,FedEx,2026-01-17,2026-01-22,2026-01-23
SHP-ORD-05861,ORD-05861,FedEx,2026-01-17,2026-01-22,2026-01-24
SHP-ORD-05862,ORD-05862,DHL,2026-01-17,2026-01-22,2026-01-24
SHP-ORD-05863,ORD-05863,DHL,2026-01-17,2026-01-22,2026-01-23
SHP-ORD-05864,ORD-05864,Carrier B,2026-01-17,2026-01-22,2026-01-23
SHP-ORD-05865,ORD-05865,FedEx,2026-01-18,2026-01-23,2026-01-23
SHP-ORD-05866,ORD-05866,FedEx,2026-01-18,2026-01-23,2026-01-25
SHP-ORD-05867,ORD-05867,DHL,2026-01-18,2026-01-23,2026-01-24
SHP-ORD-05868,ORD-05868,FedEx,2026-01-18,2026-01-23,2026-01-24
SHP-ORD-05869,ORD-05869,Carrier B,2026-01-18,2026-01-23,2026-01-24
SHP-ORD-05870,ORD-05870,DHL,2026-01-18,2026-01-23,2026-01-24
SHP-ORD-05871,ORD-05871,FedEx,2026-01-18,2026-01-23,2026-01-24
SHP-ORD-05872,ORD-05872,DHL,2026-01-18,2026-01-23,2026-01-23
SHP-ORD-05873,ORD-05873,FedEx,2026-01-18,2026-01-23,2026-01-25
SHP-ORD-05874,ORD-05874,Carrier B,2026-01-18,2026-01-23,2026-01-24
SHP-ORD-05875,ORD-05875,Carrier B,2026-01-18,2026-01-23,2026-01-25
SHP-ORD-05876,ORD-05876,DHL,2026-01-18,2026-01-23,2026-01-25
SHP-ORD-05877,ORD-05877,FedEx,2026-01-18,2026-01-23,2026-01-24
SHP-ORD-05878,ORD-05878,FedEx,2026-01-18,2026-01-23,2026-01-24
SHP-ORD-05879,ORD-05879,FedEx,2026-01-18,2026-01-23,2026-01-24
SHP-ORD-05880,ORD-05880,FedEx,2026-01-18,2026-01-23,2026-01-23
SHP-ORD-05881,ORD-05881,DHL,2026-01-19,2026-01-24,2026-01-26
SHP-ORD-05882,ORD-05882,Carrier B,2026-01-19,2026-01-24,2026-01-25
SHP-ORD-05883,ORD-05883,DHL,2026-01-19,2026-01-24,2026-01-24
SHP-ORD-05884,ORD-05884,DHL,2026-01-19,2026-01-24,2026-01-25
SHP-ORD-05885,ORD-05885,DHL,2026-01-19,2026-01-24,2026-01-25
SHP-ORD-05886,ORD-05886,Carrier B,2026-01-19,2026-01-24,2026-01-26
SHP-ORD-05887,ORD-05887,FedEx,2026-01-19,2026-01-24,2026-01-25
SHP-ORD-05888,ORD-05888,DHL,2026-01-19,2026-01-24,2026-01-25
SHP-ORD-05889,ORD-05889,DHL,2026-01-19,2026-01-24,2026-01-26
SHP-ORD-05890,ORD-05890,Carrier B,2026-01-19,2026-01-24,2026-01-26
SHP-ORD-05891,ORD-05891,Carrier B,2026-01-20,2026-01-25,2026-01-25
SHP-ORD-05892,ORD-05892,DHL,2026-01-20,2026-01-25,2026-01-25
SHP-ORD-05893,ORD-05893,FedEx,2026-01-20,2026-01-25,2026-01-26
SHP-ORD-05894,ORD-05894,DHL,2026-01-20,2026-01-25,2026-01-27
SHP-ORD-05895,ORD-05895,FedEx,2026-01-20,2026-01-25,2026-01-27
SHP-ORD-05896,ORD-05896,DHL,2026-01-20,2026-01-25,2026-01-25
SHP-ORD-05897,ORD-05897,DHL,2026-01-20,2026-01-25,2026-01-27
SHP-ORD-05898,ORD-05898,DHL,2026-01-20,2026-01-25,2026-01-26
SHP-ORD-05899,ORD-05899,Carrier B,2026-01-20,2026-01-25,2026-01-27
SHP-ORD-05900,ORD-05900,DHL,2026-01-20,2026-01-25,2026-01-27
SHP-ORD-05901,ORD-05901,FedEx,2026-01-20,2026-01-25,2026-01-27
SHP-ORD-05902,ORD-05902,FedEx,2026-01-20,2026-01-25,2026-01-25
SHP-ORD-05903,ORD-05903,Carrier B,2026-01-20,2026-01-25,2026-01-27
SHP-ORD-05904,ORD-05904,FedEx,2026-01-20,2026-01-25,2026-01-25
SHP-ORD-05905,ORD-05905,FedEx,2026-01-20,2026-01-25,2026-01-25
SHP-ORD-05906,ORD-05906,FedEx,2026-01-20,2026-01-25,2026-01-27
SHP-ORD-05907,ORD-05907,DHL,2026-01-20,2026-01-25,2026-01-26
SHP-ORD-05908,ORD-05908,FedEx,2026-01-21,2026-01-26,2026-01-26
SHP-ORD-05909,ORD-05909,Carrier B,2026-01-21,2026-01-26,2026-01-27
SHP-ORD-05910,ORD-05910,Carrier B,2026-01-21,2026-01-26,2026-01-26
SHP-ORD-05911,ORD-05911,Carrier B,2026-01-21,2026-01-26,2026-01-28
SHP-ORD-05912,ORD-05912,FedEx,2026-01-21,2026-01-26,2026-01-28
SHP-ORD-05913,ORD-05913,Carrier B,2026-01-21,2026-01-26,2026-01-26
SHP-ORD-05914,ORD-05914,Carrier B,2026-01-21,2026-01-26,2026-01-28
SHP-ORD-05915,ORD-05915,Carrier B,2026-01-21,2026-01-26,2026-01-26
SHP-ORD-05916,ORD-05916,DHL,2026-01-21,2026-01-26,2026-01-28
SHP-ORD-05917,ORD-05917,DHL,2026-01-21,2026-01-26,2026-01-26
SHP-ORD-05918,ORD-05918,FedEx,2026-01-21,2026-01-26,2026-01-27
SHP-ORD-05919,ORD-05919,Carrier B,2026-01-21,2026-01-26,2026-01-28
SHP-ORD-05920,ORD-05920,FedEx,2026-01-21,2026-01-26,2026-01-28
SHP-ORD-05921,ORD-05921,FedEx,2026-01-21,2026-01-26,2026-01-26
SHP-ORD-05922,ORD-05922,Carrier B,2026-01-21,2026-01-26,2026-01-28
SHP-ORD-05923,ORD-05923,DHL,2026-01-21,2026-01-26,2026-01-26
SHP-ORD-05924,ORD-05924,FedEx,2026-01-21,2026-01-26,2026-01-28
SHP-ORD-05925,ORD-05925,Carrier B,2026-01-21,2026-01-26,2026-01-28
SHP-ORD-05926,ORD-05926,Carrier B,2026-01-21,2026-01-26,2026-01-27
SHP-ORD-05927,ORD-05927,FedEx,2026-01-21,2026-01-26,2026-01-27
SHP-ORD-05928,ORD-05928,Carrier B,2026-01-21,2026-01-26,2026-01-26
SHP-ORD-05929,ORD-05929,FedEx,2026-01-21,2026-01-26,2026-01-27
SHP-ORD-05930,ORD-05930,FedEx,2026-01-21,2026-01-26,2026-01-28
SHP-ORD-05931,ORD-05931,FedEx,2026-01-21,2026-01-26,2026-01-27
SHP-ORD-05932,ORD-05932,FedEx,2026-01-21,2026-01-26,2026-01-28
SHP-ORD-05933,ORD-05933,FedEx,2026-01-21,2026-01-26,2026-01-27
SHP-ORD-05934,ORD-05934,FedEx,2026-01-21,2026-01-26,2026-01-28
SHP-ORD-05935,ORD-05935,Carrier B,2026-01-21,2026-01-26,2026-01-28
SHP-ORD-05936,ORD-05936,DHL,2026-01-21,2026-01-26,2026-01-27
SHP-ORD-05937,ORD-05937,Carrier B,2026-01-21,2026-01-26,2026-01-26
SHP-ORD-05938,ORD-05938,DHL,2026-01-22,2026-01-27,2026-01-29
SHP-ORD-05939,ORD-05939,FedEx,2026-01-22,2026-01-27,2026-01-28
SHP-ORD-05940,ORD-05940,Carrier B,2026-01-22,2026-01-27,2026-01-29
SHP-ORD-05941,ORD-05941,Carrier B,2026-01-22,2026-01-27,2026-01-28
SHP-ORD-05942,ORD-05942,FedEx,2026-01-22,2026-01-27,2026-01-29
SHP-ORD-05943,ORD-05943,FedEx,2026-01-22,2026-01-27,2026-01-27
SHP-ORD-05944,ORD-05944,DHL,2026-01-22,2026-01-27,2026-01-27
SHP-ORD-05945,ORD-05945,DHL,2026-01-22,2026-01-27,2026-01-29
SHP-ORD-05946,ORD-05946,Carrier B,2026-01-22,2026-01-27,2026-01-29
SHP-ORD-05947,ORD-05947,FedEx,2026-01-22,2026-01-27,2026-01-28
SHP-ORD-05948,ORD-05948,FedEx,2026-01-23,2026-01-28,2026-01-28
SHP-ORD-05949,ORD-05949,DHL,2026-01-23,2026-01-28,2026-01-30
SHP-ORD-05950,ORD-05950,DHL,2026-01-23,2026-01-28,2026-01-28
SHP-ORD-05951,ORD-05951,FedEx,2026-01-23,2026-01-28,2026-01-30
SHP-ORD-05952,ORD-05952,FedEx,2026-01-23,2026-01-28,2026-01-28
SHP-ORD-05953,ORD-05953,DHL,2026-01-23,2026-01-28,2026-01-30
SHP-ORD-05954,ORD-05954,DHL,2026-01-23,2026-01-28,2026-01-28
SHP-ORD-05955,ORD-05955,FedEx,2026-01-23,2026-01-28,2026-01-29
SHP-ORD-05956,ORD-05956,DHL,2026-01-23,2026-01-28,2026-01-28
SHP-ORD-05957,ORD-05957,Carrier B,2026-01-23,2026-01-28,2026-01-28
SHP-ORD-05958,ORD-05958,Carrier B,2026-01-24,2026-01-29,2026-01-31
SHP-ORD-05959,ORD-05959,FedEx,2026-01-24,2026-01-29,2026-01-30
SHP-ORD-05960,ORD-05960,FedEx,2026-01-24,2026-01-29,2026-01-29
SHP-ORD-05961,ORD-05961,Carrier B,2026-01-24,2026-01-29,2026-01-30
SHP-ORD-05962,ORD-05962,FedEx,2026-01-24,2026-01-29,2026-01-30
SHP-ORD-05963,ORD-05963,DHL,2026-01-24,2026-01-29,2026-01-29
SHP-ORD-05964,ORD-05964,DHL,2026-01-24,2026-01-29,2026-01-31
SHP-ORD-05965,ORD-05965,FedEx,2026-01-24,2026-01-29,2026-01-31
SHP-ORD-05966,ORD-05966,DHL,2026-01-24,2026-01-29,2026-01-29
SHP-ORD-05967,ORD-05967,DHL,2026-01-24,2026-01-29,2026-01-29
SHP-ORD-05968,ORD-05968,DHL,2026-01-24,2026-01-29,2026-01-29
SHP-ORD-05969,ORD-05969,FedEx,2026-01-25,2026-01-30,2026-01-30
SHP-ORD-05970,ORD-05970,Carrier B,2026-01-25,2026-01-30,2026-01-30
SHP-ORD-05971,ORD-05971,DHL,2026-01-25,2026-01-30,2026-01-31
SHP-ORD-05972,ORD-05972,DHL,2026-01-25,2026-01-30,2026-01-30
SHP-ORD-05973,ORD-05973,Carrier B,2026-01-25,2026-01-30,2026-01-30
SHP-ORD-05974,ORD-05974,DHL,2026-01-25,2026-01-30,2026-01-30
SHP-ORD-05975,ORD-05975,DHL,2026-01-25,2026-01-30,2026-02-01
SHP-ORD-05976,ORD-05976,Carrier B,2026-01-25,2026-01-30,2026-01-30
SHP-ORD-05977,ORD-05977,FedEx,2026-01-25,2026-01-30,2026-01-30
SHP-ORD-05978,ORD-05978,DHL,2026-01-25,2026-01-30,2026-01-31
SHP-ORD-05979,ORD-05979,Carrier B,2026-01-25,2026-01-30,2026-01-31
SHP-ORD-05980,ORD-05980,FedEx,2026-01-25,2026-01-30,2026-01-30
SHP-ORD-05981,ORD-05981,FedEx,2026-01-25,2026-01-30,2026-01-31
SHP-ORD-05982,ORD-05982,Carrier B,2026-01-25,2026-01-30,2026-01-31
SHP-ORD-05983,ORD-05983,Carrier B,2026-01-25,2026-01-30,2026-02-01
SHP-ORD-05984,ORD-05984,Carrier B,2026-01-25,2026-01-30,2026-01-31
SHP-ORD-05985,ORD-05985,FedEx,2026-01-25,2026-01-30,2026-01-30
SHP-ORD-05986,ORD-05986,FedEx,2026-01-25,2026-01-30,2026-02-01
SHP-ORD-05987,ORD-05987,FedEx,2026-01-25,2026-01-30,2026-02-01
SHP-ORD-05988,ORD-05988,DHL,2026-01-25,2026-01-30,2026-01-31
SHP-ORD-05989,ORD-05989,DHL,2026-01-25,2026-01-30,2026-01-31
SHP-ORD-05990,ORD-05990,FedEx,2026-01-25,2026-01-30,2026-01-31
SHP-ORD-05991,ORD-05991,FedEx,2026-01-25,2026-01-30,2026-01-31
SHP-ORD-05992,ORD-05992,DHL,2026-01-25,2026-01-30,2026-01-30
SHP-ORD-05993,ORD-05993,DHL,2026-01-25,2026-01-30,2026-01-31
SHP-ORD-05994,ORD-05994,FedEx,2026-01-25,2026-01-30,2026-01-31
SHP-ORD-05995,ORD-05995,Carrier B,2026-01-26,2026-01-31,2026-02-02
SHP-ORD-05996,ORD-05996,FedEx,2026-01-26,2026-01-31,2026-02-02
SHP-ORD-05997,ORD-05997,DHL,2026-01-26,2026-01-31,2026-02-01
SHP-ORD-05998,ORD-05998,Carrier B,2026-01-26,2026-01-31,2026-02-02
SHP-ORD-05999,ORD-05999,DHL,2026-01-26,2026-01-31,2026-02-02
SHP-ORD-06000,ORD-06000,FedEx,2026-01-26,2026-01-31,2026-02-02
SHP-ORD-06001,ORD-06001,FedEx,2026-01-26,2026-01-31,2026-01-31
SHP-ORD-06002,ORD-06002,Carrier B,2026-01-26,2026-01-31,2026-02-02
SHP-ORD-06003,ORD-06003,FedEx,2026-01-26,2026-01-31,2026-02-01
SHP-ORD-06004,ORD-06004,DHL,2026-01-26,2026-01-31,2026-01-31
SHP-ORD-06005,ORD-06005,Carrier B,2026-01-26,2026-01-31,2026-02-01
SHP-ORD-06006,ORD-06006,Carrier B,2026-01-26,2026-01-31,2026-02-01
SHP-ORD-06007,ORD-06007,DHL,2026-01-26,2026-01-31,2026-02-01
SHP-ORD-06008,ORD-06008,Carrier B,2026-01-26,2026-01-31,2026-01-31
SHP-ORD-06009,ORD-06009,Carrier B,2026-01-26,2026-01-31,2026-02-01
SHP-ORD-06010,ORD-06010,FedEx,2026-01-26,2026-01-31,2026-02-02
SHP-ORD-06011,ORD-06011,FedEx,2026-01-26,2026-01-31,2026-02-01
SHP-ORD-06012,ORD-06012,FedEx,2026-01-26,2026-01-31,2026-02-01
SHP-ORD-06013,ORD-06013,FedEx,2026-01-26,2026-01-31,2026-02-02
SHP-ORD-06014,ORD-06014,Carrier B,2026-01-26,2026-01-31,2026-01-31
SHP-ORD-06015,ORD-06015,DHL,2026-01-26,2026-01-31,2026-02-01
SHP-ORD-06016,ORD-06016,Carrier B,2026-01-26,2026-01-31,2026-02-02
SHP-ORD-06017,ORD-06017,DHL,2026-01-26,2026-01-31,2026-02-02
SHP-ORD-06018,ORD-06018,DHL,2026-01-27,2026-02-01,2026-02-03
SHP-ORD-06019,ORD-06019,DHL,2026-01-27,2026-02-01,2026-02-02
SHP-ORD-06020,ORD-06020,FedEx,2026-01-27,2026-02-01,2026-02-03
SHP-ORD-06021,ORD-06021,Carrier B,2026-01-27,2026-02-01,2026-02-02
SHP-ORD-06022,ORD-06022,DHL,2026-01-27,2026-02-01,2026-02-01
SHP-ORD-06023,ORD-06023,DHL,2026-01-27,2026-02-01,2026-02-02
SHP-ORD-06024,ORD-06024,FedEx,2026-01-27,2026-02-01,2026-02-01
SHP-ORD-06025,ORD-06025,Carrier B,2026-01-27,2026-02-01,2026-02-02
SHP-ORD-06026,ORD-06026,Carrier B,2026-01-27,2026-02-01,2026-02-01
SHP-ORD-06027,ORD-06027,DHL,2026-01-27,2026-02-01,2026-02-02
SHP-ORD-06028,ORD-06028,DHL,2026-01-27,2026-02-01,2026-02-02
SHP-ORD-06029,ORD-06029,DHL,2026-01-27,2026-02-01,2026-02-03
SHP-ORD-06030,ORD-06030,FedEx,2026-01-27,2026-02-01,2026-02-01
SHP-ORD-06031,ORD-06031,FedEx,2026-01-27,2026-02-01,2026-02-01
SHP-ORD-06032,ORD-06032,DHL,2026-01-28,2026-02-02,2026-02-02
SHP-ORD-06033,ORD-06033,FedEx,2026-01-28,2026-02-02,2026-02-04
SHP-ORD-06034,ORD-06034,DHL,2026-01-28,2026-02-02,2026-02-04
SHP-ORD-06035,ORD-06035,DHL,2026-01-28,2026-02-02,2026-02-04
SHP-ORD-06036,ORD-06036,FedEx,2026-01-28,2026-02-02,2026-02-02
SHP-ORD-06037,ORD-06037,FedEx,2026-01-28,2026-02-02,2026-02-03
SHP-ORD-06038,ORD-06038,FedEx,2026-01-28,2026-02-02,2026-02-03
SHP-ORD-06039,ORD-06039,FedEx,2026-01-28,2026-02-02,2026-02-04
SHP-ORD-06040,ORD-06040,DHL,2026-01-28,2026-02-02,2026-02-03
SHP-ORD-06041,ORD-06041,DHL,2026-01-28,2026-02-02,2026-02-02
SHP-ORD-06042,ORD-06042,Carrier B,2026-01-28,2026-02-02,2026-02-04
SHP-ORD-06043,ORD-06043,FedEx,2026-01-28,2026-02-02,2026-02-03
SHP-ORD-06044,ORD-06044,Carrier B,2026-01-28,2026-02-02,2026-02-02
SHP-ORD-06045,ORD-06045,FedEx,2026-01-28,2026-02-02,2026-02-03
SHP-ORD-06046,ORD-06046,DHL,2026-01-28,2026-02-02,2026-02-03
SHP-ORD-06047,ORD-06047,DHL,2026-01-28,2026-02-02,2026-02-04
SHP-ORD-06048,ORD-06048,DHL,2026-01-28,2026-02-02,2026-02-04
SHP-ORD-06049,ORD-06049,DHL,2026-01-28,2026-02-02,2026-02-03
SHP-ORD-06050,ORD-06050,FedEx,2026-01-28,2026-02-02,2026-02-02
SHP-ORD-06051,ORD-06051,FedEx,2026-01-29,2026-02-03,2026-02-05
SHP-ORD-06052,ORD-06052,Carrier B,2026-01-29,2026-02-03,2026-02-04
SHP-ORD-06053,ORD-06053,FedEx,2026-01-29,2026-02-03,2026-02-03
SHP-ORD-06054,ORD-06054,FedEx,2026-01-29,2026-02-03,2026-02-03
SHP-ORD-06055,ORD-06055,FedEx,2026-01-29,2026-02-03,2026-02-05
SHP-ORD-06056,ORD-06056,FedEx,2026-01-29,2026-02-03,2026-02-03
SHP-ORD-06057,ORD-06057,DHL,2026-01-29,2026-02-03,2026-02-05
SHP-ORD-06058,ORD-06058,DHL,2026-01-29,2026-02-03,2026-02-05
SHP-ORD-06059,ORD-06059,FedEx,2026-01-29,2026-02-03,2026-02-03
SHP-ORD-06060,ORD-06060,FedEx,2026-01-29,2026-02-03,2026-02-05
SHP-ORD-06061,ORD-06061,DHL,2026-01-29,2026-02-03,2026-02-04
SHP-ORD-06062,ORD-06062,DHL,2026-01-29,2026-02-03,2026-02-03
SHP-ORD-06063,ORD-06063,Carrier B,2026-01-29,2026-02-03,2026-02-05
SHP-ORD-06064,ORD-06064,Carrier B,2026-01-29,2026-02-03,2026-02-03
SHP-ORD-06065,ORD-06065,Carrier B,2026-01-29,2026-02-03,2026-02-04
SHP-ORD-06066,ORD-06066,DHL,2026-01-29,2026-02-03,2026-02-04
SHP-ORD-06067,ORD-06067,DHL,2026-01-29,2026-02-03,2026-02-05
SHP-ORD-06068,ORD-06068,FedEx,2026-01-29,2026-02-03,2026-02-05
SHP-ORD-06069,ORD-06069,DHL,2026-01-29,2026-02-03,2026-02-04
SHP-ORD-06070,ORD-06070,FedEx,2026-01-29,2026-02-03,2026-02-05
SHP-ORD-06071,ORD-06071,Carrier B,2026-01-29,2026-02-03,2026-02-05
SHP-ORD-06072,ORD-06072,DHL,2026-01-29,2026-02-03,2026-02-05
SHP-ORD-06073,ORD-06073,DHL,2026-01-29,2026-02-03,2026-02-03
SHP-ORD-06074,ORD-06074,FedEx,2026-01-29,2026-02-03,2026-02-04
SHP-ORD-06075,ORD-06075,DHL,2026-01-29,2026-02-03,2026-02-05
SHP-ORD-06076,ORD-06076,FedEx,2026-01-29,2026-02-03,2026-02-03
SHP-ORD-06077,ORD-06077,FedEx,2026-01-30,2026-02-04,2026-02-06
SHP-ORD-06078,ORD-06078,FedEx,2026-01-30,2026-02-04,2026-02-06
SHP-ORD-06079,ORD-06079,FedEx,2026-01-30,2026-02-04,2026-02-05
SHP-ORD-06080,ORD-06080,DHL,2026-01-30,2026-02-04,2026-02-04
SHP-ORD-06081,ORD-06081,DHL,2026-01-30,2026-02-04,2026-02-05
SHP-ORD-06082,ORD-06082,Carrier B,2026-01-30,2026-02-04,2026-02-05
SHP-ORD-06083,ORD-06083,DHL,2026-01-30,2026-02-04,2026-02-04
SHP-ORD-06084,ORD-06084,FedEx,2026-01-30,2026-02-04,2026-02-04
SHP-ORD-06085,ORD-06085,Carrier B,2026-01-30,2026-02-04,2026-02-05
SHP-ORD-06086,ORD-06086,DHL,2026-01-30,2026-02-04,2026-02-06
SHP-ORD-06087,ORD-06087,DHL,2026-01-30,2026-02-04,2026-02-05
SHP-ORD-06088,ORD-06088,DHL,2026-01-30,2026-02-04,2026-02-05
SHP-ORD-06089,ORD-06089,Carrier B,2026-01-30,2026-02-04,2026-02-04
SHP-ORD-06090,ORD-06090,FedEx,2026-01-30,2026-02-04,2026-02-06
SHP-ORD-06091,ORD-06091,FedEx,2026-01-30,2026-02-04,2026-02-04
SHP-ORD-06092,ORD-06092,DHL,2026-01-30,2026-02-04,2026-02-04
SHP-ORD-06093,ORD-06093,FedEx,2026-01-30,2026-02-04,2026-02-04
SHP-ORD-06094,ORD-06094,Carrier B,2026-01-30,2026-02-04,2026-02-05
SHP-ORD-06095,ORD-06095,DHL,2026-01-30,2026-02-04,2026-02-05
SHP-ORD-06096,ORD-06096,DHL,2026-01-30,2026-02-04,2026-02-04
SHP-ORD-06097,ORD-06097,DHL,2026-01-30,2026-02-04,2026-02-04
SHP-ORD-06098,ORD-06098,FedEx,2026-01-30,2026-02-04,2026-02-05
SHP-ORD-06099,ORD-06099,Carrier B,2026-01-30,2026-02-04,2026-02-06
SHP-ORD-06100,ORD-06100,Carrier B,2026-01-31,2026-02-05,2026-02-07
SHP-ORD-06101,ORD-06101,DHL,2026-01-31,2026-02-05,2026-02-05
SHP-ORD-06102,ORD-06102,Carrier B,2026-01-31,2026-02-05,2026-02-06
SHP-ORD-06103,ORD-06103,FedEx,2026-01-31,2026-02-05,2026-02-05
SHP-ORD-06104,ORD-06104,Carrier B,2026-01-31,2026-02-05,2026-02-06
SHP-ORD-06105,ORD-06105,FedEx,2026-01-31,2026-02-05,2026-02-05
SHP-ORD-06106,ORD-06106,FedEx,2026-01-31,2026-02-05,2026-02-05
SHP-ORD-06107,ORD-06107,FedEx,2026-01-31,2026-02-05,2026-02-06
SHP-ORD-06108,ORD-06108,FedEx,2026-01-31,2026-02-05,2026-02-07
SHP-ORD-06109,ORD-06109,FedEx,2026-01-31,2026-02-05,2026-02-07
SHP-ORD-06110,ORD-06110,Carrier B,2026-01-31,2026-02-05,2026-02-06
SHP-ORD-06111,ORD-06111,Carrier B,2026-01-31,2026-02-05,2026-02-05
SHP-ORD-06112,ORD-06112,FedEx,2026-01-31,2026-02-05,2026-02-07
SHP-ORD-06113,ORD-06113,FedEx,2026-01-31,2026-02-05,2026-02-06
SHP-ORD-06114,ORD-06114,Carrier B,2026-01-31,2026-02-05,2026-02-07
SHP-ORD-06115,ORD-06115,FedEx,2026-01-31,2026-02-05,2026-02-05
SHP-ORD-06116,ORD-06116,FedEx,2026-01-31,2026-02-05,2026-02-05
SHP-ORD-06117,ORD-06117,DHL,2026-01-31,2026-02-05,2026-02-05
SHP-ORD-06118,ORD-06118,DHL,2026-01-31,2026-02-05,2026-02-05
SHP-ORD-06119,ORD-06119,FedEx,2026-01-31,2026-02-05,2026-02-05
SHP-ORD-06120,ORD-06120,DHL,2026-01-31,2026-02-05,2026-02-07
SHP-ORD-06121,ORD-06121,DHL,2026-01-31,2026-02-05,2026-02-07
SHP-ORD-06122,ORD-06122,FedEx,2026-01-31,2026-02-05,2026-02-07
SHP-ORD-06123,ORD-06123,Carrier B,2026-01-31,2026-02-05,2026-02-05
SHP-ORD-06124,ORD-06124,DHL,2026-01-31,2026-02-05,2026-02-06
SHP-ORD-06125,ORD-06125,FedEx,2026-01-31,2026-02-05,2026-02-06
SHP-ORD-06126,ORD-06126,FedEx,2026-01-31,2026-02-05,2026-02-06
SHP-ORD-06127,ORD-06127,FedEx,2026-01-31,2026-02-05,2026-02-07
SHP-ORD-06128,ORD-06128,DHL,2026-02-01,2026-02-06,2026-02-07
SHP-ORD-06129,ORD-06129,FedEx,2026-02-01,2026-02-06,2026-02-06
SHP-ORD-06130,ORD-06130,DHL,2026-02-01,2026-02-06,2026-02-08
SHP-ORD-06131,ORD-06131,FedEx,2026-02-01,2026-02-06,2026-02-08
SHP-ORD-06132,ORD-06132,DHL,2026-02-01,2026-02-06,2026-02-08
SHP-ORD-06133,ORD-06133,DHL,2026-02-01,2026-02-06,2026-02-07
SHP-ORD-06134,ORD-06134,DHL,2026-02-01,2026-02-06,2026-02-08
SHP-ORD-06135,ORD-06135,DHL,2026-02-01,2026-02-06,2026-02-08
SHP-ORD-06136,ORD-06136,Carrier B,2026-02-01,2026-02-06,2026-02-06
SHP-ORD-06137,ORD-06137,DHL,2026-02-01,2026-02-06,2026-02-07
SHP-ORD-06138,ORD-06138,FedEx,2026-02-01,2026-02-06,2026-02-07
SHP-ORD-06139,ORD-06139,DHL,2026-02-01,2026-02-06,2026-02-06
SHP-ORD-06140,ORD-06140,Carrier B,2026-02-01,2026-02-06,2026-02-07
SHP-ORD-06141,ORD-06141,FedEx,2026-02-01,2026-02-06,2026-02-07
SHP-ORD-06142,ORD-06142,FedEx,2026-02-01,2026-02-06,2026-02-08
SHP-ORD-06143,ORD-06143,DHL,2026-02-01,2026-02-06,2026-02-08
SHP-ORD-06144,ORD-06144,DHL,2026-02-01,2026-02-06,2026-02-07
SHP-ORD-06145,ORD-06145,DHL,2026-02-01,2026-02-06,2026-02-06
SHP-ORD-06146,ORD-06146,FedEx,2026-02-01,2026-02-06,2026-02-06
SHP-ORD-06147,ORD-06147,FedEx,2026-02-01,2026-02-06,2026-02-06
SHP-ORD-06148,ORD-06148,Carrier B,2026-02-01,2026-02-06,2026-02-07
SHP-ORD-06149,ORD-06149,FedEx,2026-02-01,2026-02-06,2026-02-08
SHP-ORD-06150,ORD-06150,FedEx,2026-02-01,2026-02-06,2026-02-07
SHP-ORD-06151,ORD-06151,DHL,2026-02-01,2026-02-06,2026-02-07
SHP-ORD-06152,ORD-06152,Carrier B,2026-02-01,2026-02-06,2026-02-07
SHP-ORD-06153,ORD-06153,DHL,2026-02-01,2026-02-06,2026-02-08
SHP-ORD-06154,ORD-06154,Carrier B,2026-02-01,2026-02-06,2026-02-06
SHP-ORD-06155,ORD-06155,FedEx,2026-02-02,2026-02-07,2026-02-07
SHP-ORD-06156,ORD-06156,FedEx,2026-02-02,2026-02-07,2026-02-07
SHP-ORD-06157,ORD-06157,FedEx,2026-02-02,2026-02-07,2026-02-07
SHP-ORD-06158,ORD-06158,Carrier B,2026-02-02,2026-02-07,2026-02-07
SHP-ORD-06159,ORD-06159,DHL,2026-02-02,2026-02-07,2026-02-07
SHP-ORD-06160,ORD-06160,FedEx,2026-02-02,2026-02-07,2026-02-09
SHP-ORD-06161,ORD-06161,DHL,2026-02-02,2026-02-07,2026-02-07
SHP-ORD-06162,ORD-06162,FedEx,2026-02-02,2026-02-07,2026-02-09
SHP-ORD-06163,ORD-06163,DHL,2026-02-02,2026-02-07,2026-02-07
SHP-ORD-06164,ORD-06164,Carrier B,2026-02-02,2026-02-07,2026-02-08
SHP-ORD-06165,ORD-06165,FedEx,2026-02-02,2026-02-07,2026-02-09
SHP-ORD-06166,ORD-06166,FedEx,2026-02-02,2026-02-07,2026-02-09
SHP-ORD-06167,ORD-06167,FedEx,2026-02-02,2026-02-07,2026-02-08
SHP-ORD-06168,ORD-06168,FedEx,2026-02-02,2026-02-07,2026-02-09
SHP-ORD-06169,ORD-06169,FedEx,2026-02-02,2026-02-07,2026-02-08
SHP-ORD-06170,ORD-06170,DHL,2026-02-02,2026-02-07,2026-02-08
SHP-ORD-06171,ORD-06171,FedEx,2026-02-02,2026-02-07,2026-02-07
SHP-ORD-06172,ORD-06172,Carrier B,2026-02-02,2026-02-07,2026-02-09
SHP-ORD-06173,ORD-06173,FedEx,2026-02-02,2026-02-07,2026-02-07
SHP-ORD-06174,ORD-06174,FedEx,2026-02-02,2026-02-07,2026-02-09
SHP-ORD-06175,ORD-06175,FedEx,2026-02-02,2026-02-07,2026-02-08
SHP-ORD-06176,ORD-06176,DHL,2026-02-02,2026-02-07,2026-02-07
SHP-ORD-06177,ORD-06177,DHL,2026-02-02,2026-02-07,2026-02-09
SHP-ORD-06178,ORD-06178,Carrier B,2026-02-02,2026-02-07,2026-02-07
SHP-ORD-06179,ORD-06179,DHL,2026-02-02,2026-02-07,2026-02-07
SHP-ORD-06180,ORD-06180,Carrier B,2026-02-02,2026-02-07,2026-02-07
SHP-ORD-06181,ORD-06181,DHL,2026-02-02,2026-02-07,2026-02-07
SHP-ORD-06182,ORD-06182,FedEx,2026-02-03,2026-02-08,2026-02-09
SHP-ORD-06183,ORD-06183,Carrier B,2026-02-03,2026-02-08,2026-02-20
SHP-ORD-06184,ORD-06184,Carrier B,2026-02-03,2026-02-08,2026-02-10
SHP-ORD-06185,ORD-06185,Carrier B,2026-02-03,2026-02-08,2026-02-10
SHP-ORD-06186,ORD-06186,FedEx,2026-02-03,2026-02-08,2026-02-09
SHP-ORD-06187,ORD-06187,DHL,2026-02-03,2026-02-08,2026-02-08
SHP-ORD-06188,ORD-06188,FedEx,2026-02-03,2026-02-08,2026-02-09
SHP-ORD-06189,ORD-06189,FedEx,2026-02-03,2026-02-08,2026-02-08
SHP-ORD-06190,ORD-06190,DHL,2026-02-03,2026-02-08,2026-02-10
SHP-ORD-06191,ORD-06191,Carrier B,2026-02-03,2026-02-08,2026-02-08
SHP-ORD-06192,ORD-06192,DHL,2026-02-03,2026-02-08,2026-02-08
SHP-ORD-06193,ORD-06193,Carrier B,2026-02-03,2026-02-08,2026-02-10
SHP-ORD-06194,ORD-06194,FedEx,2026-02-03,2026-02-08,2026-02-10
SHP-ORD-06195,ORD-06195,FedEx,2026-02-03,2026-02-08,2026-02-09
SHP-ORD-06196,ORD-06196,DHL,2026-02-03,2026-02-08,2026-02-10
SHP-ORD-06197,ORD-06197,FedEx,2026-02-03,2026-02-08,2026-02-10
SHP-ORD-06198,ORD-06198,Carrier B,2026-02-03,2026-02-08,2026-02-08
SHP-ORD-06199,ORD-06199,FedEx,2026-02-03,2026-02-08,2026-02-09
SHP-ORD-06200,ORD-06200,DHL,2026-02-03,2026-02-08,2026-02-08
SHP-ORD-06201,ORD-06201,DHL,2026-02-03,2026-02-08,2026-02-09
SHP-ORD-06202,ORD-06202,FedEx,2026-02-03,2026-02-08,2026-02-08
SHP-ORD-06203,ORD-06203,Carrier B,2026-02-03,2026-02-08,2026-02-09
SHP-ORD-06204,ORD-06204,DHL,2026-02-03,2026-02-08,2026-02-08
SHP-ORD-06205,ORD-06205,DHL,2026-02-04,2026-02-09,2026-02-09
SHP-ORD-06206,ORD-06206,Carrier B,2026-02-04,2026-02-09,2026-02-11
SHP-ORD-06207,ORD-06207,FedEx,2026-02-04,2026-02-09,2026-02-10
SHP-ORD-06208,ORD-06208,Carrier B,2026-02-04,2026-02-09,2026-02-10
SHP-ORD-06209,ORD-06209,FedEx,2026-02-04,2026-02-09,2026-02-10
SHP-ORD-06210,ORD-06210,FedEx,2026-02-04,2026-02-09,2026-02-09
SHP-ORD-06211,ORD-06211,Carrier B,2026-02-04,2026-02-09,2026-02-09
SHP-ORD-06212,ORD-06212,Carrier B,2026-02-04,2026-02-09,2026-02-09
SHP-ORD-06213,ORD-06213,FedEx,2026-02-04,2026-02-09,2026-02-10
SHP-ORD-06214,ORD-06214,DHL,2026-02-04,2026-02-09,2026-02-11
SHP-ORD-06215,ORD-06215,Carrier B,2026-02-04,2026-02-09,2026-02-11
SHP-ORD-06216,ORD-06216,FedEx,2026-02-04,2026-02-09,2026-02-11
SHP-ORD-06217,ORD-06217,FedEx,2026-02-04,2026-02-09,2026-02-11
SHP-ORD-06218,ORD-06218,DHL,2026-02-04,2026-02-09,2026-02-09
SHP-ORD-06219,ORD-06219,FedEx,2026-02-04,2026-02-09,2026-02-09
SHP-ORD-06220,ORD-06220,FedEx,2026-02-04,2026-02-09,2026-02-11
SHP-ORD-06221,ORD-06221,Carrier B,2026-02-04,2026-02-09,2026-02-09
SHP-ORD-06222,ORD-06222,FedEx,2026-02-05,2026-02-10,2026-02-12
SHP-ORD-06223,ORD-06223,Carrier B,2026-02-05,2026-02-10,2026-02-10
SHP-ORD-06224,ORD-06224,DHL,2026-02-05,2026-02-10,2026-02-10
SHP-ORD-06225,ORD-06225,DHL,2026-02-05,2026-02-10,2026-02-11
SHP-ORD-06226,ORD-06226,DHL,2026-02-05,2026-02-10,2026-02-12
SHP-ORD-06227,ORD-06227,DHL,2026-02-05,2026-02-10,2026-02-10
SHP-ORD-06228,ORD-06228,FedEx,2026-02-05,2026-02-10,2026-02-12
SHP-ORD-06229,ORD-06229,FedEx,2026-02-05,2026-02-10,2026-02-10
SHP-ORD-06230,ORD-06230,DHL,2026-02-05,2026-02-10,2026-02-10
SHP-ORD-06231,ORD-06231,FedEx,2026-02-05,2026-02-10,2026-02-12
SHP-ORD-06232,ORD-06232,FedEx,2026-02-05,2026-02-10,2026-02-11
SHP-ORD-06233,ORD-06233,Carrier B,2026-02-05,2026-02-10,2026-02-12
SHP-ORD-06234,ORD-06234,Carrier B,2026-02-05,2026-02-10,2026-02-11
SHP-ORD-06235,ORD-06235,FedEx,2026-02-05,2026-02-10,2026-02-10
SHP-ORD-06236,ORD-06236,FedEx,2026-02-05,2026-02-10,2026-02-11
SHP-ORD-06237,ORD-06237,DHL,2026-02-05,2026-02-10,2026-02-11
SHP-ORD-06238,ORD-06238,Carrier B,2026-02-05,2026-02-10,2026-02-10
SHP-ORD-06239,ORD-06239,FedEx,2026-02-05,2026-02-10,2026-02-11
SHP-ORD-06240,ORD-06240,FedEx,2026-02-05,2026-02-10,2026-02-10
SHP-ORD-06241,ORD-06241,Carrier B,2026-02-05,2026-02-10,2026-02-11
SHP-ORD-06242,ORD-06242,Carrier B,2026-02-05,2026-02-10,2026-02-11
SHP-ORD-06243,ORD-06243,DHL,2026-02-05,2026-02-10,2026-02-10
SHP-ORD-06244,ORD-06244,FedEx,2026-02-05,2026-02-10,2026-02-10
SHP-ORD-06245,ORD-06245,DHL,2026-02-05,2026-02-10,2026-02-12
SHP-ORD-06246,ORD-06246,DHL,2026-02-05,2026-02-10,2026-02-12
SHP-ORD-06247,ORD-06247,FedEx,2026-02-05,2026-02-10,2026-02-11
SHP-ORD-06248,ORD-06248,FedEx,2026-02-05,2026-02-10,2026-02-11
SHP-ORD-06249,ORD-06249,FedEx,2026-02-05,2026-02-10,2026-02-11
SHP-ORD-06250,ORD-06250,DHL,2026-02-05,2026-02-10,2026-02-12
SHP-ORD-06251,ORD-06251,DHL,2026-02-06,2026-02-11,2026-02-11
SHP-ORD-06252,ORD-06252,Carrier B,2026-02-06,2026-02-11,2026-02-13
SHP-ORD-06253,ORD-06253,DHL,2026-02-06,2026-02-11,2026-02-11
SHP-ORD-06254,ORD-06254,Carrier B,2026-02-06,2026-02-11,2026-02-12
SHP-ORD-06255,ORD-06255,Carrier B,2026-02-06,2026-02-11,2026-02-13
SHP-ORD-06256,ORD-06256,FedEx,2026-02-06,2026-02-11,2026-02-13
SHP-ORD-06257,ORD-06257,FedEx,2026-02-06,2026-02-11,2026-02-12
SHP-ORD-06258,ORD-06258,DHL,2026-02-06,2026-02-11,2026-02-13
SHP-ORD-06259,ORD-06259,FedEx,2026-02-06,2026-02-11,2026-02-13
SHP-ORD-06260,ORD-06260,Carrier B,2026-02-06,2026-02-11,2026-02-23
SHP-ORD-06261,ORD-06261,FedEx,2026-02-06,2026-02-11,2026-02-11
SHP-ORD-06262,ORD-06262,FedEx,2026-02-06,2026-02-11,2026-02-13
SHP-ORD-06263,ORD-06263,DHL,2026-02-06,2026-02-11,2026-02-13
SHP-ORD-06264,ORD-06264,DHL,2026-02-06,2026-02-11,2026-02-12
SHP-ORD-06265,ORD-06265,DHL,2026-02-06,2026-02-11,2026-02-12
SHP-ORD-06266,ORD-06266,DHL,2026-02-06,2026-02-11,2026-02-11
SHP-ORD-06267,ORD-06267,FedEx,2026-02-06,2026-02-11,2026-02-12
SHP-ORD-06268,ORD-06268,FedEx,2026-02-06,2026-02-11,2026-02-13
SHP-ORD-06269,ORD-06269,Carrier B,2026-02-06,2026-02-11,2026-02-11
SHP-ORD-06270,ORD-06270,FedEx,2026-02-06,2026-02-11,2026-02-12
SHP-ORD-06271,ORD-06271,FedEx,2026-02-06,2026-02-11,2026-02-11
SHP-ORD-06272,ORD-06272,DHL,2026-02-06,2026-02-11,2026-02-13
SHP-ORD-06273,ORD-06273,FedEx,2026-02-06,2026-02-11,2026-02-11
SHP-ORD-06274,ORD-06274,DHL,2026-02-06,2026-02-11,2026-02-13
SHP-ORD-06275,ORD-06275,DHL,2026-02-06,2026-02-11,2026-02-11
SHP-ORD-06276,ORD-06276,DHL,2026-02-06,2026-02-11,2026-02-13
SHP-ORD-06277,ORD-06277,DHL,2026-02-06,2026-02-11,2026-02-11
SHP-ORD-06278,ORD-06278,FedEx,2026-02-07,2026-02-12,2026-02-13
SHP-ORD-06279,ORD-06279,DHL,2026-02-07,2026-02-12,2026-02-13
SHP-ORD-06280,ORD-06280,FedEx,2026-02-07,2026-02-12,2026-02-13
SHP-ORD-06281,ORD-06281,FedEx,2026-02-07,2026-02-12,2026-02-13
SHP-ORD-06282,ORD-06282,DHL,2026-02-07,2026-02-12,2026-02-13
SHP-ORD-06283,ORD-06283,FedEx,2026-02-07,2026-02-12,2026-02-14
SHP-ORD-06284,ORD-06284,DHL,2026-02-07,2026-02-12,2026-02-13
SHP-ORD-06285,ORD-06285,DHL,2026-02-07,2026-02-12,2026-02-13
SHP-ORD-06286,ORD-06286,Carrier B,2026-02-07,2026-02-12,2026-02-14
SHP-ORD-06287,ORD-06287,DHL,2026-02-07,2026-02-12,2026-02-14
SHP-ORD-06288,ORD-06288,FedEx,2026-02-07,2026-02-12,2026-02-13
SHP-ORD-06289,ORD-06289,FedEx,2026-02-07,2026-02-12,2026-02-13
SHP-ORD-06290,ORD-06290,FedEx,2026-02-07,2026-02-12,2026-02-13
SHP-ORD-06291,ORD-06291,FedEx,2026-02-07,2026-02-12,2026-02-14
SHP-ORD-06292,ORD-06292,FedEx,2026-02-07,2026-02-12,2026-02-13
SHP-ORD-06293,ORD-06293,FedEx,2026-02-07,2026-02-12,2026-02-13
SHP-ORD-06294,ORD-06294,DHL,2026-02-08,2026-02-13,2026-02-15
SHP-ORD-06295,ORD-06295,DHL,2026-02-08,2026-02-13,2026-02-15
SHP-ORD-06296,ORD-06296,DHL,2026-02-08,2026-02-13,2026-02-15
SHP-ORD-06297,ORD-06297,DHL,2026-02-08,2026-02-13,2026-02-15
SHP-ORD-06298,ORD-06298,DHL,2026-02-08,2026-02-13,2026-02-15
SHP-ORD-06299,ORD-06299,DHL,2026-02-08,2026-02-13,2026-02-15
SHP-ORD-06300,ORD-06300,DHL,2026-02-08,2026-02-13,2026-02-15
SHP-ORD-06301,ORD-06301,FedEx,2026-02-08,2026-02-13,2026-02-15
SHP-ORD-06302,ORD-06302,DHL,2026-02-08,2026-02-13,2026-02-15
SHP-ORD-06303,ORD-06303,DHL,2026-02-08,2026-02-13,2026-02-13
SHP-ORD-06304,ORD-06304,FedEx,2026-02-08,2026-02-13,2026-02-14
SHP-ORD-06305,ORD-06305,FedEx,2026-02-08,2026-02-13,2026-02-14
SHP-ORD-06306,ORD-06306,FedEx,2026-02-08,2026-02-13,2026-02-13
SHP-ORD-06307,ORD-06307,DHL,2026-02-08,2026-02-13,2026-02-15
SHP-ORD-06308,ORD-06308,DHL,2026-02-08,2026-02-13,2026-02-14
SHP-ORD-06309,ORD-06309,FedEx,2026-02-08,2026-02-13,2026-02-14
SHP-ORD-06310,ORD-06310,FedEx,2026-02-08,2026-02-13,2026-02-15
SHP-ORD-06311,ORD-06311,Carrier B,2026-02-08,2026-02-13,2026-02-15
SHP-ORD-06312,ORD-06312,FedEx,2026-02-08,2026-02-13,2026-02-15
SHP-ORD-06313,ORD-06313,FedEx,2026-02-08,2026-02-13,2026-02-15
SHP-ORD-06314,ORD-06314,FedEx,2026-02-08,2026-02-13,2026-02-13
SHP-ORD-06315,ORD-06315,DHL,2026-02-08,2026-02-13,2026-02-14
SHP-ORD-06316,ORD-06316,DHL,2026-02-08,2026-02-13,2026-02-15
SHP-ORD-06317,ORD-06317,DHL,2026-02-08,2026-02-13,2026-02-14
SHP-ORD-06318,ORD-06318,Carrier B,2026-02-08,2026-02-13,2026-02-14
SHP-ORD-06319,ORD-06319,DHL,2026-02-08,2026-02-13,2026-02-14
SHP-ORD-06320,ORD-06320,FedEx,2026-02-08,2026-02-13,2026-02-15
SHP-ORD-06321,ORD-06321,DHL,2026-02-08,2026-02-13,2026-02-15
SHP-ORD-06322,ORD-06322,FedEx,2026-02-09,2026-02-14,2026-02-14
SHP-ORD-06323,ORD-06323,DHL,2026-02-09,2026-02-14,2026-02-15
SHP-ORD-06324,ORD-06324,FedEx,2026-02-09,2026-02-14,2026-02-15
SHP-ORD-06325,ORD-06325,DHL,2026-02-09,2026-02-14,2026-02-14
SHP-ORD-06326,ORD-06326,FedEx,2026-02-09,2026-02-14,2026-02-16
SHP-ORD-06327,ORD-06327,Carrier B,2026-02-09,2026-02-14,2026-02-14
SHP-ORD-06328,ORD-06328,FedEx,2026-02-09,2026-02-14,2026-02-15
SHP-ORD-06329,ORD-06329,DHL,2026-02-09,2026-02-14,2026-02-15
SHP-ORD-06330,ORD-06330,FedEx,2026-02-09,2026-02-14,2026-02-14
SHP-ORD-06331,ORD-06331,Carrier B,2026-02-09,2026-02-14,2026-02-15
SHP-ORD-06332,ORD-06332,DHL,2026-02-09,2026-02-14,2026-02-16
SHP-ORD-06333,ORD-06333,FedEx,2026-02-09,2026-02-14,2026-02-16
SHP-ORD-06334,ORD-06334,Carrier B,2026-02-09,2026-02-14,2026-02-15
SHP-ORD-06335,ORD-06335,FedEx,2026-02-09,2026-02-14,2026-02-15
SHP-ORD-06336,ORD-06336,DHL,2026-02-09,2026-02-14,2026-02-15
SHP-ORD-06337,ORD-06337,DHL,2026-02-09,2026-02-14,2026-02-16
SHP-ORD-06338,ORD-06338,FedEx,2026-02-09,2026-02-14,2026-02-15
SHP-ORD-06339,ORD-06339,Carrier B,2026-02-09,2026-02-14,2026-02-16
SHP-ORD-06340,ORD-06340,FedEx,2026-02-09,2026-02-14,2026-02-16
SHP-ORD-06341,ORD-06341,FedEx,2026-02-10,2026-02-15,2026-02-15
SHP-ORD-06342,ORD-06342,Carrier B,2026-02-10,2026-02-15,2026-02-17
SHP-ORD-06343,ORD-06343,DHL,2026-02-10,2026-02-15,2026-02-15
SHP-ORD-06344,ORD-06344,FedEx,2026-02-10,2026-02-15,2026-02-17
SHP-ORD-06345,ORD-06345,Carrier B,2026-02-10,2026-02-15,2026-02-27
SHP-ORD-06346,ORD-06346,DHL,2026-02-10,2026-02-15,2026-02-15
SHP-ORD-06347,ORD-06347,FedEx,2026-02-10,2026-02-15,2026-02-17
SHP-ORD-06348,ORD-06348,Carrier B,2026-02-10,2026-02-15,2026-02-17
SHP-ORD-06349,ORD-06349,DHL,2026-02-10,2026-02-15,2026-02-16
SHP-ORD-06350,ORD-06350,FedEx,2026-02-10,2026-02-15,2026-02-17
SHP-ORD-06351,ORD-06351,FedEx,2026-02-10,2026-02-15,2026-02-17
SHP-ORD-06352,ORD-06352,DHL,2026-02-10,2026-02-15,2026-02-17
SHP-ORD-06353,ORD-06353,FedEx,2026-02-10,2026-02-15,2026-02-16
SHP-ORD-06354,ORD-06354,DHL,2026-02-10,2026-02-15,2026-02-15
SHP-ORD-06355,ORD-06355,Carrier B,2026-02-10,2026-02-15,2026-02-16
SHP-ORD-06356,ORD-06356,DHL,2026-02-10,2026-02-15,2026-02-17
SHP-ORD-06357,ORD-06357,DHL,2026-02-10,2026-02-15,2026-02-17
SHP-ORD-06358,ORD-06358,FedEx,2026-02-11,2026-02-16,2026-02-16
SHP-ORD-06359,ORD-06359,DHL,2026-02-11,2026-02-16,2026-02-16
SHP-ORD-06360,ORD-06360,DHL,2026-02-11,2026-02-16,2026-02-18
SHP-ORD-06361,ORD-06361,DHL,2026-02-11,2026-02-16,2026-02-18
SHP-ORD-06362,ORD-06362,FedEx,2026-02-11,2026-02-16,2026-02-17
SHP-ORD-06363,ORD-06363,Carrier B,2026-02-11,2026-02-16,2026-02-18
SHP-ORD-06364,ORD-06364,FedEx,2026-02-11,2026-02-16,2026-02-16
SHP-ORD-06365,ORD-06365,DHL,2026-02-11,2026-02-16,2026-02-16
SHP-ORD-06366,ORD-06366,DHL,2026-02-11,2026-02-16,2026-02-18
SHP-ORD-06367,ORD-06367,DHL,2026-02-11,2026-02-16,2026-02-18
SHP-ORD-06368,ORD-06368,FedEx,2026-02-11,2026-02-16,2026-02-17
SHP-ORD-06369,ORD-06369,DHL,2026-02-11,2026-02-16,2026-02-16
SHP-ORD-06370,ORD-06370,FedEx,2026-02-11,2026-02-16,2026-02-18
SHP-ORD-06371,ORD-06371,DHL,2026-02-11,2026-02-16,2026-02-17
SHP-ORD-06372,ORD-06372,FedEx,2026-02-11,2026-02-16,2026-02-17
SHP-ORD-06373,ORD-06373,FedEx,2026-02-11,2026-02-16,2026-02-16
SHP-ORD-06374,ORD-06374,FedEx,2026-02-11,2026-02-16,2026-02-17
SHP-ORD-06375,ORD-06375,Carrier B,2026-02-11,2026-02-16,2026-02-17
SHP-ORD-06376,ORD-06376,DHL,2026-02-11,2026-02-16,2026-02-18
SHP-ORD-06377,ORD-06377,DHL,2026-02-11,2026-02-16,2026-02-17
SHP-ORD-06378,ORD-06378,DHL,2026-02-11,2026-02-16,2026-02-18
SHP-ORD-06379,ORD-06379,Carrier B,2026-02-11,2026-02-16,2026-02-17
SHP-ORD-06380,ORD-06380,FedEx,2026-02-11,2026-02-16,2026-02-18
SHP-ORD-06381,ORD-06381,DHL,2026-02-12,2026-02-17,2026-02-18
SHP-ORD-06382,ORD-06382,DHL,2026-02-12,2026-02-17,2026-02-17
SHP-ORD-06383,ORD-06383,FedEx,2026-02-12,2026-02-17,2026-02-18
SHP-ORD-06384,ORD-06384,FedEx,2026-02-12,2026-02-17,2026-02-19
SHP-ORD-06385,ORD-06385,FedEx,2026-02-12,2026-02-17,2026-02-17
SHP-ORD-06386,ORD-06386,FedEx,2026-02-12,2026-02-17,2026-02-18
SHP-ORD-06387,ORD-06387,Carrier B,2026-02-12,2026-02-17,2026-03-01
SHP-ORD-06388,ORD-06388,FedEx,2026-02-12,2026-02-17,2026-02-18
SHP-ORD-06389,ORD-06389,DHL,2026-02-12,2026-02-17,2026-02-19
SHP-ORD-06390,ORD-06390,FedEx,2026-02-12,2026-02-17,2026-02-18
SHP-ORD-06391,ORD-06391,FedEx,2026-02-12,2026-02-17,2026-02-17
SHP-ORD-06392,ORD-06392,Carrier B,2026-02-12,2026-02-17,2026-02-17
SHP-ORD-06393,ORD-06393,DHL,2026-02-12,2026-02-17,2026-02-17
SHP-ORD-06394,ORD-06394,FedEx,2026-02-12,2026-02-17,2026-02-18
SHP-ORD-06395,ORD-06395,DHL,2026-02-12,2026-02-17,2026-02-18
SHP-ORD-06396,ORD-06396,FedEx,2026-02-12,2026-02-17,2026-02-18
SHP-ORD-06397,ORD-06397,FedEx,2026-02-12,2026-02-17,2026-02-19
SHP-ORD-06398,ORD-06398,FedEx,2026-02-12,2026-02-17,2026-02-19
SHP-ORD-06399,ORD-06399,Carrier B,2026-02-12,2026-02-17,2026-02-18
SHP-ORD-06400,ORD-06400,DHL,2026-02-13,2026-02-18,2026-02-20
SHP-ORD-06401,ORD-06401,DHL,2026-02-13,2026-02-18,2026-02-20
SHP-ORD-06402,ORD-06402,Carrier B,2026-02-13,2026-02-18,2026-02-19
SHP-ORD-06403,ORD-06403,Carrier B,2026-02-13,2026-02-18,2026-02-18
SHP-ORD-06404,ORD-06404,DHL,2026-02-13,2026-02-18,2026-02-19
SHP-ORD-06405,ORD-06405,DHL,2026-02-13,2026-02-18,2026-02-18
SHP-ORD-06406,ORD-06406,FedEx,2026-02-13,2026-02-18,2026-02-19
SHP-ORD-06407,ORD-06407,FedEx,2026-02-13,2026-02-18,2026-02-20
SHP-ORD-06408,ORD-06408,DHL,2026-02-13,2026-02-18,2026-02-19
SHP-ORD-06409,ORD-06409,DHL,2026-02-13,2026-02-18,2026-02-20
SHP-ORD-06410,ORD-06410,Carrier B,2026-02-13,2026-02-18,2026-02-18
SHP-ORD-06411,ORD-06411,DHL,2026-02-13,2026-02-18,2026-02-19
SHP-ORD-06412,ORD-06412,DHL,2026-02-13,2026-02-18,2026-02-19
SHP-ORD-06413,ORD-06413,DHL,2026-02-13,2026-02-18,2026-02-19
SHP-ORD-06414,ORD-06414,FedEx,2026-02-13,2026-02-18,2026-02-19
SHP-ORD-06415,ORD-06415,DHL,2026-02-13,2026-02-18,2026-02-18
SHP-ORD-06416,ORD-06416,DHL,2026-02-13,2026-02-18,2026-02-18
SHP-ORD-06417,ORD-06417,DHL,2026-02-13,2026-02-18,2026-02-18
SHP-ORD-06418,ORD-06418,DHL,2026-02-13,2026-02-18,2026-02-18
SHP-ORD-06419,ORD-06419,FedEx,2026-02-13,2026-02-18,2026-02-19
SHP-ORD-06420,ORD-06420,DHL,2026-02-13,2026-02-18,2026-02-18
SHP-ORD-06421,ORD-06421,DHL,2026-02-13,2026-02-18,2026-02-18
SHP-ORD-06422,ORD-06422,DHL,2026-02-13,2026-02-18,2026-02-18
SHP-ORD-06423,ORD-06423,DHL,2026-02-14,2026-02-19,2026-02-20
SHP-ORD-06424,ORD-06424,FedEx,2026-02-14,2026-02-19,2026-02-19
SHP-ORD-06425,ORD-06425,FedEx,2026-02-14,2026-02-19,2026-02-21
SHP-ORD-06426,ORD-06426,FedEx,2026-02-14,2026-02-19,2026-02-21
SHP-ORD-06427,ORD-06427,DHL,2026-02-14,2026-02-19,2026-02-20
SHP-ORD-06428,ORD-06428,DHL,2026-02-14,2026-02-19,2026-02-19
SHP-ORD-06429,ORD-06429,Carrier B,2026-02-14,2026-02-19,2026-02-19
SHP-ORD-06430,ORD-06430,FedEx,2026-02-14,2026-02-19,2026-02-21
SHP-ORD-06431,ORD-06431,FedEx,2026-02-14,2026-02-19,2026-02-21
SHP-ORD-06432,ORD-06432,DHL,2026-02-14,2026-02-19,2026-02-20
SHP-ORD-06433,ORD-06433,DHL,2026-02-14,2026-02-19,2026-02-19
SHP-ORD-06434,ORD-06434,DHL,2026-02-14,2026-02-19,2026-02-19
SHP-ORD-06435,ORD-06435,Carrier B,2026-02-15,2026-02-20,2026-02-22
SHP-ORD-06436,ORD-06436,Carrier B,2026-02-15,2026-02-20,2026-02-22
SHP-ORD-06437,ORD-06437,FedEx,2026-02-15,2026-02-20,2026-02-20
SHP-ORD-06438,ORD-06438,Carrier B,2026-02-15,2026-02-20,2026-02-20
SHP-ORD-06439,ORD-06439,FedEx,2026-02-15,2026-02-20,2026-02-20
SHP-ORD-06440,ORD-06440,DHL,2026-02-15,2026-02-20,2026-02-21
SHP-ORD-06441,ORD-06441,DHL,2026-02-15,2026-02-20,2026-02-22
SHP-ORD-06442,ORD-06442,DHL,2026-02-15,2026-02-20,2026-02-22
SHP-ORD-06443,ORD-06443,FedEx,2026-02-15,2026-02-20,2026-02-21
SHP-ORD-06444,ORD-06444,FedEx,2026-02-15,2026-02-20,2026-02-21
SHP-ORD-06445,ORD-06445,DHL,2026-02-15,2026-02-20,2026-02-21
SHP-ORD-06446,ORD-06446,FedEx,2026-02-16,2026-02-21,2026-02-21
SHP-ORD-06447,ORD-06447,FedEx,2026-02-16,2026-02-21,2026-02-21
SHP-ORD-06448,ORD-06448,DHL,2026-02-16,2026-02-21,2026-02-21
SHP-ORD-06449,ORD-06449,DHL,2026-02-16,2026-02-21,2026-02-23
SHP-ORD-06450,ORD-06450,DHL,2026-02-16,2026-02-21,2026-02-23
SHP-ORD-06451,ORD-06451,FedEx,2026-02-16,2026-02-21,2026-02-23
SHP-ORD-06452,ORD-06452,Carrier B,2026-02-16,2026-02-21,2026-02-22
SHP-ORD-06453,ORD-06453,FedEx,2026-02-16,2026-02-21,2026-02-23
SHP-ORD-06454,ORD-06454,Carrier B,2026-02-16,2026-02-21,2026-02-22
SHP-ORD-06455,ORD-06455,DHL,2026-02-16,2026-02-21,2026-02-21
SHP-ORD-06456,ORD-06456,DHL,2026-02-16,2026-02-21,2026-02-21
SHP-ORD-06457,ORD-06457,Carrier B,2026-02-16,2026-02-21,2026-02-21
SHP-ORD-06458,ORD-06458,FedEx,2026-02-16,2026-02-21,2026-02-23
SHP-ORD-06459,ORD-06459,FedEx,2026-02-16,2026-02-21,2026-02-23
SHP-ORD-06460,ORD-06460,DHL,2026-02-16,2026-02-21,2026-02-22
SHP-ORD-06461,ORD-06461,FedEx,2026-02-16,2026-02-21,2026-02-21
SHP-ORD-06462,ORD-06462,DHL,2026-02-16,2026-02-21,2026-02-21
SHP-ORD-06463,ORD-06463,FedEx,2026-02-16,2026-02-21,2026-02-22
SHP-ORD-06464,ORD-06464,Carrier B,2026-02-16,2026-02-21,2026-02-21
SHP-ORD-06465,ORD-06465,DHL,2026-02-16,2026-02-21,2026-02-23
SHP-ORD-06466,ORD-06466,FedEx,2026-02-16,2026-02-21,2026-02-23
SHP-ORD-06467,ORD-06467,Carrier B,2026-02-16,2026-02-21,2026-02-21
SHP-ORD-06468,ORD-06468,FedEx,2026-02-16,2026-02-21,2026-02-21
SHP-ORD-06469,ORD-06469,FedEx,2026-02-17,2026-02-22,2026-02-22
SHP-ORD-06470,ORD-06470,FedEx,2026-02-17,2026-02-22,2026-02-24
SHP-ORD-06471,ORD-06471,DHL,2026-02-17,2026-02-22,2026-02-24
SHP-ORD-06472,ORD-06472,DHL,2026-02-17,2026-02-22,2026-02-24
SHP-ORD-06473,ORD-06473,DHL,2026-02-17,2026-02-22,2026-02-23
SHP-ORD-06474,ORD-06474,FedEx,2026-02-17,2026-02-22,2026-02-23
SHP-ORD-06475,ORD-06475,Carrier B,2026-02-17,2026-02-22,2026-02-22
SHP-ORD-06476,ORD-06476,DHL,2026-02-17,2026-02-22,2026-02-22
SHP-ORD-06477,ORD-06477,FedEx,2026-02-17,2026-02-22,2026-02-22
SHP-ORD-06478,ORD-06478,DHL,2026-02-18,2026-02-23,2026-02-24
SHP-ORD-06479,ORD-06479,DHL,2026-02-18,2026-02-23,2026-02-23
SHP-ORD-06480,ORD-06480,FedEx,2026-02-18,2026-02-23,2026-02-23
SHP-ORD-06481,ORD-06481,FedEx,2026-02-18,2026-02-23,2026-02-24
SHP-ORD-06482,ORD-06482,FedEx,2026-02-18,2026-02-23,2026-02-25
SHP-ORD-06483,ORD-06483,Carrier B,2026-02-18,2026-02-23,2026-02-23
SHP-ORD-06484,ORD-06484,DHL,2026-02-18,2026-02-23,2026-02-23
SHP-ORD-06485,ORD-06485,FedEx,2026-02-18,2026-02-23,2026-02-23
SHP-ORD-06486,ORD-06486,FedEx,2026-02-18,2026-02-23,2026-02-24
SHP-ORD-06487,ORD-06487,DHL,2026-02-18,2026-02-23,2026-02-23
SHP-ORD-06488,ORD-06488,DHL,2026-02-18,2026-02-23,2026-02-23
SHP-ORD-06489,ORD-06489,DHL,2026-02-18,2026-02-23,2026-02-23
SHP-ORD-06490,ORD-06490,Carrier B,2026-02-18,2026-02-23,2026-02-25
SHP-ORD-06491,ORD-06491,DHL,2026-02-18,2026-02-23,2026-02-24
SHP-ORD-06492,ORD-06492,DHL,2026-02-18,2026-02-23,2026-02-24
SHP-ORD-06493,ORD-06493,FedEx,2026-02-18,2026-02-23,2026-02-25
SHP-ORD-06494,ORD-06494,Carrier B,2026-02-18,2026-02-23,2026-02-25
SHP-ORD-06495,ORD-06495,FedEx,2026-02-18,2026-02-23,2026-02-24
SHP-ORD-06496,ORD-06496,FedEx,2026-02-18,2026-02-23,2026-02-24
SHP-ORD-06497,ORD-06497,DHL,2026-02-18,2026-02-23,2026-02-23
SHP-ORD-06498,ORD-06498,FedEx,2026-02-18,2026-02-23,2026-02-23
SHP-ORD-06499,ORD-06499,FedEx,2026-02-18,2026-02-23,2026-02-23
SHP-ORD-06500,ORD-06500,DHL,2026-02-19,2026-02-24,2026-02-24
SHP-ORD-06501,ORD-06501,FedEx,2026-02-19,2026-02-24,2026-02-25
SHP-ORD-06502,ORD-06502,FedEx,2026-02-19,2026-02-24,2026-02-26
SHP-ORD-06503,ORD-06503,DHL,2026-02-19,2026-02-24,2026-02-25
SHP-ORD-06504,ORD-06504,DHL,2026-02-19,2026-02-24,2026-02-25
SHP-ORD-06505,ORD-06505,FedEx,2026-02-19,2026-02-24,2026-02-24
SHP-ORD-06506,ORD-06506,Carrier B,2026-02-19,2026-02-24,2026-02-26
SHP-ORD-06507,ORD-06507,FedEx,2026-02-19,2026-02-24,2026-02-25
SHP-ORD-06508,ORD-06508,DHL,2026-02-19,2026-02-24,2026-02-26
SHP-ORD-06509,ORD-06509,FedEx,2026-02-19,2026-02-24,2026-02-25
SHP-ORD-06510,ORD-06510,DHL,2026-02-19,2026-02-24,2026-02-24
SHP-ORD-06511,ORD-06511,FedEx,2026-02-19,2026-02-24,2026-02-26
SHP-ORD-06512,ORD-06512,FedEx,2026-02-19,2026-02-24,2026-02-25
SHP-ORD-06513,ORD-06513,FedEx,2026-02-19,2026-02-24,2026-02-24
SHP-ORD-06514,ORD-06514,DHL,2026-02-19,2026-02-24,2026-02-26
SHP-ORD-06515,ORD-06515,DHL,2026-02-19,2026-02-24,2026-02-25
SHP-ORD-06516,ORD-06516,FedEx,2026-02-19,2026-02-24,2026-02-25
SHP-ORD-06517,ORD-06517,Carrier B,2026-02-19,2026-02-24,2026-02-26
SHP-ORD-06518,ORD-06518,FedEx,2026-02-19,2026-02-24,2026-02-25
SHP-ORD-06519,ORD-06519,DHL,2026-02-19,2026-02-24,2026-02-25
SHP-ORD-06520,ORD-06520,FedEx,2026-02-19,2026-02-24,2026-02-24
SHP-ORD-06521,ORD-06521,DHL,2026-02-19,2026-02-24,2026-02-25
SHP-ORD-06522,ORD-06522,DHL,2026-02-19,2026-02-24,2026-02-26
SHP-ORD-06523,ORD-06523,DHL,2026-02-19,2026-02-24,2026-02-26
SHP-ORD-06524,ORD-06524,FedEx,2026-02-20,2026-02-25,2026-02-26
SHP-ORD-06525,ORD-06525,FedEx,2026-02-20,2026-02-25,2026-02-26
SHP-ORD-06526,ORD-06526,DHL,2026-02-20,2026-02-25,2026-02-27
SHP-ORD-06527,ORD-06527,FedEx,2026-02-20,2026-02-25,2026-02-25
SHP-ORD-06528,ORD-06528,FedEx,2026-02-20,2026-02-25,2026-02-26
SHP-ORD-06529,ORD-06529,FedEx,2026-02-20,2026-02-25,2026-02-25
SHP-ORD-06530,ORD-06530,FedEx,2026-02-20,2026-02-25,2026-02-27
SHP-ORD-06531,ORD-06531,FedEx,2026-02-20,2026-02-25,2026-02-25
SHP-ORD-06532,ORD-06532,Carrier B,2026-02-20,2026-02-25,2026-02-27
SHP-ORD-06533,ORD-06533,DHL,2026-02-20,2026-02-25,2026-02-27
SHP-ORD-06534,ORD-06534,DHL,2026-02-20,2026-02-25,2026-02-27
SHP-ORD-06535,ORD-06535,FedEx,2026-02-20,2026-02-25,2026-02-26
SHP-ORD-06536,ORD-06536,DHL,2026-02-20,2026-02-25,2026-02-25
SHP-ORD-06537,ORD-06537,DHL,2026-02-20,2026-02-25,2026-02-26
SHP-ORD-06538,ORD-06538,DHL,2026-02-20,2026-02-25,2026-02-25
SHP-ORD-06539,ORD-06539,FedEx,2026-02-20,2026-02-25,2026-02-25
SHP-ORD-06540,ORD-06540,Carrier B,2026-02-20,2026-02-25,2026-02-26
SHP-ORD-06541,ORD-06541,DHL,2026-02-20,2026-02-25,2026-02-26
SHP-ORD-06542,ORD-06542,Carrier B,2026-02-20,2026-02-25,2026-02-26
SHP-ORD-06543,ORD-06543,FedEx,2026-02-20,2026-02-25,2026-02-26
SHP-ORD-06544,ORD-06544,FedEx,2026-02-20,2026-02-25,2026-02-25
SHP-ORD-06545,ORD-06545,FedEx,2026-02-20,2026-02-25,2026-02-27
SHP-ORD-06546,ORD-06546,DHL,2026-02-20,2026-02-25,2026-02-26
SHP-ORD-06547,ORD-06547,FedEx,2026-02-20,2026-02-25,2026-02-25
SHP-ORD-06548,ORD-06548,Carrier B,2026-02-20,2026-02-25,2026-02-26
SHP-ORD-06549,ORD-06549,Carrier B,2026-02-20,2026-02-25,2026-02-27
SHP-ORD-06550,ORD-06550,DHL,2026-02-21,2026-02-26,2026-02-27
SHP-ORD-06551,ORD-06551,DHL,2026-02-21,2026-02-26,2026-02-26
SHP-ORD-06552,ORD-06552,DHL,2026-02-21,2026-02-26,2026-02-28
SHP-ORD-06553,ORD-06553,DHL,2026-02-21,2026-02-26,2026-02-28
SHP-ORD-06554,ORD-06554,FedEx,2026-02-21,2026-02-26,2026-02-26
SHP-ORD-06555,ORD-06555,DHL,2026-02-21,2026-02-26,2026-02-28
SHP-ORD-06556,ORD-06556,Carrier B,2026-02-21,2026-02-26,2026-02-28
SHP-ORD-06557,ORD-06557,FedEx,2026-02-21,2026-02-26,2026-02-26
SHP-ORD-06558,ORD-06558,Carrier B,2026-02-21,2026-02-26,2026-02-27
SHP-ORD-06559,ORD-06559,FedEx,2026-02-21,2026-02-26,2026-02-28
SHP-ORD-06560,ORD-06560,FedEx,2026-02-21,2026-02-26,2026-02-26
SHP-ORD-06561,ORD-06561,FedEx,2026-02-21,2026-02-26,2026-02-27
SHP-ORD-06562,ORD-06562,FedEx,2026-02-22,2026-02-27,2026-03-01
SHP-ORD-06563,ORD-06563,Carrier B,2026-02-22,2026-02-27,2026-02-28
SHP-ORD-06564,ORD-06564,Carrier B,2026-02-22,2026-02-27,2026-02-28
SHP-ORD-06565,ORD-06565,DHL,2026-02-22,2026-02-27,2026-02-28
SHP-ORD-06566,ORD-06566,Carrier B,2026-02-22,2026-02-27,2026-02-27
SHP-ORD-06567,ORD-06567,FedEx,2026-02-22,2026-02-27,2026-02-28
SHP-ORD-06568,ORD-06568,FedEx,2026-02-22,2026-02-27,2026-02-28
SHP-ORD-06569,ORD-06569,DHL,2026-02-22,2026-02-27,2026-03-01
SHP-ORD-06570,ORD-06570,Carrier B,2026-02-22,2026-02-27,2026-02-28
SHP-ORD-06571,ORD-06571,FedEx,2026-02-22,2026-02-27,2026-02-28
SHP-ORD-06572,ORD-06572,Carrier B,2026-02-22,2026-02-27,2026-02-27
SHP-ORD-06573,ORD-06573,DHL,2026-02-22,2026-02-27,2026-02-28
SHP-ORD-06574,ORD-06574,Carrier B,2026-02-22,2026-02-27,2026-02-28
SHP-ORD-06575,ORD-06575,FedEx,2026-02-22,2026-02-27,2026-02-28
SHP-ORD-06576,ORD-06576,DHL,2026-02-22,2026-02-27,2026-02-27
SHP-ORD-06577,ORD-06577,DHL,2026-02-22,2026-02-27,2026-02-28
SHP-ORD-06578,ORD-06578,DHL,2026-02-22,2026-02-27,2026-02-28
SHP-ORD-06579,ORD-06579,FedEx,2026-02-22,2026-02-27,2026-02-28
SHP-ORD-06580,ORD-06580,Carrier B,2026-02-22,2026-02-27,2026-02-28
SHP-ORD-06581,ORD-06581,Carrier B,2026-02-22,2026-02-27,2026-02-27
SHP-ORD-06582,ORD-06582,FedEx,2026-02-22,2026-02-27,2026-02-27
SHP-ORD-06583,ORD-06583,FedEx,2026-02-22,2026-02-27,2026-02-27
SHP-ORD-06584,ORD-06584,DHL,2026-02-22,2026-02-27,2026-03-01
SHP-ORD-06585,ORD-06585,DHL,2026-02-22,2026-02-27,2026-03-01
SHP-ORD-06586,ORD-06586,DHL,2026-02-22,2026-02-27,2026-03-01
SHP-ORD-06587,ORD-06587,FedEx,2026-02-22,2026-02-27,2026-03-01
SHP-ORD-06588,ORD-06588,DHL,2026-02-22,2026-02-27,2026-03-01
SHP-ORD-06589,ORD-06589,DHL,2026-02-23,2026-02-28,2026-02-28
SHP-ORD-06590,ORD-06590,FedEx,2026-02-23,2026-02-28,2026-02-28
SHP-ORD-06591,ORD-06591,DHL,2026-02-23,2026-02-28,2026-03-01
SHP-ORD-06592,ORD-06592,FedEx,2026-02-23,2026-02-28,2026-03-01
SHP-ORD-06593,ORD-06593,FedEx,2026-02-23,2026-02-28,2026-02-28
SHP-ORD-06594,ORD-06594,DHL,2026-02-23,2026-02-28,2026-02-28
SHP-ORD-06595,ORD-06595,Carrier B,2026-02-23,2026-02-28,2026-02-28
SHP-ORD-06596,ORD-06596,FedEx,2026-02-23,2026-02-28,2026-03-02
SHP-ORD-06597,ORD-06597,FedEx,2026-02-23,2026-02-28,2026-02-28
SHP-ORD-06598,ORD-06598,FedEx,2026-02-23,2026-02-28,2026-02-28
SHP-ORD-06599,ORD-06599,FedEx,2026-02-23,2026-02-28,2026-03-02
SHP-ORD-06600,ORD-06600,DHL,2026-02-23,2026-02-28,2026-03-02
SHP-ORD-06601,ORD-06601,DHL,2026-02-23,2026-02-28,2026-03-02
SHP-ORD-06602,ORD-06602,FedEx,2026-02-23,2026-02-28,2026-02-28
SHP-ORD-06603,ORD-06603,Carrier B,2026-02-23,2026-02-28,2026-03-01
SHP-ORD-06604,ORD-06604,FedEx,2026-02-23,2026-02-28,2026-02-28
SHP-ORD-06605,ORD-06605,Carrier B,2026-02-23,2026-02-28,2026-03-02
SHP-ORD-06606,ORD-06606,Carrier B,2026-02-23,2026-02-28,2026-03-01
SHP-ORD-06607,ORD-06607,DHL,2026-02-24,2026-03-01,2026-03-02
SHP-ORD-06608,ORD-06608,FedEx,2026-02-24,2026-03-01,2026-03-01
SHP-ORD-06609,ORD-06609,DHL,2026-02-24,2026-03-01,2026-03-02
SHP-ORD-06610,ORD-06610,DHL,2026-02-24,2026-03-01,2026-03-01
SHP-ORD-06611,ORD-06611,Carrier B,2026-02-24,2026-03-01,2026-03-02
SHP-ORD-06612,ORD-06612,DHL,2026-02-24,2026-03-01,2026-03-02
SHP-ORD-06613,ORD-06613,DHL,2026-02-24,2026-03-01,2026-03-01
SHP-ORD-06614,ORD-06614,Carrier B,2026-02-24,2026-03-01,2026-03-01
SHP-ORD-06615,ORD-06615,Carrier B,2026-02-24,2026-03-01,2026-03-02
SHP-ORD-06616,ORD-06616,DHL,2026-02-24,2026-03-01,2026-03-02
SHP-ORD-06617,ORD-06617,Carrier B,2026-02-24,2026-03-01,2026-03-01
SHP-ORD-06618,ORD-06618,DHL,2026-02-24,2026-03-01,2026-03-03
SHP-ORD-06619,ORD-06619,DHL,2026-02-24,2026-03-01,2026-03-01
SHP-ORD-06620,ORD-06620,DHL,2026-02-24,2026-03-01,2026-03-01
SHP-ORD-06621,ORD-06621,DHL,2026-02-24,2026-03-01,2026-03-01
SHP-ORD-06622,ORD-06622,FedEx,2026-02-24,2026-03-01,2026-03-03
SHP-ORD-06623,ORD-06623,DHL,2026-02-24,2026-03-01,2026-03-01
SHP-ORD-06624,ORD-06624,DHL,2026-02-24,2026-03-01,2026-03-03
SHP-ORD-06625,ORD-06625,FedEx,2026-02-24,2026-03-01,2026-03-03
SHP-ORD-06626,ORD-06626,FedEx,2026-02-24,2026-03-01,2026-03-03
SHP-ORD-06627,ORD-06627,DHL,2026-02-24,2026-03-01,2026-03-01
SHP-ORD-06628,ORD-06628,DHL,2026-02-24,2026-03-01,2026-03-02
SHP-ORD-06629,ORD-06629,FedEx,2026-02-24,2026-03-01,2026-03-03
SHP-ORD-06630,ORD-06630,Carrier B,2026-02-24,2026-03-01,2026-03-02
SHP-ORD-06631,ORD-06631,Carrier B,2026-02-24,2026-03-01,2026-03-02
SHP-ORD-06632,ORD-06632,DHL,2026-02-25,2026-03-02,2026-03-02
SHP-ORD-06633,ORD-06633,FedEx,2026-02-25,2026-03-02,2026-03-02
SHP-ORD-06634,ORD-06634,Carrier B,2026-02-25,2026-03-02,2026-03-02
SHP-ORD-06635,ORD-06635,Carrier B,2026-02-25,2026-03-02,2026-03-02
SHP-ORD-06636,ORD-06636,FedEx,2026-02-25,2026-03-02,2026-03-04
SHP-ORD-06637,ORD-06637,FedEx,2026-02-25,2026-03-02,2026-03-04
SHP-ORD-06638,ORD-06638,DHL,2026-02-25,2026-03-02,2026-03-02
SHP-ORD-06639,ORD-06639,DHL,2026-02-25,2026-03-02,2026-03-02
SHP-ORD-06640,ORD-06640,FedEx,2026-02-25,2026-03-02,2026-03-02
SHP-ORD-06641,ORD-06641,DHL,2026-02-25,2026-03-02,2026-03-03
SHP-ORD-06642,ORD-06642,DHL,2026-02-25,2026-03-02,2026-03-02
SHP-ORD-06643,ORD-06643,Carrier B,2026-02-25,2026-03-02,2026-03-04
SHP-ORD-06644,ORD-06644,DHL,2026-02-25,2026-03-02,2026-03-02
SHP-ORD-06645,ORD-06645,DHL,2026-02-25,2026-03-02,2026-03-03
SHP-ORD-06646,ORD-06646,Carrier B,2026-02-25,2026-03-02,2026-03-04
SHP-ORD-06647,ORD-06647,FedEx,2026-02-25,2026-03-02,2026-03-03
SHP-ORD-06648,ORD-06648,FedEx,2026-02-25,2026-03-02,2026-03-04
SHP-ORD-06649,ORD-06649,DHL,2026-02-25,2026-03-02,2026-03-02
SHP-ORD-06650,ORD-06650,FedEx,2026-02-25,2026-03-02,2026-03-02
SHP-ORD-06651,ORD-06651,Carrier B,2026-02-25,2026-03-02,2026-03-04
SHP-ORD-06652,ORD-06652,FedEx,2026-02-25,2026-03-02,2026-03-02
SHP-ORD-06653,ORD-06653,FedEx,2026-02-25,2026-03-02,2026-03-02
SHP-ORD-06654,ORD-06654,Carrier B,2026-02-26,2026-03-03,2026-03-03
SHP-ORD-06655,ORD-06655,DHL,2026-02-26,2026-03-03,2026-03-04
SHP-ORD-06656,ORD-06656,DHL,2026-02-26,2026-03-03,2026-03-03
SHP-ORD-06657,ORD-06657,FedEx,2026-02-26,2026-03-03,2026-03-04
SHP-ORD-06658,ORD-06658,FedEx,2026-02-26,2026-03-03,2026-03-05
SHP-ORD-06659,ORD-06659,Carrier B,2026-02-26,2026-03-03,2026-03-03
SHP-ORD-06660,ORD-06660,FedEx,2026-02-26,2026-03-03,2026-03-05
SHP-ORD-06661,ORD-06661,DHL,2026-02-26,2026-03-03,2026-03-05
SHP-ORD-06662,ORD-06662,FedEx,2026-02-26,2026-03-03,2026-03-03
SHP-ORD-06663,ORD-06663,FedEx,2026-02-26,2026-03-03,2026-03-04
SHP-ORD-06664,ORD-06664,DHL,2026-02-26,2026-03-03,2026-03-03
SHP-ORD-06665,ORD-06665,Carrier B,2026-02-26,2026-03-03,2026-03-03
SHP-ORD-06666,ORD-06666,DHL,2026-02-26,2026-03-03,2026-03-03
SHP-ORD-06667,ORD-06667,DHL,2026-02-26,2026-03-03,2026-03-04
SHP-ORD-06668,ORD-06668,DHL,2026-02-26,2026-03-03,2026-03-03
SHP-ORD-06669,ORD-06669,DHL,2026-02-26,2026-03-03,2026-03-03
SHP-ORD-06670,ORD-06670,DHL,2026-02-26,2026-03-03,2026-03-03
SHP-ORD-06671,ORD-06671,FedEx,2026-02-26,2026-03-03,2026-03-05
SHP-ORD-06672,ORD-06672,FedEx,2026-02-26,2026-03-03,2026-03-04
SHP-ORD-06673,ORD-06673,Carrier B,2026-02-26,2026-03-03,2026-03-05
SHP-ORD-06674,ORD-06674,FedEx,2026-02-26,2026-03-03,2026-03-04
SHP-ORD-06675,ORD-06675,FedEx,2026-02-26,2026-03-03,2026-03-04
SHP-ORD-06676,ORD-06676,DHL,2026-02-26,2026-03-03,2026-03-03
SHP-ORD-06677,ORD-06677,DHL,2026-02-26,2026-03-03,2026-03-04
SHP-ORD-06678,ORD-06678,DHL,2026-02-26,2026-03-03,2026-03-03
SHP-ORD-06679,ORD-06679,FedEx,2026-02-26,2026-03-03,2026-03-05
SHP-ORD-06680,ORD-06680,Carrier B,2026-02-26,2026-03-03,2026-03-03
SHP-ORD-06681,ORD-06681,DHL,2026-02-26,2026-03-03,2026-03-05
SHP-ORD-06682,ORD-06682,Carrier B,2026-02-26,2026-03-03,2026-03-03
SHP-ORD-06683,ORD-06683,FedEx,2026-02-26,2026-03-03,2026-03-03
SHP-ORD-06684,ORD-06684,FedEx,2026-02-27,2026-03-04,2026-03-06
SHP-ORD-06685,ORD-06685,FedEx,2026-02-27,2026-03-04,2026-03-06
SHP-ORD-06686,ORD-06686,FedEx,2026-02-27,2026-03-04,2026-03-04
SHP-ORD-06687,ORD-06687,FedEx,2026-02-27,2026-03-04,2026-03-04
SHP-ORD-06688,ORD-06688,FedEx,2026-02-27,2026-03-04,2026-03-05
SHP-ORD-06689,ORD-06689,DHL,2026-02-27,2026-03-04,2026-03-04
SHP-ORD-06690,ORD-06690,DHL,2026-02-27,2026-03-04,2026-03-04
SHP-ORD-06691,ORD-06691,DHL,2026-02-27,2026-03-04,2026-03-05
SHP-ORD-06692,ORD-06692,FedEx,2026-02-27,2026-03-04,2026-03-05
SHP-ORD-06693,ORD-06693,DHL,2026-02-27,2026-03-04,2026-03-06
SHP-ORD-06694,ORD-06694,FedEx,2026-02-27,2026-03-04,2026-03-05
SHP-ORD-06695,ORD-06695,DHL,2026-02-27,2026-03-04,2026-03-06
SHP-ORD-06696,ORD-06696,DHL,2026-02-27,2026-03-04,2026-03-05
SHP-ORD-06697,ORD-06697,DHL,2026-02-28,2026-03-05,2026-03-07
SHP-ORD-06698,ORD-06698,Carrier B,2026-02-28,2026-03-05,2026-03-07
SHP-ORD-06699,ORD-06699,Carrier B,2026-02-28,2026-03-05,2026-03-07
SHP-ORD-06700,ORD-06700,DHL,2026-02-28,2026-03-05,2026-03-06
SHP-ORD-06701,ORD-06701,Carrier B,2026-02-28,2026-03-05,2026-03-07
SHP-ORD-06702,ORD-06702,DHL,2026-02-28,2026-03-05,2026-03-06
SHP-ORD-06703,ORD-06703,Carrier B,2026-02-28,2026-03-05,2026-03-07
SHP-ORD-06704,ORD-06704,DHL,2026-02-28,2026-03-05,2026-03-07
SHP-ORD-06705,ORD-06705,DHL,2026-02-28,2026-03-05,2026-03-06
SHP-ORD-06706,ORD-06706,DHL,2026-02-28,2026-03-05,2026-03-07
SHP-ORD-06707,ORD-06707,FedEx,2026-02-28,2026-03-05,2026-03-07
SHP-ORD-06708,ORD-06708,DHL,2026-02-28,2026-03-05,2026-03-07
SHP-ORD-06709,ORD-06709,Carrier B,2026-02-28,2026-03-05,2026-03-07
SHP-ORD-06710,ORD-06710,DHL,2026-02-28,2026-03-05,2026-03-06
SHP-ORD-06711,ORD-06711,FedEx,2026-02-28,2026-03-05,2026-03-06
SHP-ORD-06712,ORD-06712,FedEx,2026-02-28,2026-03-05,2026-03-07
SHP-ORD-06713,ORD-06713,Carrier B,2026-02-28,2026-03-05,2026-03-06
SHP-ORD-06714,ORD-06714,Carrier B,2026-02-28,2026-03-05,2026-03-05
SHP-ORD-06715,ORD-06715,FedEx,2026-02-28,2026-03-05,2026-03-07
SHP-ORD-06716,ORD-06716,Carrier B,2026-03-01,2026-03-06,2026-03-07
SHP-ORD-06717,ORD-06717,Carrier B,2026-03-01,2026-03-06,2026-03-06
SHP-ORD-06718,ORD-06718,FedEx,2026-03-01,2026-03-06,2026-03-06
SHP-ORD-06719,ORD-06719,Carrier B,2026-03-01,2026-03-06,2026-03-06
SHP-ORD-06720,ORD-06720,FedEx,2026-03-01,2026-03-06,2026-03-06
SHP-ORD-06721,ORD-06721,DHL,2026-03-01,2026-03-06,2026-03-08
SHP-ORD-06722,ORD-06722,DHL,2026-03-01,2026-03-06,2026-03-07
SHP-ORD-06723,ORD-06723,DHL,2026-03-01,2026-03-06,2026-03-07
SHP-ORD-06724,ORD-06724,DHL,2026-03-01,2026-03-06,2026-03-06
SHP-ORD-06725,ORD-06725,DHL,2026-03-01,2026-03-06,2026-03-08
SHP-ORD-06726,ORD-06726,Carrier B,2026-03-01,2026-03-06,2026-03-07
SHP-ORD-06727,ORD-06727,Carrier B,2026-03-01,2026-03-06,2026-03-07
SHP-ORD-06728,ORD-06728,DHL,2026-03-01,2026-03-06,2026-03-07
SHP-ORD-06729,ORD-06729,DHL,2026-03-01,2026-03-06,2026-03-07
SHP-ORD-06730,ORD-06730,FedEx,2026-03-01,2026-03-06,2026-03-07
SHP-ORD-06731,ORD-06731,DHL,2026-03-01,2026-03-06,2026-03-06
SHP-ORD-06732,ORD-06732,Carrier B,2026-03-01,2026-03-06,2026-03-07
SHP-ORD-06733,ORD-06733,FedEx,2026-03-01,2026-03-06,2026-03-07
SHP-ORD-06734,ORD-06734,Carrier B,2026-03-01,2026-03-06,2026-03-06
SHP-ORD-06735,ORD-06735,Carrier B,2026-03-01,2026-03-06,2026-03-06
SHP-ORD-06736,ORD-06736,DHL,2026-03-01,2026-03-06,2026-03-06
SHP-ORD-06737,ORD-06737,DHL,2026-03-02,2026-03-07,2026-03-08
SHP-ORD-06738,ORD-06738,DHL,2026-03-02,2026-03-07,2026-03-09
SHP-ORD-06739,ORD-06739,DHL,2026-03-02,2026-03-07,2026-03-07
SHP-ORD-06740,ORD-06740,DHL,2026-03-02,2026-03-07,2026-03-08
SHP-ORD-06741,ORD-06741,Carrier B,2026-03-02,2026-03-07,2026-03-09
SHP-ORD-06742,ORD-06742,DHL,2026-03-02,2026-03-07,2026-03-09
SHP-ORD-06743,ORD-06743,DHL,2026-03-02,2026-03-07,2026-03-07
SHP-ORD-06744,ORD-06744,DHL,2026-03-02,2026-03-07,2026-03-09
SHP-ORD-06745,ORD-06745,FedEx,2026-03-02,2026-03-07,2026-03-08
SHP-ORD-06746,ORD-06746,FedEx,2026-03-02,2026-03-07,2026-03-08
SHP-ORD-06747,ORD-06747,Carrier B,2026-03-02,2026-03-07,2026-03-07
SHP-ORD-06748,ORD-06748,FedEx,2026-03-02,2026-03-07,2026-03-07
SHP-ORD-06749,ORD-06749,DHL,2026-03-02,2026-03-07,2026-03-07
SHP-ORD-06750,ORD-06750,DHL,2026-03-02,2026-03-07,2026-03-07
SHP-ORD-06751,ORD-06751,FedEx,2026-03-02,2026-03-07,2026-03-08
SHP-ORD-06752,ORD-06752,FedEx,2026-03-02,2026-03-07,2026-03-08
SHP-ORD-06753,ORD-06753,Carrier B,2026-03-02,2026-03-07,2026-03-08
SHP-ORD-06754,ORD-06754,DHL,2026-03-02,2026-03-07,2026-03-08
SHP-ORD-06755,ORD-06755,DHL,2026-03-02,2026-03-07,2026-03-08
SHP-ORD-06756,ORD-06756,Carrier B,2026-03-02,2026-03-07,2026-03-09
SHP-ORD-06757,ORD-06757,FedEx,2026-03-02,2026-03-07,2026-03-08
SHP-ORD-06758,ORD-06758,FedEx,2026-03-02,2026-03-07,2026-03-08
SHP-ORD-06759,ORD-06759,DHL,2026-03-02,2026-03-07,2026-03-07
SHP-ORD-06760,ORD-06760,DHL,2026-03-03,2026-03-08,2026-03-09
SHP-ORD-06761,ORD-06761,DHL,2026-03-03,2026-03-08,2026-03-08
SHP-ORD-06762,ORD-06762,Carrier B,2026-03-03,2026-03-08,2026-03-09
SHP-ORD-06763,ORD-06763,Carrier B,2026-03-03,2026-03-08,2026-03-08
SHP-ORD-06764,ORD-06764,FedEx,2026-03-03,2026-03-08,2026-03-08
SHP-ORD-06765,ORD-06765,FedEx,2026-03-03,2026-03-08,2026-03-08
SHP-ORD-06766,ORD-06766,Carrier B,2026-03-03,2026-03-08,2026-03-10
SHP-ORD-06767,ORD-06767,FedEx,2026-03-03,2026-03-08,2026-03-08
SHP-ORD-06768,ORD-06768,FedEx,2026-03-03,2026-03-08,2026-03-09
SHP-ORD-06769,ORD-06769,DHL,2026-03-03,2026-03-08,2026-03-09
SHP-ORD-06770,ORD-06770,DHL,2026-03-03,2026-03-08,2026-03-08
SHP-ORD-06771,ORD-06771,DHL,2026-03-03,2026-03-08,2026-03-09
SHP-ORD-06772,ORD-06772,FedEx,2026-03-03,2026-03-08,2026-03-09
SHP-ORD-06773,ORD-06773,DHL,2026-03-04,2026-03-09,2026-03-10
SHP-ORD-06774,ORD-06774,DHL,2026-03-04,2026-03-09,2026-03-11
SHP-ORD-06775,ORD-06775,FedEx,2026-03-04,2026-03-09,2026-03-10
SHP-ORD-06776,ORD-06776,FedEx,2026-03-04,2026-03-09,2026-03-09
SHP-ORD-06777,ORD-06777,DHL,2026-03-04,2026-03-09,2026-03-11
SHP-ORD-06778,ORD-06778,Carrier B,2026-03-04,2026-03-09,2026-03-10
SHP-ORD-06779,ORD-06779,Carrier B,2026-03-04,2026-03-09,2026-03-10
SHP-ORD-06780,ORD-06780,FedEx,2026-03-04,2026-03-09,2026-03-11
SHP-ORD-06781,ORD-06781,DHL,2026-03-04,2026-03-09,2026-03-11
SHP-ORD-06782,ORD-06782,DHL,2026-03-04,2026-03-09,2026-03-10
SHP-ORD-06783,ORD-06783,Carrier B,2026-03-04,2026-03-09,2026-03-09
SHP-ORD-06784,ORD-06784,DHL,2026-03-04,2026-03-09,2026-03-10
SHP-ORD-06785,ORD-06785,FedEx,2026-03-04,2026-03-09,2026-03-09
SHP-ORD-06786,ORD-06786,DHL,2026-03-04,2026-03-09,2026-03-10
SHP-ORD-06787,ORD-06787,FedEx,2026-03-05,2026-03-10,2026-03-11
SHP-ORD-06788,ORD-06788,FedEx,2026-03-05,2026-03-10,2026-03-10
SHP-ORD-06789,ORD-06789,DHL,2026-03-05,2026-03-10,2026-03-11
SHP-ORD-06790,ORD-06790,Carrier B,2026-03-05,2026-03-10,2026-03-12
SHP-ORD-06791,ORD-06791,FedEx,2026-03-05,2026-03-10,2026-03-10
SHP-ORD-06792,ORD-06792,DHL,2026-03-05,2026-03-10,2026-03-10
SHP-ORD-06793,ORD-06793,FedEx,2026-03-05,2026-03-10,2026-03-10
SHP-ORD-06794,ORD-06794,Carrier B,2026-03-05,2026-03-10,2026-03-10
SHP-ORD-06795,ORD-06795,DHL,2026-03-05,2026-03-10,2026-03-12
SHP-ORD-06796,ORD-06796,FedEx,2026-03-05,2026-03-10,2026-03-12
SHP-ORD-06797,ORD-06797,FedEx,2026-03-05,2026-03-10,2026-03-12
SHP-ORD-06798,ORD-06798,DHL,2026-03-05,2026-03-10,2026-03-11
SHP-ORD-06799,ORD-06799,FedEx,2026-03-05,2026-03-10,2026-03-10
SHP-ORD-06800,ORD-06800,FedEx,2026-03-05,2026-03-10,2026-03-10
SHP-ORD-06801,ORD-06801,DHL,2026-03-05,2026-03-10,2026-03-12
SHP-ORD-06802,ORD-06802,DHL,2026-03-05,2026-03-10,2026-03-10
SHP-ORD-06803,ORD-06803,DHL,2026-03-05,2026-03-10,2026-03-12
SHP-ORD-06804,ORD-06804,FedEx,2026-03-06,2026-03-11,2026-03-13
SHP-ORD-06805,ORD-06805,DHL,2026-03-06,2026-03-11,2026-03-12
SHP-ORD-06806,ORD-06806,DHL,2026-03-06,2026-03-11,2026-03-11
SHP-ORD-06807,ORD-06807,FedEx,2026-03-06,2026-03-11,2026-03-12
SHP-ORD-06808,ORD-06808,DHL,2026-03-06,2026-03-11,2026-03-12
SHP-ORD-06809,ORD-06809,FedEx,2026-03-06,2026-03-11,2026-03-12
SHP-ORD-06810,ORD-06810,Carrier B,2026-03-06,2026-03-11,2026-03-13
SHP-ORD-06811,ORD-06811,DHL,2026-03-06,2026-03-11,2026-03-12
SHP-ORD-06812,ORD-06812,DHL,2026-03-06,2026-03-11,2026-03-12
SHP-ORD-06813,ORD-06813,FedEx,2026-03-06,2026-03-11,2026-03-13
SHP-ORD-06814,ORD-06814,FedEx,2026-03-06,2026-03-11,2026-03-12
SHP-ORD-06815,ORD-06815,DHL,2026-03-06,2026-03-11,2026-03-12
SHP-ORD-06816,ORD-06816,DHL,2026-03-06,2026-03-11,2026-03-12
SHP-ORD-06817,ORD-06817,FedEx,2026-03-06,2026-03-11,2026-03-11
SHP-ORD-06818,ORD-06818,FedEx,2026-03-06,2026-03-11,2026-03-13
SHP-ORD-06819,ORD-06819,FedEx,2026-03-06,2026-03-11,2026-03-13
SHP-ORD-06820,ORD-06820,DHL,2026-03-06,2026-03-11,2026-03-11
SHP-ORD-06821,ORD-06821,FedEx,2026-03-06,2026-03-11,2026-03-12
SHP-ORD-06822,ORD-06822,DHL,2026-03-06,2026-03-11,2026-03-12
SHP-ORD-06823,ORD-06823,FedEx,2026-03-06,2026-03-11,2026-03-12
SHP-ORD-06824,ORD-06824,DHL,2026-03-06,2026-03-11,2026-03-13
SHP-ORD-06825,ORD-06825,FedEx,2026-03-06,2026-03-11,2026-03-11
SHP-ORD-06826,ORD-06826,DHL,2026-03-06,2026-03-11,2026-03-13
SHP-ORD-06827,ORD-06827,FedEx,2026-03-06,2026-03-11,2026-03-13
SHP-ORD-06828,ORD-06828,FedEx,2026-03-06,2026-03-11,2026-03-13
SHP-ORD-06829,ORD-06829,DHL,2026-03-06,2026-03-11,2026-03-13
SHP-ORD-06830,ORD-06830,FedEx,2026-03-06,2026-03-11,2026-03-13
SHP-ORD-06831,ORD-06831,FedEx,2026-03-07,2026-03-12,2026-03-14
SHP-ORD-06832,ORD-06832,Carrier B,2026-03-07,2026-03-12,2026-03-12
SHP-ORD-06833,ORD-06833,Carrier B,2026-03-07,2026-03-12,2026-03-12
SHP-ORD-06834,ORD-06834,FedEx,2026-03-07,2026-03-12,2026-03-13
SHP-ORD-06835,ORD-06835,Carrier B,2026-03-07,2026-03-12,2026-03-13
SHP-ORD-06836,ORD-06836,DHL,2026-03-07,2026-03-12,2026-03-14
SHP-ORD-06837,ORD-06837,FedEx,2026-03-07,2026-03-12,2026-03-14
SHP-ORD-06838,ORD-06838,Carrier B,2026-03-07,2026-03-12,2026-03-13
SHP-ORD-06839,ORD-06839,Carrier B,2026-03-07,2026-03-12,2026-03-14
SHP-ORD-06840,ORD-06840,Carrier B,2026-03-07,2026-03-12,2026-03-14
SHP-ORD-06841,ORD-06841,FedEx,2026-03-07,2026-03-12,2026-03-14
SHP-ORD-06842,ORD-06842,FedEx,2026-03-07,2026-03-12,2026-03-13
SHP-ORD-06843,ORD-06843,DHL,2026-03-07,2026-03-12,2026-03-12
SHP-ORD-06844,ORD-06844,DHL,2026-03-07,2026-03-12,2026-03-12
SHP-ORD-06845,ORD-06845,FedEx,2026-03-07,2026-03-12,2026-03-12
SHP-ORD-06846,ORD-06846,Carrier B,2026-03-07,2026-03-12,2026-03-12
SHP-ORD-06847,ORD-06847,DHL,2026-03-07,2026-03-12,2026-03-14
SHP-ORD-06848,ORD-06848,DHL,2026-03-08,2026-03-13,2026-03-14
SHP-ORD-06849,ORD-06849,DHL,2026-03-08,2026-03-13,2026-03-14
SHP-ORD-06850,ORD-06850,DHL,2026-03-08,2026-03-13,2026-03-14
SHP-ORD-06851,ORD-06851,FedEx,2026-03-08,2026-03-13,2026-03-13
SHP-ORD-06852,ORD-06852,Carrier B,2026-03-08,2026-03-13,2026-03-13
SHP-ORD-06853,ORD-06853,FedEx,2026-03-08,2026-03-13,2026-03-13
SHP-ORD-06854,ORD-06854,FedEx,2026-03-08,2026-03-13,2026-03-14
SHP-ORD-06855,ORD-06855,Carrier B,2026-03-08,2026-03-13,2026-03-13
SHP-ORD-06856,ORD-06856,Carrier B,2026-03-08,2026-03-13,2026-03-13
SHP-ORD-06857,ORD-06857,Carrier B,2026-03-08,2026-03-13,2026-03-13
SHP-ORD-06858,ORD-06858,Carrier B,2026-03-08,2026-03-13,2026-03-14
SHP-ORD-06859,ORD-06859,DHL,2026-03-09,2026-03-14,2026-03-16
SHP-ORD-06860,ORD-06860,Carrier B,2026-03-09,2026-03-14,2026-03-14
SHP-ORD-06861,ORD-06861,FedEx,2026-03-09,2026-03-14,2026-03-15
SHP-ORD-06862,ORD-06862,DHL,2026-03-09,2026-03-14,2026-03-14
SHP-ORD-06863,ORD-06863,DHL,2026-03-09,2026-03-14,2026-03-15
SHP-ORD-06864,ORD-06864,FedEx,2026-03-09,2026-03-14,2026-03-16
SHP-ORD-06865,ORD-06865,DHL,2026-03-09,2026-03-14,2026-03-16
SHP-ORD-06866,ORD-06866,DHL,2026-03-09,2026-03-14,2026-03-15
SHP-ORD-06867,ORD-06867,DHL,2026-03-09,2026-03-14,2026-03-14
SHP-ORD-06868,ORD-06868,FedEx,2026-03-09,2026-03-14,2026-03-14
SHP-ORD-06869,ORD-06869,Carrier B,2026-03-09,2026-03-14,2026-03-14
SHP-ORD-06870,ORD-06870,FedEx,2026-03-09,2026-03-14,2026-03-14
SHP-ORD-06871,ORD-06871,DHL,2026-03-09,2026-03-14,2026-03-14
SHP-ORD-06872,ORD-06872,Carrier B,2026-03-09,2026-03-14,2026-03-15
SHP-ORD-06873,ORD-06873,DHL,2026-03-09,2026-03-14,2026-03-16
SHP-ORD-06874,ORD-06874,FedEx,2026-03-09,2026-03-14,2026-03-15
SHP-ORD-06875,ORD-06875,FedEx,2026-03-09,2026-03-14,2026-03-14
SHP-ORD-06876,ORD-06876,DHL,2026-03-09,2026-03-14,2026-03-14
SHP-ORD-06877,ORD-06877,Carrier B,2026-03-09,2026-03-14,2026-03-15
SHP-ORD-06878,ORD-06878,Carrier B,2026-03-09,2026-03-14,2026-03-14
SHP-ORD-06879,ORD-06879,DHL,2026-03-09,2026-03-14,2026-03-16
SHP-ORD-06880,ORD-06880,FedEx,2026-03-09,2026-03-14,2026-03-15
SHP-ORD-06881,ORD-06881,FedEx,2026-03-09,2026-03-14,2026-03-14
SHP-ORD-06882,ORD-06882,FedEx,2026-03-10,2026-03-15,2026-03-15
SHP-ORD-06883,ORD-06883,FedEx,2026-03-10,2026-03-15,2026-03-17
SHP-ORD-06884,ORD-06884,FedEx,2026-03-10,2026-03-15,2026-03-16
SHP-ORD-06885,ORD-06885,FedEx,2026-03-10,2026-03-15,2026-03-16
SHP-ORD-06886,ORD-06886,DHL,2026-03-10,2026-03-15,2026-03-17
SHP-ORD-06887,ORD-06887,FedEx,2026-03-10,2026-03-15,2026-03-17
SHP-ORD-06888,ORD-06888,DHL,2026-03-10,2026-03-15,2026-03-16
SHP-ORD-06889,ORD-06889,Carrier B,2026-03-10,2026-03-15,2026-03-16
SHP-ORD-06890,ORD-06890,DHL,2026-03-10,2026-03-15,2026-03-16
SHP-ORD-06891,ORD-06891,DHL,2026-03-10,2026-03-15,2026-03-17
SHP-ORD-06892,ORD-06892,DHL,2026-03-10,2026-03-15,2026-03-17
SHP-ORD-06893,ORD-06893,FedEx,2026-03-10,2026-03-15,2026-03-17
SHP-ORD-06894,ORD-06894,FedEx,2026-03-10,2026-03-15,2026-03-17
SHP-ORD-06895,ORD-06895,FedEx,2026-03-10,2026-03-15,2026-03-16
SHP-ORD-06896,ORD-06896,FedEx,2026-03-10,2026-03-15,2026-03-17
SHP-ORD-06897,ORD-06897,DHL,2026-03-10,2026-03-15,2026-03-17
SHP-ORD-06898,ORD-06898,Carrier B,2026-03-10,2026-03-15,2026-03-16
SHP-ORD-06899,ORD-06899,Carrier B,2026-03-10,2026-03-15,2026-03-17
SHP-ORD-06900,ORD-06900,FedEx,2026-03-10,2026-03-15,2026-03-15
SHP-ORD-06901,ORD-06901,Carrier B,2026-03-10,2026-03-15,2026-03-17
SHP-ORD-06902,ORD-06902,FedEx,2026-03-10,2026-03-15,2026-03-17
SHP-ORD-06903,ORD-06903,Carrier B,2026-03-11,2026-03-16,2026-03-18
SHP-ORD-06904,ORD-06904,FedEx,2026-03-11,2026-03-16,2026-03-18
SHP-ORD-06905,ORD-06905,FedEx,2026-03-11,2026-03-16,2026-03-18
SHP-ORD-06906,ORD-06906,FedEx,2026-03-11,2026-03-16,2026-03-18
SHP-ORD-06907,ORD-06907,Carrier B,2026-03-11,2026-03-16,2026-03-17
SHP-ORD-06908,ORD-06908,FedEx,2026-03-11,2026-03-16,2026-03-18
SHP-ORD-06909,ORD-06909,FedEx,2026-03-11,2026-03-16,2026-03-16
SHP-ORD-06910,ORD-06910,Carrier B,2026-03-11,2026-03-16,2026-03-16
SHP-ORD-06911,ORD-06911,Carrier B,2026-03-11,2026-03-16,2026-03-16
SHP-ORD-06912,ORD-06912,FedEx,2026-03-11,2026-03-16,2026-03-17
SHP-ORD-06913,ORD-06913,DHL,2026-03-11,2026-03-16,2026-03-17
SHP-ORD-06914,ORD-06914,FedEx,2026-03-11,2026-03-16,2026-03-17
SHP-ORD-06915,ORD-06915,FedEx,2026-03-11,2026-03-16,2026-03-17
SHP-ORD-06916,ORD-06916,DHL,2026-03-11,2026-03-16,2026-03-18
SHP-ORD-06917,ORD-06917,DHL,2026-03-11,2026-03-16,2026-03-17
SHP-ORD-06918,ORD-06918,DHL,2026-03-11,2026-03-16,2026-03-17
SHP-ORD-06919,ORD-06919,DHL,2026-03-11,2026-03-16,2026-03-18
SHP-ORD-06920,ORD-06920,DHL,2026-03-11,2026-03-16,2026-03-17
SHP-ORD-06921,ORD-06921,DHL,2026-03-11,2026-03-16,2026-03-16
SHP-ORD-06922,ORD-06922,DHL,2026-03-11,2026-03-16,2026-03-18
SHP-ORD-06923,ORD-06923,DHL,2026-03-11,2026-03-16,2026-03-17
SHP-ORD-06924,ORD-06924,FedEx,2026-03-11,2026-03-16,2026-03-17
SHP-ORD-06925,ORD-06925,DHL,2026-03-11,2026-03-16,2026-03-16
SHP-ORD-06926,ORD-06926,DHL,2026-03-12,2026-03-17,2026-03-17
SHP-ORD-06927,ORD-06927,DHL,2026-03-12,2026-03-17,2026-03-19
SHP-ORD-06928,ORD-06928,DHL,2026-03-12,2026-03-17,2026-03-17
SHP-ORD-06929,ORD-06929,FedEx,2026-03-12,2026-03-17,2026-03-17
SHP-ORD-06930,ORD-06930,DHL,2026-03-12,2026-03-17,2026-03-17
SHP-ORD-06931,ORD-06931,FedEx,2026-03-12,2026-03-17,2026-03-18
SHP-ORD-06932,ORD-06932,Carrier B,2026-03-12,2026-03-17,2026-03-17
SHP-ORD-06933,ORD-06933,DHL,2026-03-12,2026-03-17,2026-03-17
SHP-ORD-06934,ORD-06934,FedEx,2026-03-12,2026-03-17,2026-03-19
SHP-ORD-06935,ORD-06935,DHL,2026-03-12,2026-03-17,2026-03-19
SHP-ORD-06936,ORD-06936,Carrier B,2026-03-13,2026-03-18,2026-03-20
SHP-ORD-06937,ORD-06937,FedEx,2026-03-13,2026-03-18,2026-03-19
SHP-ORD-06938,ORD-06938,DHL,2026-03-13,2026-03-18,2026-03-19
SHP-ORD-06939,ORD-06939,DHL,2026-03-13,2026-03-18,2026-03-20
SHP-ORD-06940,ORD-06940,DHL,2026-03-13,2026-03-18,2026-03-19
SHP-ORD-06941,ORD-06941,FedEx,2026-03-13,2026-03-18,2026-03-19
SHP-ORD-06942,ORD-06942,DHL,2026-03-13,2026-03-18,2026-03-20
SHP-ORD-06943,ORD-06943,Carrier B,2026-03-13,2026-03-18,2026-03-19
SHP-ORD-06944,ORD-06944,Carrier B,2026-03-13,2026-03-18,2026-03-19
SHP-ORD-06945,ORD-06945,DHL,2026-03-13,2026-03-18,2026-03-18
SHP-ORD-06946,ORD-06946,Carrier B,2026-03-13,2026-03-18,2026-03-18
SHP-ORD-06947,ORD-06947,DHL,2026-03-13,2026-03-18,2026-03-18
SHP-ORD-06948,ORD-06948,DHL,2026-03-13,2026-03-18,2026-03-20
SHP-ORD-06949,ORD-06949,DHL,2026-03-13,2026-03-18,2026-03-19
SHP-ORD-06950,ORD-06950,FedEx,2026-03-13,2026-03-18,2026-03-20
SHP-ORD-06951,ORD-06951,DHL,2026-03-13,2026-03-18,2026-03-18
SHP-ORD-06952,ORD-06952,DHL,2026-03-14,2026-03-19,2026-03-20
SHP-ORD-06953,ORD-06953,Carrier B,2026-03-14,2026-03-19,2026-03-19
SHP-ORD-06954,ORD-06954,DHL,2026-03-14,2026-03-19,2026-03-20
SHP-ORD-06955,ORD-06955,DHL,2026-03-14,2026-03-19,2026-03-20
SHP-ORD-06956,ORD-06956,FedEx,2026-03-14,2026-03-19,2026-03-20
SHP-ORD-06957,ORD-06957,FedEx,2026-03-14,2026-03-19,2026-03-19
SHP-ORD-06958,ORD-06958,FedEx,2026-03-14,2026-03-19,2026-03-20
SHP-ORD-06959,ORD-06959,DHL,2026-03-14,2026-03-19,2026-03-20
SHP-ORD-06960,ORD-06960,FedEx,2026-03-14,2026-03-19,2026-03-19
SHP-ORD-06961,ORD-06961,DHL,2026-03-14,2026-03-19,2026-03-20
SHP-ORD-06962,ORD-06962,FedEx,2026-03-14,2026-03-19,2026-03-20
SHP-ORD-06963,ORD-06963,DHL,2026-03-14,2026-03-19,2026-03-19
SHP-ORD-06964,ORD-06964,Carrier B,2026-03-14,2026-03-19,2026-03-20
SHP-ORD-06965,ORD-06965,DHL,2026-03-15,2026-03-20,2026-03-20
SHP-ORD-06966,ORD-06966,FedEx,2026-03-15,2026-03-20,2026-03-21
SHP-ORD-06967,ORD-06967,DHL,2026-03-15,2026-03-20,2026-03-21
SHP-ORD-06968,ORD-06968,FedEx,2026-03-15,2026-03-20,2026-03-21
SHP-ORD-06969,ORD-06969,FedEx,2026-03-15,2026-03-20,2026-03-22
SHP-ORD-06970,ORD-06970,FedEx,2026-03-15,2026-03-20,2026-03-20
SHP-ORD-06971,ORD-06971,FedEx,2026-03-15,2026-03-20,2026-03-21
SHP-ORD-06972,ORD-06972,FedEx,2026-03-15,2026-03-20,2026-03-21
SHP-ORD-06973,ORD-06973,FedEx,2026-03-15,2026-03-20,2026-03-20
SHP-ORD-06974,ORD-06974,FedEx,2026-03-15,2026-03-20,2026-03-21
SHP-ORD-06975,ORD-06975,DHL,2026-03-15,2026-03-20,2026-03-20
SHP-ORD-06976,ORD-06976,Carrier B,2026-03-15,2026-03-20,2026-03-22
SHP-ORD-06977,ORD-06977,Carrier B,2026-03-15,2026-03-20,2026-03-20
SHP-ORD-06978,ORD-06978,FedEx,2026-03-15,2026-03-20,2026-03-21
SHP-ORD-06979,ORD-06979,DHL,2026-03-16,2026-03-21,2026-03-21
SHP-ORD-06980,ORD-06980,Carrier B,2026-03-16,2026-03-21,2026-03-23
SHP-ORD-06981,ORD-06981,FedEx,2026-03-16,2026-03-21,2026-03-22
SHP-ORD-06982,ORD-06982,Carrier B,2026-03-16,2026-03-21,2026-03-23
SHP-ORD-06983,ORD-06983,DHL,2026-03-16,2026-03-21,2026-03-22
SHP-ORD-06984,ORD-06984,Carrier B,2026-03-16,2026-03-21,2026-03-21
SHP-ORD-06985,ORD-06985,Carrier B,2026-03-16,2026-03-21,2026-03-21
SHP-ORD-06986,ORD-06986,DHL,2026-03-16,2026-03-21,2026-03-21
SHP-ORD-06987,ORD-06987,DHL,2026-03-16,2026-03-21,2026-03-21
SHP-ORD-06988,ORD-06988,FedEx,2026-03-16,2026-03-21,2026-03-23
SHP-ORD-06989,ORD-06989,FedEx,2026-03-16,2026-03-21,2026-03-21
SHP-ORD-06990,ORD-06990,DHL,2026-03-16,2026-03-21,2026-03-21
SHP-ORD-06991,ORD-06991,FedEx,2026-03-16,2026-03-21,2026-03-23
SHP-ORD-06992,ORD-06992,FedEx,2026-03-16,2026-03-21,2026-03-22
SHP-ORD-06993,ORD-06993,FedEx,2026-03-16,2026-03-21,2026-03-22
SHP-ORD-06994,ORD-06994,Carrier B,2026-03-16,2026-03-21,2026-03-21
SHP-ORD-06995,ORD-06995,FedEx,2026-03-16,2026-03-21,2026-03-23
SHP-ORD-06996,ORD-06996,FedEx,2026-03-16,2026-03-21,2026-03-23
SHP-ORD-06997,ORD-06997,DHL,2026-03-16,2026-03-21,2026-03-21
SHP-ORD-06998,ORD-06998,DHL,2026-03-17,2026-03-22,2026-03-22
SHP-ORD-06999,ORD-06999,FedEx,2026-03-17,2026-03-22,2026-03-22
SHP-ORD-07000,ORD-07000,Carrier B,2026-03-17,2026-03-22,2026-03-23
SHP-ORD-07001,ORD-07001,DHL,2026-03-17,2026-03-22,2026-03-22
SHP-ORD-07002,ORD-07002,DHL,2026-03-17,2026-03-22,2026-03-22
SHP-ORD-07003,ORD-07003,FedEx,2026-03-17,2026-03-22,2026-03-22
SHP-ORD-07004,ORD-07004,DHL,2026-03-17,2026-03-22,2026-03-23
SHP-ORD-07005,ORD-07005,Carrier B,2026-03-17,2026-03-22,2026-03-23
SHP-ORD-07006,ORD-07006,FedEx,2026-03-17,2026-03-22,2026-03-24
SHP-ORD-07007,ORD-07007,FedEx,2026-03-17,2026-03-22,2026-03-24
SHP-ORD-07008,ORD-07008,FedEx,2026-03-17,2026-03-22,2026-03-24
SHP-ORD-07009,ORD-07009,Carrier B,2026-03-17,2026-03-22,2026-03-23
SHP-ORD-07010,ORD-07010,FedEx,2026-03-17,2026-03-22,2026-03-24
SHP-ORD-07011,ORD-07011,Carrier B,2026-03-17,2026-03-22,2026-03-24
SHP-ORD-07012,ORD-07012,FedEx,2026-03-17,2026-03-22,2026-03-22
SHP-ORD-07013,ORD-07013,DHL,2026-03-17,2026-03-22,2026-03-22
SHP-ORD-07014,ORD-07014,DHL,2026-03-17,2026-03-22,2026-03-22
SHP-ORD-07015,ORD-07015,FedEx,2026-03-17,2026-03-22,2026-03-23
SHP-ORD-07016,ORD-07016,DHL,2026-03-17,2026-03-22,2026-03-23
SHP-ORD-07017,ORD-07017,FedEx,2026-03-17,2026-03-22,2026-03-22
SHP-ORD-07018,ORD-07018,FedEx,2026-03-17,2026-03-22,2026-03-22
SHP-ORD-07019,ORD-07019,Carrier B,2026-03-17,2026-03-22,2026-03-24
SHP-ORD-07020,ORD-07020,FedEx,2026-03-17,2026-03-22,2026-03-22
SHP-ORD-07021,ORD-07021,DHL,2026-03-17,2026-03-22,2026-03-22
SHP-ORD-07022,ORD-07022,FedEx,2026-03-17,2026-03-22,2026-03-24
SHP-ORD-07023,ORD-07023,FedEx,2026-03-17,2026-03-22,2026-03-22
SHP-ORD-07024,ORD-07024,DHL,2026-03-18,2026-03-23,2026-03-23
SHP-ORD-07025,ORD-07025,DHL,2026-03-18,2026-03-23,2026-03-23
SHP-ORD-07026,ORD-07026,FedEx,2026-03-18,2026-03-23,2026-03-24
SHP-ORD-07027,ORD-07027,DHL,2026-03-18,2026-03-23,2026-03-24
SHP-ORD-07028,ORD-07028,FedEx,2026-03-18,2026-03-23,2026-03-23
SHP-ORD-07029,ORD-07029,Carrier B,2026-03-18,2026-03-23,2026-03-24
SHP-ORD-07030,ORD-07030,FedEx,2026-03-18,2026-03-23,2026-03-25
SHP-ORD-07031,ORD-07031,FedEx,2026-03-18,2026-03-23,2026-03-24
SHP-ORD-07032,ORD-07032,DHL,2026-03-18,2026-03-23,2026-03-25
SHP-ORD-07033,ORD-07033,FedEx,2026-03-18,2026-03-23,2026-03-25
SHP-ORD-07034,ORD-07034,FedEx,2026-03-18,2026-03-23,2026-03-23
SHP-ORD-07035,ORD-07035,FedEx,2026-03-18,2026-03-23,2026-03-25
SHP-ORD-07036,ORD-07036,Carrier B,2026-03-18,2026-03-23,2026-03-24
SHP-ORD-07037,ORD-07037,Carrier B,2026-03-18,2026-03-23,2026-03-23
SHP-ORD-07038,ORD-07038,DHL,2026-03-18,2026-03-23,2026-03-23
SHP-ORD-07039,ORD-07039,DHL,2026-03-19,2026-03-24,2026-03-25
SHP-ORD-07040,ORD-07040,DHL,2026-03-19,2026-03-24,2026-03-26
SHP-ORD-07041,ORD-07041,DHL,2026-03-19,2026-03-24,2026-03-25
SHP-ORD-07042,ORD-07042,FedEx,2026-03-19,2026-03-24,2026-03-24
SHP-ORD-07043,ORD-07043,Carrier B,2026-03-19,2026-03-24,2026-03-26
SHP-ORD-07044,ORD-07044,FedEx,2026-03-19,2026-03-24,2026-03-26
SHP-ORD-07045,ORD-07045,FedEx,2026-03-19,2026-03-24,2026-03-26
SHP-ORD-07046,ORD-07046,Carrier B,2026-03-19,2026-03-24,2026-03-24
SHP-ORD-07047,ORD-07047,DHL,2026-03-19,2026-03-24,2026-03-25
SHP-ORD-07048,ORD-07048,FedEx,2026-03-19,2026-03-24,2026-03-26
SHP-ORD-07049,ORD-07049,FedEx,2026-03-19,2026-03-24,2026-03-24
SHP-ORD-07050,ORD-07050,DHL,2026-03-19,2026-03-24,2026-03-26
SHP-ORD-07051,ORD-07051,DHL,2026-03-19,2026-03-24,2026-03-25
SHP-ORD-07052,ORD-07052,DHL,2026-03-19,2026-03-24,2026-03-24
SHP-ORD-07053,ORD-07053,FedEx,2026-03-20,2026-03-25,2026-03-26
SHP-ORD-07054,ORD-07054,Carrier B,2026-03-20,2026-03-25,2026-03-26
SHP-ORD-07055,ORD-07055,FedEx,2026-03-20,2026-03-25,2026-03-27
SHP-ORD-07056,ORD-07056,DHL,2026-03-20,2026-03-25,2026-03-25
SHP-ORD-07057,ORD-07057,DHL,2026-03-20,2026-03-25,2026-03-27
SHP-ORD-07058,ORD-07058,FedEx,2026-03-20,2026-03-25,2026-03-26
SHP-ORD-07059,ORD-07059,FedEx,2026-03-20,2026-03-25,2026-03-26
SHP-ORD-07060,ORD-07060,Carrier B,2026-03-20,2026-03-25,2026-03-26
SHP-ORD-07061,ORD-07061,Carrier B,2026-03-20,2026-03-25,2026-03-27
SHP-ORD-07062,ORD-07062,FedEx,2026-03-20,2026-03-25,2026-03-26
SHP-ORD-07063,ORD-07063,Carrier B,2026-03-20,2026-03-25,2026-03-26
SHP-ORD-07064,ORD-07064,FedEx,2026-03-20,2026-03-25,2026-03-27
SHP-ORD-07065,ORD-07065,DHL,2026-03-20,2026-03-25,2026-03-27
SHP-ORD-07066,ORD-07066,FedEx,2026-03-20,2026-03-25,2026-03-26
SHP-ORD-07067,ORD-07067,Carrier B,2026-03-20,2026-03-25,2026-03-26
SHP-ORD-07068,ORD-07068,FedEx,2026-03-20,2026-03-25,2026-03-25
SHP-ORD-07069,ORD-07069,DHL,2026-03-20,2026-03-25,2026-03-26
SHP-ORD-07070,ORD-07070,DHL,2026-03-20,2026-03-25,2026-03-27
SHP-ORD-07071,ORD-07071,FedEx,2026-03-20,2026-03-25,2026-03-26
SHP-ORD-07072,ORD-07072,DHL,2026-03-20,2026-03-25,2026-03-25
SHP-ORD-07073,ORD-07073,FedEx,2026-03-20,2026-03-25,2026-03-25
SHP-ORD-07074,ORD-07074,DHL,2026-03-20,2026-03-25,2026-03-26
SHP-ORD-07075,ORD-07075,FedEx,2026-03-20,2026-03-25,2026-03-25
SHP-ORD-07076,ORD-07076,DHL,2026-03-20,2026-03-25,2026-03-27
SHP-ORD-07077,ORD-07077,Carrier B,2026-03-20,2026-03-25,2026-03-25
SHP-ORD-07078,ORD-07078,FedEx,2026-03-20,2026-03-25,2026-03-25
SHP-ORD-07079,ORD-07079,FedEx,2026-03-20,2026-03-25,2026-03-25
SHP-ORD-07080,ORD-07080,DHL,2026-03-20,2026-03-25,2026-03-25
SHP-ORD-07081,ORD-07081,DHL,2026-03-20,2026-03-25,2026-03-27
SHP-ORD-07082,ORD-07082,Carrier B,2026-03-21,2026-03-26,2026-03-26
SHP-ORD-07083,ORD-07083,FedEx,2026-03-21,2026-03-26,2026-03-26
SHP-ORD-07084,ORD-07084,FedEx,2026-03-21,2026-03-26,2026-03-26
SHP-ORD-07085,ORD-07085,Carrier B,2026-03-21,2026-03-26,2026-03-27
SHP-ORD-07086,ORD-07086,Carrier B,2026-03-21,2026-03-26,2026-03-26
SHP-ORD-07087,ORD-07087,DHL,2026-03-21,2026-03-26,2026-03-26
SHP-ORD-07088,ORD-07088,FedEx,2026-03-21,2026-03-26,2026-03-28
SHP-ORD-07089,ORD-07089,FedEx,2026-03-21,2026-03-26,2026-03-26
SHP-ORD-07090,ORD-07090,FedEx,2026-03-21,2026-03-26,2026-03-27
SHP-ORD-07091,ORD-07091,Carrier B,2026-03-21,2026-03-26,2026-03-27
SHP-ORD-07092,ORD-07092,FedEx,2026-03-21,2026-03-26,2026-03-28
SHP-ORD-07093,ORD-07093,DHL,2026-03-21,2026-03-26,2026-03-27
SHP-ORD-07094,ORD-07094,DHL,2026-03-21,2026-03-26,2026-03-28
SHP-ORD-07095,ORD-07095,FedEx,2026-03-22,2026-03-27,2026-03-27
SHP-ORD-07096,ORD-07096,FedEx,2026-03-22,2026-03-27,2026-03-29
SHP-ORD-07097,ORD-07097,DHL,2026-03-22,2026-03-27,2026-03-28
SHP-ORD-07098,ORD-07098,FedEx,2026-03-22,2026-03-27,2026-03-28
SHP-ORD-07099,ORD-07099,FedEx,2026-03-22,2026-03-27,2026-03-28
SHP-ORD-07100,ORD-07100,FedEx,2026-03-22,2026-03-27,2026-03-27
SHP-ORD-07101,ORD-07101,Carrier B,2026-03-22,2026-03-27,2026-03-29
SHP-ORD-07102,ORD-07102,Carrier B,2026-03-22,2026-03-27,2026-03-29
SHP-ORD-07103,ORD-07103,DHL,2026-03-22,2026-03-27,2026-03-29
SHP-ORD-07104,ORD-07104,DHL,2026-03-22,2026-03-27,2026-03-29
SHP-ORD-07105,ORD-07105,DHL,2026-03-22,2026-03-27,2026-03-29
SHP-ORD-07106,ORD-07106,DHL,2026-03-22,2026-03-27,2026-03-29
SHP-ORD-07107,ORD-07107,Carrier B,2026-03-22,2026-03-27,2026-03-28
SHP-ORD-07108,ORD-07108,DHL,2026-03-22,2026-03-27,2026-03-29
SHP-ORD-07109,ORD-07109,FedEx,2026-03-22,2026-03-27,2026-03-27
SHP-ORD-07110,ORD-07110,Carrier B,2026-03-22,2026-03-27,2026-03-28
SHP-ORD-07111,ORD-07111,DHL,2026-03-22,2026-03-27,2026-03-29
SHP-ORD-07112,ORD-07112,FedEx,2026-03-22,2026-03-27,2026-03-27
SHP-ORD-07113,ORD-07113,Carrier B,2026-03-22,2026-03-27,2026-03-28
SHP-ORD-07114,ORD-07114,FedEx,2026-03-23,2026-03-28,2026-03-28
SHP-ORD-07115,ORD-07115,FedEx,2026-03-23,2026-03-28,2026-03-29
SHP-ORD-07116,ORD-07116,DHL,2026-03-23,2026-03-28,2026-03-28
SHP-ORD-07117,ORD-07117,FedEx,2026-03-23,2026-03-28,2026-03-29
SHP-ORD-07118,ORD-07118,DHL,2026-03-23,2026-03-28,2026-03-28
SHP-ORD-07119,ORD-07119,FedEx,2026-03-23,2026-03-28,2026-03-28
SHP-ORD-07120,ORD-07120,FedEx,2026-03-23,2026-03-28,2026-03-28
SHP-ORD-07121,ORD-07121,DHL,2026-03-23,2026-03-28,2026-03-29
SHP-ORD-07122,ORD-07122,DHL,2026-03-23,2026-03-28,2026-03-29
SHP-ORD-07123,ORD-07123,FedEx,2026-03-23,2026-03-28,2026-03-28
SHP-ORD-07124,ORD-07124,Carrier B,2026-03-23,2026-03-28,2026-03-29
SHP-ORD-07125,ORD-07125,DHL,2026-03-24,2026-03-29,2026-03-30
SHP-ORD-07126,ORD-07126,FedEx,2026-03-24,2026-03-29,2026-03-31
SHP-ORD-07127,ORD-07127,FedEx,2026-03-24,2026-03-29,2026-03-30
SHP-ORD-07128,ORD-07128,Carrier B,2026-03-24,2026-03-29,2026-03-31
SHP-ORD-07129,ORD-07129,DHL,2026-03-24,2026-03-29,2026-03-30
SHP-ORD-07130,ORD-07130,FedEx,2026-03-24,2026-03-29,2026-03-30
SHP-ORD-07131,ORD-07131,FedEx,2026-03-24,2026-03-29,2026-03-29
SHP-ORD-07132,ORD-07132,DHL,2026-03-24,2026-03-29,2026-03-30
SHP-ORD-07133,ORD-07133,FedEx,2026-03-24,2026-03-29,2026-03-31
SHP-ORD-07134,ORD-07134,DHL,2026-03-24,2026-03-29,2026-03-31
SHP-ORD-07135,ORD-07135,Carrier B,2026-03-24,2026-03-29,2026-03-30
SHP-ORD-07136,ORD-07136,FedEx,2026-03-24,2026-03-29,2026-03-31
SHP-ORD-07137,ORD-07137,Carrier B,2026-03-24,2026-03-29,2026-03-30
SHP-ORD-07138,ORD-07138,Carrier B,2026-03-24,2026-03-29,2026-03-31
SHP-ORD-07139,ORD-07139,Carrier B,2026-03-24,2026-03-29,2026-03-31
SHP-ORD-07140,ORD-07140,Carrier B,2026-03-24,2026-03-29,2026-03-29
SHP-ORD-07141,ORD-07141,Carrier B,2026-03-24,2026-03-29,2026-03-29
SHP-ORD-07142,ORD-07142,DHL,2026-03-24,2026-03-29,2026-03-29
SHP-ORD-07143,ORD-07143,DHL,2026-03-24,2026-03-29,2026-03-30
SHP-ORD-07144,ORD-07144,DHL,2026-03-24,2026-03-29,2026-03-30
SHP-ORD-07145,ORD-07145,Carrier B,2026-03-24,2026-03-29,2026-03-29
SHP-ORD-07146,ORD-07146,FedEx,2026-03-24,2026-03-29,2026-03-30
SHP-ORD-07147,ORD-07147,FedEx,2026-03-24,2026-03-29,2026-03-30
SHP-ORD-07148,ORD-07148,FedEx,2026-03-24,2026-03-29,2026-03-29
SHP-ORD-07149,ORD-07149,Carrier B,2026-03-24,2026-03-29,2026-03-29
SHP-ORD-07150,ORD-07150,DHL,2026-03-24,2026-03-29,2026-03-29
SHP-ORD-07151,ORD-07151,DHL,2026-03-24,2026-03-29,2026-03-29
SHP-ORD-07152,ORD-07152,FedEx,2026-03-25,2026-03-30,2026-04-01
SHP-ORD-07153,ORD-07153,DHL,2026-03-25,2026-03-30,2026-04-01
SHP-ORD-07154,ORD-07154,FedEx,2026-03-25,2026-03-30,2026-03-31
SHP-ORD-07155,ORD-07155,DHL,2026-03-25,2026-03-30,2026-03-31
SHP-ORD-07156,ORD-07156,FedEx,2026-03-25,2026-03-30,2026-03-30
SHP-ORD-07157,ORD-07157,Carrier B,2026-03-25,2026-03-30,2026-04-01
SHP-ORD-07158,ORD-07158,DHL,2026-03-25,2026-03-30,2026-03-30
SHP-ORD-07159,ORD-07159,DHL,2026-03-25,2026-03-30,2026-03-31
SHP-ORD-07160,ORD-07160,DHL,2026-03-25,2026-03-30,2026-03-30
SHP-ORD-07161,ORD-07161,DHL,2026-03-25,2026-03-30,2026-03-30
SHP-ORD-07162,ORD-07162,FedEx,2026-03-25,2026-03-30,2026-04-01
SHP-ORD-07163,ORD-07163,DHL,2026-03-25,2026-03-30,2026-03-31
SHP-ORD-07164,ORD-07164,Carrier B,2026-03-25,2026-03-30,2026-04-01
SHP-ORD-07165,ORD-07165,DHL,2026-03-25,2026-03-30,2026-03-31
SHP-ORD-07166,ORD-07166,DHL,2026-03-25,2026-03-30,2026-04-01
SHP-ORD-07167,ORD-07167,Carrier B,2026-03-25,2026-03-30,2026-03-31
SHP-ORD-07168,ORD-07168,Carrier B,2026-03-25,2026-03-30,2026-03-31
SHP-ORD-07169,ORD-07169,DHL,2026-03-25,2026-03-30,2026-03-30
SHP-ORD-07170,ORD-07170,DHL,2026-03-25,2026-03-30,2026-03-30
SHP-ORD-07171,ORD-07171,Carrier B,2026-03-25,2026-03-30,2026-03-31
SHP-ORD-07172,ORD-07172,Carrier B,2026-03-25,2026-03-30,2026-04-01
SHP-ORD-07173,ORD-07173,Carrier B,2026-03-25,2026-03-30,2026-03-30
SHP-ORD-07174,ORD-07174,DHL,2026-03-25,2026-03-30,2026-03-30
SHP-ORD-07175,ORD-07175,FedEx,2026-03-25,2026-03-30,2026-03-30
SHP-ORD-07176,ORD-07176,FedEx,2026-03-25,2026-03-30,2026-03-31
SHP-ORD-07177,ORD-07177,FedEx,2026-03-25,2026-03-30,2026-04-01
SHP-ORD-07178,ORD-07178,Carrier B,2026-03-26,2026-03-31,2026-04-02
SHP-ORD-07179,ORD-07179,Carrier B,2026-03-26,2026-03-31,2026-04-02
SHP-ORD-07180,ORD-07180,DHL,2026-03-26,2026-03-31,2026-04-02
SHP-ORD-07181,ORD-07181,DHL,2026-03-26,2026-03-31,2026-04-02
SHP-ORD-07182,ORD-07182,FedEx,2026-03-26,2026-03-31,2026-04-01
SHP-ORD-07183,ORD-07183,DHL,2026-03-26,2026-03-31,2026-04-02
SHP-ORD-07184,ORD-07184,DHL,2026-03-26,2026-03-31,2026-04-01
SHP-ORD-07185,ORD-07185,DHL,2026-03-26,2026-03-31,2026-04-02
SHP-ORD-07186,ORD-07186,FedEx,2026-03-26,2026-03-31,2026-04-02
SHP-ORD-07187,ORD-07187,DHL,2026-03-26,2026-03-31,2026-04-02
SHP-ORD-07188,ORD-07188,FedEx,2026-03-26,2026-03-31,2026-04-02
SHP-ORD-07189,ORD-07189,Carrier B,2026-03-26,2026-03-31,2026-03-31
SHP-ORD-07190,ORD-07190,FedEx,2026-03-26,2026-03-31,2026-04-01
SHP-ORD-07191,ORD-07191,Carrier B,2026-03-26,2026-03-31,2026-04-02
SHP-ORD-07192,ORD-07192,FedEx,2026-03-26,2026-03-31,2026-03-31
SHP-ORD-07193,ORD-07193,FedEx,2026-03-27,2026-04-01,2026-04-02
SHP-ORD-07194,ORD-07194,DHL,2026-03-27,2026-04-01,2026-04-03
SHP-ORD-07195,ORD-07195,DHL,2026-03-27,2026-04-01,2026-04-03
SHP-ORD-07196,ORD-07196,DHL,2026-03-27,2026-04-01,2026-04-03
SHP-ORD-07197,ORD-07197,FedEx,2026-03-27,2026-04-01,2026-04-02
SHP-ORD-07198,ORD-07198,FedEx,2026-03-27,2026-04-01,2026-04-03
SHP-ORD-07199,ORD-07199,DHL,2026-03-27,2026-04-01,2026-04-02
SHP-ORD-07200,ORD-07200,FedEx,2026-03-27,2026-04-01,2026-04-01
SHP-ORD-07201,ORD-07201,FedEx,2026-03-27,2026-04-01,2026-04-02
SHP-ORD-07202,ORD-07202,DHL,2026-03-27,2026-04-01,2026-04-02
SHP-ORD-07203,ORD-07203,FedEx,2026-03-27,2026-04-01,2026-04-01
SHP-ORD-07204,ORD-07204,FedEx,2026-03-27,2026-04-01,2026-04-02
SHP-ORD-07205,ORD-07205,FedEx,2026-03-27,2026-04-01,2026-04-03
SHP-ORD-07206,ORD-07206,Carrier B,2026-03-27,2026-04-01,2026-04-03
SHP-ORD-07207,ORD-07207,FedEx,2026-03-27,2026-04-01,2026-04-01
SHP-ORD-07208,ORD-07208,Carrier B,2026-03-27,2026-04-01,2026-04-02
SHP-ORD-07209,ORD-07209,FedEx,2026-03-27,2026-04-01,2026-04-02
SHP-ORD-07210,ORD-07210,DHL,2026-03-27,2026-04-01,2026-04-02
SHP-ORD-07211,ORD-07211,FedEx,2026-03-27,2026-04-01,2026-04-03
SHP-ORD-07212,ORD-07212,DHL,2026-03-27,2026-04-01,2026-04-03
SHP-ORD-07213,ORD-07213,Carrier B,2026-03-27,2026-04-01,2026-04-01
SHP-ORD-07214,ORD-07214,Carrier B,2026-03-27,2026-04-01,2026-04-02
SHP-ORD-07215,ORD-07215,DHL,2026-03-27,2026-04-01,2026-04-03
SHP-ORD-07216,ORD-07216,Carrier B,2026-03-27,2026-04-01,2026-04-01
SHP-ORD-07217,ORD-07217,FedEx,2026-03-28,2026-04-02,2026-04-03
SHP-ORD-07218,ORD-07218,DHL,2026-03-28,2026-04-02,2026-04-03
SHP-ORD-07219,ORD-07219,DHL,2026-03-28,2026-04-02,2026-04-03
SHP-ORD-07220,ORD-07220,Carrier B,2026-03-28,2026-04-02,2026-04-04
SHP-ORD-07221,ORD-07221,FedEx,2026-03-28,2026-04-02,2026-04-02
SHP-ORD-07222,ORD-07222,Carrier B,2026-03-28,2026-04-02,2026-04-02
SHP-ORD-07223,ORD-07223,DHL,2026-03-28,2026-04-02,2026-04-04
SHP-ORD-07224,ORD-07224,DHL,2026-03-28,2026-04-02,2026-04-04
SHP-ORD-07225,ORD-07225,FedEx,2026-03-28,2026-04-02,2026-04-03
SHP-ORD-07226,ORD-07226,DHL,2026-03-28,2026-04-02,2026-04-03
SHP-ORD-07227,ORD-07227,DHL,2026-03-28,2026-04-02,2026-04-03
SHP-ORD-07228,ORD-07228,DHL,2026-03-28,2026-04-02,2026-04-02
SHP-ORD-07229,ORD-07229,Carrier B,2026-03-28,2026-04-02,2026-04-04
SHP-ORD-07230,ORD-07230,DHL,2026-03-29,2026-04-03,2026-04-03
SHP-ORD-07231,ORD-07231,DHL,2026-03-29,2026-04-03,2026-04-03
SHP-ORD-07232,ORD-07232,Carrier B,2026-03-29,2026-04-03,2026-04-03
SHP-ORD-07233,ORD-07233,DHL,2026-03-29,2026-04-03,2026-04-04
SHP-ORD-07234,ORD-07234,DHL,2026-03-29,2026-04-03,2026-04-03
SHP-ORD-07235,ORD-07235,FedEx,2026-03-29,2026-04-03,2026-04-04
SHP-ORD-07236,ORD-07236,FedEx,2026-03-29,2026-04-03,2026-04-03
SHP-ORD-07237,ORD-07237,DHL,2026-03-29,2026-04-03,2026-04-04
SHP-ORD-07238,ORD-07238,Carrier B,2026-03-29,2026-04-03,2026-04-03
SHP-ORD-07239,ORD-07239,FedEx,2026-03-29,2026-04-03,2026-04-03
SHP-ORD-07240,ORD-07240,FedEx,2026-03-29,2026-04-03,2026-04-04
SHP-ORD-07241,ORD-07241,DHL,2026-03-29,2026-04-03,2026-04-05
SHP-ORD-07242,ORD-07242,FedEx,2026-03-29,2026-04-03,2026-04-05
SHP-ORD-07243,ORD-07243,DHL,2026-03-29,2026-04-03,2026-04-04
SHP-ORD-07244,ORD-07244,DHL,2026-03-29,2026-04-03,2026-04-03
SHP-ORD-07245,ORD-07245,FedEx,2026-03-29,2026-04-03,2026-04-05
SHP-ORD-07246,ORD-07246,Carrier B,2026-03-29,2026-04-03,2026-04-05
SHP-ORD-07247,ORD-07247,DHL,2026-03-29,2026-04-03,2026-04-05
SHP-ORD-07248,ORD-07248,DHL,2026-03-29,2026-04-03,2026-04-04
SHP-ORD-07249,ORD-07249,FedEx,2026-03-29,2026-04-03,2026-04-05
SHP-ORD-07250,ORD-07250,DHL,2026-03-29,2026-04-03,2026-04-05
SHP-ORD-07251,ORD-07251,Carrier B,2026-03-29,2026-04-03,2026-04-03
SHP-ORD-07252,ORD-07252,FedEx,2026-03-29,2026-04-03,2026-04-04
SHP-ORD-07253,ORD-07253,FedEx,2026-03-29,2026-04-03,2026-04-05
SHP-ORD-07254,ORD-07254,FedEx,2026-03-29,2026-04-03,2026-04-03
SHP-ORD-07255,ORD-07255,FedEx,2026-03-29,2026-04-03,2026-04-05
SHP-ORD-07256,ORD-07256,FedEx,2026-03-29,2026-04-03,2026-04-05
SHP-ORD-07257,ORD-07257,FedEx,2026-03-29,2026-04-03,2026-04-05
SHP-ORD-07258,ORD-07258,Carrier B,2026-03-30,2026-04-04,2026-04-05
SHP-ORD-07259,ORD-07259,DHL,2026-03-30,2026-04-04,2026-04-04
SHP-ORD-07260,ORD-07260,FedEx,2026-03-30,2026-04-04,2026-04-04
SHP-ORD-07261,ORD-07261,DHL,2026-03-30,2026-04-04,2026-04-05
SHP-ORD-07262,ORD-07262,FedEx,2026-03-30,2026-04-04,2026-04-06
SHP-ORD-07263,ORD-07263,DHL,2026-03-30,2026-04-04,2026-04-06
SHP-ORD-07264,ORD-07264,FedEx,2026-03-30,2026-04-04,2026-04-05
SHP-ORD-07265,ORD-07265,FedEx,2026-03-30,2026-04-04,2026-04-04
SHP-ORD-07266,ORD-07266,Carrier B,2026-03-30,2026-04-04,2026-04-06
SHP-ORD-07267,ORD-07267,FedEx,2026-03-30,2026-04-04,2026-04-06
SHP-ORD-07268,ORD-07268,Carrier B,2026-03-30,2026-04-04,2026-04-04
SHP-ORD-07269,ORD-07269,DHL,2026-03-30,2026-04-04,2026-04-04
SHP-ORD-07270,ORD-07270,FedEx,2026-03-30,2026-04-04,2026-04-06
SHP-ORD-07271,ORD-07271,DHL,2026-03-30,2026-04-04,2026-04-05
SHP-ORD-07272,ORD-07272,DHL,2026-03-30,2026-04-04,2026-04-04
SHP-ORD-07273,ORD-07273,FedEx,2026-03-30,2026-04-04,2026-04-05
SHP-ORD-07274,ORD-07274,FedEx,2026-03-30,2026-04-04,2026-04-06
SHP-ORD-07275,ORD-07275,FedEx,2026-03-30,2026-04-04,2026-04-04
SHP-ORD-07276,ORD-07276,Carrier B,2026-03-30,2026-04-04,2026-04-05
SHP-ORD-07277,ORD-07277,DHL,2026-03-30,2026-04-04,2026-04-04
SHP-ORD-07278,ORD-07278,FedEx,2026-03-30,2026-04-04,2026-04-04
SHP-ORD-07279,ORD-07279,Carrier B,2026-03-30,2026-04-04,2026-04-04
SHP-ORD-07280,ORD-07280,FedEx,2026-03-30,2026-04-04,2026-04-06
SHP-ORD-07281,ORD-07281,FedEx,2026-03-30,2026-04-04,2026-04-06
SHP-ORD-07282,ORD-07282,FedEx,2026-03-30,2026-04-04,2026-04-05
SHP-ORD-07283,ORD-07283,DHL,2026-03-30,2026-04-04,2026-04-04
SHP-ORD-07284,ORD-07284,FedEx,2026-03-31,2026-04-05,2026-04-07
SHP-ORD-07285,ORD-07285,DHL,2026-03-31,2026-04-05,2026-04-06
SHP-ORD-07286,ORD-07286,Carrier B,2026-03-31,2026-04-05,2026-04-07
SHP-ORD-07287,ORD-07287,FedEx,2026-03-31,2026-04-05,2026-04-06
SHP-ORD-07288,ORD-07288,FedEx,2026-03-31,2026-04-05,2026-04-06
SHP-ORD-07289,ORD-07289,FedEx,2026-03-31,2026-04-05,2026-04-05
SHP-ORD-07290,ORD-07290,DHL,2026-03-31,2026-04-05,2026-04-06
SHP-ORD-07291,ORD-07291,Carrier B,2026-03-31,2026-04-05,2026-04-05
SHP-ORD-07292,ORD-07292,FedEx,2026-03-31,2026-04-05,2026-04-07
SHP-ORD-07293,ORD-07293,FedEx,2026-03-31,2026-04-05,2026-04-05
SHP-ORD-07294,ORD-07294,FedEx,2026-03-31,2026-04-05,2026-04-06
SHP-ORD-07295,ORD-07295,FedEx,2026-03-31,2026-04-05,2026-04-05
SHP-ORD-07296,ORD-07296,DHL,2026-03-31,2026-04-05,2026-04-06
SHP-ORD-07297,ORD-07297,FedEx,2026-03-31,2026-04-05,2026-04-06
SHP-ORD-07298,ORD-07298,FedEx,2026-03-31,2026-04-05,2026-04-07
SHP-ORD-07299,ORD-07299,DHL,2026-03-31,2026-04-05,2026-04-07
SHP-ORD-07300,ORD-07300,FedEx,2026-03-31,2026-04-05,2026-04-07
SHP-ORD-07301,ORD-07301,DHL,2026-03-31,2026-04-05,2026-04-07
SHP-ORD-07302,ORD-07302,FedEx,2026-03-31,2026-04-05,2026-04-05
SHP-ORD-07303,ORD-07303,Carrier B,2026-03-31,2026-04-05,2026-04-05
SHP-ORD-07304,ORD-07304,FedEx,2026-03-31,2026-04-05,2026-04-05
SHP-ORD-07305,ORD-07305,Carrier B,2026-03-31,2026-04-05,2026-04-05
SHP-ORD-07306,ORD-07306,FedEx,2026-03-31,2026-04-05,2026-04-05
SHP-ORD-07307,ORD-07307,DHL,2026-04-01,2026-04-06,2026-04-06
SHP-ORD-07308,ORD-07308,FedEx,2026-04-01,2026-04-06,2026-04-06
SHP-ORD-07309,ORD-07309,DHL,2026-04-01,2026-04-06,2026-04-07
SHP-ORD-07310,ORD-07310,FedEx,2026-04-01,2026-04-06,2026-04-06
SHP-ORD-07311,ORD-07311,DHL,2026-04-01,2026-04-06,2026-04-06
SHP-ORD-07312,ORD-07312,DHL,2026-04-01,2026-04-06,2026-04-07
SHP-ORD-07313,ORD-07313,DHL,2026-04-01,2026-04-06,2026-04-07
SHP-ORD-07314,ORD-07314,DHL,2026-04-01,2026-04-06,2026-04-06
SHP-ORD-07315,ORD-07315,FedEx,2026-04-01,2026-04-06,2026-04-08
SHP-ORD-07316,ORD-07316,FedEx,2026-04-01,2026-04-06,2026-04-08
SHP-ORD-07317,ORD-07317,DHL,2026-04-01,2026-04-06,2026-04-07
SHP-ORD-07318,ORD-07318,FedEx,2026-04-01,2026-04-06,2026-04-08
SHP-ORD-07319,ORD-07319,FedEx,2026-04-01,2026-04-06,2026-04-06
SHP-ORD-07320,ORD-07320,FedEx,2026-04-01,2026-04-06,2026-04-07
SHP-ORD-07321,ORD-07321,FedEx,2026-04-01,2026-04-06,2026-04-08
SHP-ORD-07322,ORD-07322,DHL,2026-04-01,2026-04-06,2026-04-08
SHP-ORD-07323,ORD-07323,DHL,2026-04-01,2026-04-06,2026-04-07
SHP-ORD-07324,ORD-07324,Carrier B,2026-04-01,2026-04-06,2026-04-06
SHP-ORD-07325,ORD-07325,FedEx,2026-04-01,2026-04-06,2026-04-07
SHP-ORD-07326,ORD-07326,Carrier B,2026-04-01,2026-04-06,2026-04-06
SHP-ORD-07327,ORD-07327,DHL,2026-04-01,2026-04-06,2026-04-07
SHP-ORD-07328,ORD-07328,Carrier B,2026-04-01,2026-04-06,2026-04-06
SHP-ORD-07329,ORD-07329,Carrier B,2026-04-02,2026-04-07,2026-04-08
SHP-ORD-07330,ORD-07330,DHL,2026-04-02,2026-04-07,2026-04-07
SHP-ORD-07331,ORD-07331,FedEx,2026-04-02,2026-04-07,2026-04-09
SHP-ORD-07332,ORD-07332,FedEx,2026-04-02,2026-04-07,2026-04-08
SHP-ORD-07333,ORD-07333,FedEx,2026-04-02,2026-04-07,2026-04-09
SHP-ORD-07334,ORD-07334,Carrier B,2026-04-02,2026-04-07,2026-04-07
SHP-ORD-07335,ORD-07335,Carrier B,2026-04-02,2026-04-07,2026-04-09
SHP-ORD-07336,ORD-07336,DHL,2026-04-02,2026-04-07,2026-04-07
SHP-ORD-07337,ORD-07337,Carrier B,2026-04-02,2026-04-07,2026-04-07
SHP-ORD-07338,ORD-07338,Carrier B,2026-04-02,2026-04-07,2026-04-07
SHP-ORD-07339,ORD-07339,DHL,2026-04-02,2026-04-07,2026-04-07
SHP-ORD-07340,ORD-07340,DHL,2026-04-02,2026-04-07,2026-04-08
SHP-ORD-07341,ORD-07341,DHL,2026-04-02,2026-04-07,2026-04-07
SHP-ORD-07342,ORD-07342,DHL,2026-04-02,2026-04-07,2026-04-09
SHP-ORD-07343,ORD-07343,FedEx,2026-04-03,2026-04-08,2026-04-10
SHP-ORD-07344,ORD-07344,DHL,2026-04-03,2026-04-08,2026-04-10
SHP-ORD-07345,ORD-07345,DHL,2026-04-03,2026-04-08,2026-04-08
SHP-ORD-07346,ORD-07346,DHL,2026-04-03,2026-04-08,2026-04-09
SHP-ORD-07347,ORD-07347,Carrier B,2026-04-03,2026-04-08,2026-04-10
SHP-ORD-07348,ORD-07348,FedEx,2026-04-03,2026-04-08,2026-04-09
SHP-ORD-07349,ORD-07349,FedEx,2026-04-03,2026-04-08,2026-04-08
SHP-ORD-07350,ORD-07350,Carrier B,2026-04-03,2026-04-08,2026-04-09
SHP-ORD-07351,ORD-07351,DHL,2026-04-03,2026-04-08,2026-04-09
SHP-ORD-07352,ORD-07352,FedEx,2026-04-03,2026-04-08,2026-04-09
SHP-ORD-07353,ORD-07353,DHL,2026-04-03,2026-04-08,2026-04-08
SHP-ORD-07354,ORD-07354,DHL,2026-04-03,2026-04-08,2026-04-10
SHP-ORD-07355,ORD-07355,Carrier B,2026-04-04,2026-04-09,2026-04-10
SHP-ORD-07356,ORD-07356,DHL,2026-04-04,2026-04-09,2026-04-09
SHP-ORD-07357,ORD-07357,FedEx,2026-04-04,2026-04-09,2026-04-09
SHP-ORD-07358,ORD-07358,DHL,2026-04-04,2026-04-09,2026-04-09
SHP-ORD-07359,ORD-07359,Carrier B,2026-04-04,2026-04-09,2026-04-11
SHP-ORD-07360,ORD-07360,DHL,2026-04-04,2026-04-09,2026-04-11
SHP-ORD-07361,ORD-07361,Carrier B,2026-04-04,2026-04-09,2026-04-10
SHP-ORD-07362,ORD-07362,FedEx,2026-04-04,2026-04-09,2026-04-11
SHP-ORD-07363,ORD-07363,Carrier B,2026-04-04,2026-04-09,2026-04-11
SHP-ORD-07364,ORD-07364,DHL,2026-04-04,2026-04-09,2026-04-11
SHP-ORD-07365,ORD-07365,DHL,2026-04-04,2026-04-09,2026-04-09
SHP-ORD-07366,ORD-07366,FedEx,2026-04-04,2026-04-09,2026-04-11
SHP-ORD-07367,ORD-07367,Carrier B,2026-04-04,2026-04-09,2026-04-09
SHP-ORD-07368,ORD-07368,DHL,2026-04-04,2026-04-09,2026-04-11
SHP-ORD-07369,ORD-07369,Carrier B,2026-04-04,2026-04-09,2026-04-10
SHP-ORD-07370,ORD-07370,FedEx,2026-04-04,2026-04-09,2026-04-11
SHP-ORD-07371,ORD-07371,FedEx,2026-04-04,2026-04-09,2026-04-10
SHP-ORD-07372,ORD-07372,FedEx,2026-04-04,2026-04-09,2026-04-10
SHP-ORD-07373,ORD-07373,DHL,2026-04-04,2026-04-09,2026-04-10
SHP-ORD-07374,ORD-07374,DHL,2026-04-04,2026-04-09,2026-04-11
SHP-ORD-07375,ORD-07375,DHL,2026-04-04,2026-04-09,2026-04-10
SHP-ORD-07376,ORD-07376,DHL,2026-04-04,2026-04-09,2026-04-09
SHP-ORD-07377,ORD-07377,Carrier B,2026-04-04,2026-04-09,2026-04-09
SHP-ORD-07378,ORD-07378,FedEx,2026-04-04,2026-04-09,2026-04-09
SHP-ORD-07379,ORD-07379,FedEx,2026-04-04,2026-04-09,2026-04-10
SHP-ORD-07380,ORD-07380,Carrier B,2026-04-04,2026-04-09,2026-04-09
SHP-ORD-07381,ORD-07381,DHL,2026-04-04,2026-04-09,2026-04-09
SHP-ORD-07382,ORD-07382,DHL,2026-04-05,2026-04-10,2026-04-12
SHP-ORD-07383,ORD-07383,DHL,2026-04-05,2026-04-10,2026-04-11
SHP-ORD-07384,ORD-07384,DHL,2026-04-05,2026-04-10,2026-04-10
SHP-ORD-07385,ORD-07385,FedEx,2026-04-05,2026-04-10,2026-04-12
SHP-ORD-07386,ORD-07386,DHL,2026-04-05,2026-04-10,2026-04-11
SHP-ORD-07387,ORD-07387,Carrier B,2026-04-05,2026-04-10,2026-04-12
SHP-ORD-07388,ORD-07388,DHL,2026-04-05,2026-04-10,2026-04-11
SHP-ORD-07389,ORD-07389,FedEx,2026-04-05,2026-04-10,2026-04-11
SHP-ORD-07390,ORD-07390,DHL,2026-04-05,2026-04-10,2026-04-12
SHP-ORD-07391,ORD-07391,FedEx,2026-04-05,2026-04-10,2026-04-10
SHP-ORD-07392,ORD-07392,FedEx,2026-04-05,2026-04-10,2026-04-11
SHP-ORD-07393,ORD-07393,Carrier B,2026-04-05,2026-04-10,2026-04-11
SHP-ORD-07394,ORD-07394,FedEx,2026-04-05,2026-04-10,2026-04-10
SHP-ORD-07395,ORD-07395,Carrier B,2026-04-05,2026-04-10,2026-04-10
SHP-ORD-07396,ORD-07396,DHL,2026-04-05,2026-04-10,2026-04-10
SHP-ORD-07397,ORD-07397,DHL,2026-04-05,2026-04-10,2026-04-12
SHP-ORD-07398,ORD-07398,DHL,2026-04-05,2026-04-10,2026-04-12
SHP-ORD-07399,ORD-07399,FedEx,2026-04-05,2026-04-10,2026-04-12
SHP-ORD-07400,ORD-07400,DHL,2026-04-05,2026-04-10,2026-04-10
SHP-ORD-07401,ORD-07401,Carrier B,2026-04-05,2026-04-10,2026-04-12
SHP-ORD-07402,ORD-07402,DHL,2026-04-05,2026-04-10,2026-04-10
SHP-ORD-07403,ORD-07403,DHL,2026-04-05,2026-04-10,2026-04-11
SHP-ORD-07404,ORD-07404,Carrier B,2026-04-05,2026-04-10,2026-04-11
SHP-ORD-07405,ORD-07405,FedEx,2026-04-05,2026-04-10,2026-04-12
SHP-ORD-07406,ORD-07406,FedEx,2026-04-05,2026-04-10,2026-04-12
SHP-ORD-07407,ORD-07407,FedEx,2026-04-05,2026-04-10,2026-04-12
SHP-ORD-07408,ORD-07408,DHL,2026-04-05,2026-04-10,2026-04-11
SHP-ORD-07409,ORD-07409,Carrier B,2026-04-06,2026-04-11,2026-04-11
SHP-ORD-07410,ORD-07410,DHL,2026-04-06,2026-04-11,2026-04-13
SHP-ORD-07411,ORD-07411,Carrier B,2026-04-06,2026-04-11,2026-04-11
SHP-ORD-07412,ORD-07412,DHL,2026-04-06,2026-04-11,2026-04-13
SHP-ORD-07413,ORD-07413,FedEx,2026-04-06,2026-04-11,2026-04-12
SHP-ORD-07414,ORD-07414,FedEx,2026-04-06,2026-04-11,2026-04-11
SHP-ORD-07415,ORD-07415,Carrier B,2026-04-06,2026-04-11,2026-04-12
SHP-ORD-07416,ORD-07416,FedEx,2026-04-06,2026-04-11,2026-04-13
SHP-ORD-07417,ORD-07417,DHL,2026-04-06,2026-04-11,2026-04-12
SHP-ORD-07418,ORD-07418,FedEx,2026-04-06,2026-04-11,2026-04-12
SHP-ORD-07419,ORD-07419,FedEx,2026-04-06,2026-04-11,2026-04-11
SHP-ORD-07420,ORD-07420,DHL,2026-04-06,2026-04-11,2026-04-11
SHP-ORD-07421,ORD-07421,FedEx,2026-04-06,2026-04-11,2026-04-11
SHP-ORD-07422,ORD-07422,Carrier B,2026-04-07,2026-04-12,2026-04-13
SHP-ORD-07423,ORD-07423,DHL,2026-04-07,2026-04-12,2026-04-14
SHP-ORD-07424,ORD-07424,DHL,2026-04-07,2026-04-12,2026-04-12
SHP-ORD-07425,ORD-07425,DHL,2026-04-07,2026-04-12,2026-04-14
SHP-ORD-07426,ORD-07426,DHL,2026-04-07,2026-04-12,2026-04-13
SHP-ORD-07427,ORD-07427,Carrier B,2026-04-07,2026-04-12,2026-04-13
SHP-ORD-07428,ORD-07428,FedEx,2026-04-07,2026-04-12,2026-04-12
SHP-ORD-07429,ORD-07429,FedEx,2026-04-07,2026-04-12,2026-04-13
SHP-ORD-07430,ORD-07430,FedEx,2026-04-07,2026-04-12,2026-04-13
SHP-ORD-07431,ORD-07431,Carrier B,2026-04-07,2026-04-12,2026-04-13
SHP-ORD-07432,ORD-07432,Carrier B,2026-04-07,2026-04-12,2026-04-12
SHP-ORD-07433,ORD-07433,FedEx,2026-04-07,2026-04-12,2026-04-14
SHP-ORD-07434,ORD-07434,DHL,2026-04-07,2026-04-12,2026-04-13
SHP-ORD-07435,ORD-07435,FedEx,2026-04-07,2026-04-12,2026-04-12
SHP-ORD-07436,ORD-07436,FedEx,2026-04-07,2026-04-12,2026-04-13
SHP-ORD-07437,ORD-07437,DHL,2026-04-08,2026-04-13,2026-04-14
SHP-ORD-07438,ORD-07438,FedEx,2026-04-08,2026-04-13,2026-04-15
SHP-ORD-07439,ORD-07439,DHL,2026-04-08,2026-04-13,2026-04-14
SHP-ORD-07440,ORD-07440,DHL,2026-04-08,2026-04-13,2026-04-14
SHP-ORD-07441,ORD-07441,DHL,2026-04-08,2026-04-13,2026-04-13
SHP-ORD-07442,ORD-07442,DHL,2026-04-08,2026-04-13,2026-04-13
SHP-ORD-07443,ORD-07443,DHL,2026-04-08,2026-04-13,2026-04-14
SHP-ORD-07444,ORD-07444,DHL,2026-04-08,2026-04-13,2026-04-14
SHP-ORD-07445,ORD-07445,FedEx,2026-04-08,2026-04-13,2026-04-13
SHP-ORD-07446,ORD-07446,DHL,2026-04-08,2026-04-13,2026-04-15
