order_id,client_id,order_date,sku_ordered,quantity,order_status,total_amount
ORD-00001,CLI-0015,2025-04-01,SKU-H01,62,Completed,990.14
ORD-00002,CLI-0095,2025-04-01,SKU-H01,190,Completed,3034.3
ORD-00003,CLI-0032,2025-04-01,SKU-H01,164,Completed,2619.08
ORD-00004,CLI-0018,2025-04-01,SKU-006,427,Completed,24496.989999999998
ORD-00005,CLI-0014,2025-04-01,SKU-002,396,Completed,51844.31999999999
ORD-00006,CLI-0095,2025-04-01,SKU-H01,329,Completed,5254.13
ORD-00007,CLI-0012,2025-04-01,SKU-H01,352,Completed,5621.4400000000005
ORD-00008,CLI-0055,2025-04-01,SKU-H01,66,Completed,1054.02
ORD-00009,CLI-0004,2025-04-01,SKU-011,97,Completed,6309.849999999999
ORD-00010,CLI-0028,2025-04-01,SKU-011,169,Completed,10993.449999999999
ORD-00011,CLI-0065,2025-04-01,SKU-H01,358,Completed,5717.26
ORD-00012,CLI-0004,2025-04-01,SKU-Z99,337,Completed,168500.0
ORD-00013,CLI-0026,2025-04-01,SKU-H01,416,Completed,6643.52
ORD-00014,CLI-0084,2025-04-01,SKU-019,409,Completed,73452.31
ORD-00015,CLI-0070,2025-04-01,SKU-002,264,Completed,34562.88
ORD-00016,CLI-0029,2025-04-01,SKU-H01,279,Completed,4455.63
ORD-00017,CLI-0076,2025-04-01,SKU-H01,192,Completed,3066.2400000000002
ORD-00018,CLI-0001,2025-04-01,SKU-009,438,Completed,23419.86
ORD-00019,CLI-0021,2025-04-01,SKU-010,407,Completed,10024.41
ORD-00020,CLI-0055,2025-04-01,SKU-005,224,Completed,40866.56
ORD-00021,CLI-0036,2025-04-01,SKU-003,129,Completed,8995.17
ORD-00022,CLI-0028,2025-04-01,SKU-006,440,Completed,25242.8
ORD-00023,CLI-0044,2025-04-01,SKU-007,102,Completed,8972.94
ORD-00024,CLI-0012,2025-04-01,SKU-H01,244,Completed,3896.6800000000003
ORD-00025,CLI-0013,2025-04-01,SKU-H01,233,Completed,3721.01
ORD-00026,CLI-0045,2025-04-01,SKU-H01,359,Completed,5733.2300000000005
ORD-00027,CLI-0034,2025-04-01,SKU-014,463,Completed,75719.01999999999
ORD-00028,CLI-0006,2025-04-01,SKU-004,423,Completed,45104.49
ORD-00029,CLI-0059,2025-04-01,SKU-019,324,Completed,58187.16
ORD-00030,CLI-0016,2025-04-01,SKU-H01,243,Completed,3880.71
ORD-00031,CLI-0071,2025-04-02,SKU-014,200,Completed,32708.0
ORD-00032,CLI-0081,2025-04-02,SKU-014,366,Completed,59855.64
ORD-00033,CLI-0047,2025-04-02,SKU-H01,345,Completed,5509.650000000001
ORD-00034,CLI-0025,2025-04-02,SKU-005,410,Completed,74800.4
ORD-00035,CLI-0009,2025-04-02,SKU-011,73,Completed,4748.65
ORD-00036,CLI-0085,2025-04-02,SKU-015,166,Completed,21638.1
ORD-00037,CLI-0099,2025-04-02,SKU-H01,198,Completed,3162.06
ORD-00038,CLI-0011,2025-04-02,SKU-H01,487,Completed,7777.39
ORD-00039,CLI-0030,2025-04-02,SKU-011,493,Completed,32069.649999999998
ORD-00040,CLI-0013,2025-04-02,SKU-014,244,Completed,39903.759999999995
ORD-00041,CLI-0036,2025-04-02,SKU-H01,282,Completed,4503.54
ORD-00042,CLI-0082,2025-04-02,SKU-H01,477,Completed,7617.6900000000005
ORD-00043,CLI-0021,2025-04-03,SKU-018,239,Completed,10862.550000000001
ORD-00044,CLI-0046,2025-04-03,SKU-H01,157,Completed,2507.29
ORD-00045,CLI-0086,2025-04-03,SKU-005,186,Completed,33933.84
ORD-00046,CLI-0090,2025-04-03,SKU-015,399,Completed,52009.649999999994
ORD-00047,CLI-0083,2025-04-03,SKU-010,86,Completed,2118.18
ORD-00048,CLI-0078,2025-04-03,SKU-012,375,Completed,15236.250000000002
ORD-00049,CLI-0022,2025-04-03,SKU-H01,323,Completed,5158.31
ORD-00050,CLI-0094,2025-04-03,SKU-006,175,Completed,10039.75
ORD-00051,CLI-0021,2025-04-03,SKU-011,286,Completed,18604.3
ORD-00052,CLI-0049,2025-04-03,SKU-H01,188,Completed,3002.36
ORD-00053,CLI-0082,2025-04-03,SKU-H01,402,Completed,6419.9400000000005
ORD-00054,CLI-0072,2025-04-03,SKU-019,162,Completed,29093.58
ORD-00055,CLI-0088,2025-04-03,SKU-005,216,Completed,39407.04
ORD-00056,CLI-0099,2025-04-03,SKU-H01,447,Completed,7138.59
ORD-00057,CLI-0008,2025-04-03,SKU-Z99,167,Completed,83500.0
ORD-00058,CLI-0005,2025-04-03,SKU-019,462,Completed,82970.58
ORD-00059,CLI-0041,2025-04-03,SKU-006,255,Completed,14629.349999999999
ORD-00060,CLI-0035,2025-04-03,SKU-016,83,Completed,14573.140000000001
ORD-00061,CLI-0028,2025-04-03,SKU-H01,340,Completed,5429.8
ORD-00062,CLI-0092,2025-04-03,SKU-H01,211,Completed,3369.67
ORD-00063,CLI-0028,2025-04-03,SKU-011,385,Completed,25044.25
ORD-00064,CLI-0051,2025-04-04,SKU-015,379,Completed,49402.65
ORD-00065,CLI-0059,2025-04-04,SKU-015,123,Completed,16033.05
ORD-00066,CLI-0034,2025-04-04,SKU-002,121,Completed,15841.319999999998
ORD-00067,CLI-0032,2025-04-04,SKU-016,431,Completed,75674.98000000001
ORD-00068,CLI-0072,2025-04-04,SKU-015,325,Completed,42363.75
ORD-00069,CLI-0034,2025-04-04,SKU-018,432,Completed,19634.4
ORD-00070,CLI-0075,2025-04-04,SKU-013,269,Completed,50206.159999999996
ORD-00071,CLI-0075,2025-04-04,SKU-010,254,Completed,6256.0199999999995
ORD-00072,CLI-0047,2025-04-04,SKU-007,162,Completed,14251.14
ORD-00073,CLI-0018,2025-04-04,SKU-H01,310,Completed,4950.7
ORD-00074,CLI-0064,2025-04-04,SKU-018,96,Completed,4363.200000000001
ORD-00075,CLI-0097,2025-04-04,SKU-019,74,Completed,13289.66
ORD-00076,CLI-0015,2025-04-04,SKU-H01,128,Completed,2044.16
ORD-00077,CLI-0081,2025-04-04,SKU-H01,131,Completed,2092.07
ORD-00078,CLI-0088,2025-04-04,SKU-004,266,Completed,28363.579999999998
ORD-00079,CLI-0077,2025-04-04,SKU-003,82,Completed,5717.860000000001
ORD-00080,CLI-0050,2025-04-04,SKU-Z99,245,Completed,122500.0
ORD-00081,CLI-0077,2025-04-04,SKU-H01,289,Completed,4615.33
ORD-00082,CLI-0068,2025-04-04,SKU-H01,178,Completed,2842.6600000000003
ORD-00083,CLI-0071,2025-04-04,SKU-004,490,Completed,52248.7
ORD-00084,CLI-0002,2025-04-04,SKU-H01,398,Completed,6356.06
ORD-00085,CLI-0093,2025-04-04,SKU-H01,108,Completed,1724.76
ORD-00086,CLI-0088,2025-04-04,SKU-012,324,Completed,13164.12
ORD-00087,CLI-0097,2025-04-04,SKU-011,186,Completed,12099.3
ORD-00088,CLI-0099,2025-04-04,SKU-H01,378,Completed,6036.66
ORD-00089,CLI-0015,2025-04-05,SKU-006,200,Completed,11474.0
ORD-00090,CLI-0056,2025-04-05,SKU-005,130,Completed,23717.2
ORD-00091,CLI-0059,2025-04-05,SKU-009,51,Completed,2726.97
ORD-00092,CLI-0093,2025-04-05,SKU-H01,498,Completed,7953.06
ORD-00093,CLI-0093,2025-04-05,SKU-007,184,Completed,16186.48
ORD-00094,CLI-0065,2025-04-05,SKU-019,440,Completed,79019.6
ORD-00095,CLI-0023,2025-04-05,SKU-004,309,Completed,32948.67
ORD-00096,CLI-0014,2025-04-05,SKU-017,495,Completed,80536.5
ORD-00097,CLI-0081,2025-04-05,SKU-003,202,Completed,14085.460000000001
ORD-00098,CLI-0082,2025-04-05,SKU-H01,309,Completed,4934.7300000000005
ORD-00099,CLI-0078,2025-04-05,SKU-009,151,Completed,8073.97
ORD-00100,CLI-0020,2025-04-05,SKU-010,241,Completed,5935.83
ORD-00101,CLI-0098,2025-04-05,SKU-016,132,Completed,23176.56
ORD-00102,CLI-0070,2025-04-05,SKU-H01,448,Completed,7154.56
ORD-00103,CLI-0068,2025-04-05,SKU-005,50,Completed,9122.0
ORD-00104,CLI-0077,2025-04-05,SKU-007,215,Completed,18913.55
ORD-00105,CLI-0063,2025-04-05,SKU-013,59,Completed,11011.759999999998
ORD-00106,CLI-0015,2025-04-05,SKU-H01,235,Completed,3752.9500000000003
ORD-00107,CLI-0040,2025-04-05,SKU-Z99,172,Completed,86000.0
ORD-00108,CLI-0008,2025-04-05,SKU-004,173,Completed,18446.989999999998
ORD-00109,CLI-0011,2025-04-06,SKU-H01,93,Completed,1485.21
ORD-00110,CLI-0094,2025-04-06,SKU-016,298,Completed,52322.840000000004
ORD-00111,CLI-0009,2025-04-06,SKU-012,439,Completed,17836.57
ORD-00112,CLI-0069,2025-04-06,SKU-018,442,Completed,20088.9
ORD-00113,CLI-0017,2025-04-06,SKU-H01,115,Completed,1836.5500000000002
ORD-00114,CLI-0085,2025-04-06,SKU-006,293,Completed,16809.41
ORD-00115,CLI-0071,2025-04-06,SKU-007,134,Completed,11787.98
ORD-00116,CLI-0034,2025-04-06,SKU-019,320,Completed,57468.8
ORD-00117,CLI-0078,2025-04-06,SKU-H01,266,Completed,4248.02
ORD-00118,CLI-0028,2025-04-06,SKU-H01,326,Completed,5206.22
ORD-00119,CLI-0097,2025-04-06,SKU-H01,423,Completed,6755.31
ORD-00120,CLI-0089,2025-04-06,SKU-H01,152,Completed,2427.44
ORD-00121,CLI-0092,2025-04-06,SKU-004,209,Completed,22285.67
ORD-00122,CLI-0052,2025-04-06,SKU-H01,393,Completed,6276.21
ORD-00123,CLI-0084,2025-04-06,SKU-H01,241,Completed,3848.77
ORD-00124,CLI-0057,2025-04-06,SKU-015,314,Completed,40929.9
ORD-00125,CLI-0058,2025-04-06,SKU-018,111,Completed,5044.950000000001
ORD-00126,CLI-0032,2025-04-06,SKU-H01,165,Completed,2635.05
ORD-00127,CLI-0009,2025-04-06,SKU-H01,223,Completed,3561.31
ORD-00128,CLI-0003,2025-04-06,SKU-010,351,Completed,8645.13
ORD-00129,CLI-0071,2025-04-06,SKU-H01,167,Completed,2666.9900000000002
ORD-00130,CLI-0076,2025-04-06,SKU-H01,162,Completed,2587.1400000000003
ORD-00131,CLI-0001,2025-04-06,SKU-H01,86,Completed,1373.42
ORD-00132,CLI-0091,2025-04-06,SKU-H01,373,Completed,5956.81
ORD-00133,CLI-0008,2025-04-06,SKU-015,167,Completed,21768.45
ORD-00134,CLI-0009,2025-04-06,SKU-H01,66,Completed,1054.02
ORD-00135,CLI-0043,2025-04-06,SKU-011,86,Completed,5594.3
ORD-00136,CLI-0066,2025-04-06,SKU-006,171,Completed,9810.27
ORD-00137,CLI-0086,2025-04-07,SKU-H01,298,Completed,4759.06
ORD-00138,CLI-0028,2025-04-07,SKU-002,326,Completed,42679.92
ORD-00139,CLI-0017,2025-04-07,SKU-H01,420,Completed,6707.400000000001
ORD-00140,CLI-0074,2025-04-07,SKU-008,345,Completed,52974.75000000001
ORD-00141,CLI-0061,2025-04-07,SKU-H01,174,Completed,2778.78
ORD-00142,CLI-0061,2025-04-07,SKU-H01,463,Completed,7394.110000000001
ORD-00143,CLI-0053,2025-04-07,SKU-008,147,Completed,22571.850000000002
ORD-00144,CLI-0013,2025-04-07,SKU-H01,99,Completed,1581.03
ORD-00145,CLI-0085,2025-04-07,SKU-H01,270,Completed,4311.900000000001
ORD-00146,CLI-0046,2025-04-07,SKU-H01,266,Completed,4248.02
ORD-00147,CLI-0053,2025-04-07,SKU-H01,289,Completed,4615.33
ORD-00148,CLI-0094,2025-04-07,SKU-016,77,Completed,13519.660000000002
ORD-00149,CLI-0087,2025-04-07,SKU-H01,384,Completed,6132.4800000000005
ORD-00150,CLI-0083,2025-04-07,SKU-007,100,Completed,8797.0
ORD-00151,CLI-0008,2025-04-07,SKU-003,256,Completed,17850.88
ORD-00152,CLI-0094,2025-04-07,SKU-010,223,Completed,5492.49
ORD-00153,CLI-0014,2025-04-07,SKU-H01,177,Completed,2826.69
ORD-00154,CLI-0025,2025-04-07,SKU-H01,147,Completed,2347.59
ORD-00155,CLI-0058,2025-04-08,SKU-019,121,Completed,21730.39
ORD-00156,CLI-0055,2025-04-08,SKU-015,143,Completed,18640.05
ORD-00157,CLI-0036,2025-04-08,SKU-016,286,Completed,50215.880000000005
ORD-00158,CLI-0032,2025-04-08,SKU-H01,497,Completed,7937.09
ORD-00159,CLI-0010,2025-04-08,SKU-H01,276,Completed,4407.72
ORD-00160,CLI-0071,2025-04-08,SKU-H01,100,Completed,1597.0
ORD-00161,CLI-0007,2025-04-08,SKU-006,383,Completed,21972.71
ORD-00162,CLI-0070,2025-04-08,SKU-H01,478,Completed,7633.66
ORD-00163,CLI-0002,2025-04-08,SKU-015,97,Completed,12643.949999999999
ORD-00164,CLI-0097,2025-04-08,SKU-H01,484,Completed,7729.4800000000005
ORD-00165,CLI-0031,2025-04-08,SKU-019,135,Completed,24244.65
ORD-00166,CLI-0053,2025-04-08,SKU-003,298,Completed,20779.54
ORD-00167,CLI-0062,2025-04-08,SKU-015,159,Completed,20725.649999999998
ORD-00168,CLI-0052,2025-04-08,SKU-H01,80,Completed,1277.6000000000001
ORD-00169,CLI-0022,2025-04-08,SKU-002,244,Completed,31944.479999999996
ORD-00170,CLI-0001,2025-04-08,SKU-011,249,Completed,16197.449999999999
ORD-00171,CLI-0034,2025-04-08,SKU-H01,451,Completed,7202.47
ORD-00172,CLI-0059,2025-04-08,SKU-H01,196,Completed,3130.1200000000003
ORD-00173,CLI-0055,2025-04-08,SKU-019,406,Completed,72913.54000000001
ORD-00174,CLI-0094,2025-04-08,SKU-011,451,Completed,29337.55
ORD-00175,CLI-0072,2025-04-08,SKU-H01,388,Completed,6196.360000000001
ORD-00176,CLI-0092,2025-04-08,SKU-H01,299,Completed,4775.03
ORD-00177,CLI-0020,2025-04-08,SKU-003,147,Completed,10250.310000000001
ORD-00178,CLI-0038,2025-04-08,SKU-012,161,Completed,6541.43
ORD-00179,CLI-0008,2025-04-08,SKU-H01,346,Completed,5525.62
ORD-00180,CLI-0095,2025-04-08,SKU-H01,327,Completed,5222.1900000000005
ORD-00181,CLI-0008,2025-04-08,SKU-H01,432,Completed,6899.04
ORD-00182,CLI-0008,2025-04-09,SKU-002,75,Completed,9818.999999999998
ORD-00183,CLI-0075,2025-04-09,SKU-010,294,Completed,7241.219999999999
ORD-00184,CLI-0065,2025-04-09,SKU-H01,486,Completed,7761.42
ORD-00185,CLI-0068,2025-04-09,SKU-017,130,Completed,21151.0
ORD-00186,CLI-0008,2025-04-09,SKU-003,310,Completed,21616.300000000003
ORD-00187,CLI-0011,2025-04-09,SKU-H01,485,Completed,7745.450000000001
ORD-00188,CLI-0024,2025-04-09,SKU-H01,85,Completed,1357.45
ORD-00189,CLI-0077,2025-04-09,SKU-H01,84,Completed,1341.48
ORD-00190,CLI-0087,2025-04-09,SKU-018,491,Completed,22315.95
ORD-00191,CLI-0031,2025-04-09,SKU-009,256,Completed,13688.32
ORD-00192,CLI-0016,2025-04-09,SKU-005,341,Completed,62212.04
ORD-00193,CLI-0032,2025-04-09,SKU-009,346,Completed,18500.62
ORD-00194,CLI-0077,2025-04-09,SKU-003,70,Completed,4881.1
ORD-00195,CLI-0080,2025-04-09,SKU-012,91,Completed,3697.3300000000004
ORD-00196,CLI-0054,2025-04-09,SKU-H01,386,Completed,6164.42
ORD-00197,CLI-0075,2025-04-09,SKU-007,339,Completed,29821.829999999998
ORD-00198,CLI-0067,2025-04-09,SKU-H01,211,Completed,3369.67
ORD-00199,CLI-0034,2025-04-09,SKU-H01,154,Completed,2459.38
ORD-00200,CLI-0086,2025-04-09,SKU-H01,416,Completed,6643.52
ORD-00201,CLI-0041,2025-04-09,SKU-H01,172,Completed,2746.84
ORD-00202,CLI-0051,2025-04-10,SKU-H01,117,Completed,1868.49
ORD-00203,CLI-0086,2025-04-10,SKU-H01,380,Completed,6068.6
ORD-00204,CLI-0039,2025-04-10,SKU-019,284,Completed,51003.56
ORD-00205,CLI-0041,2025-04-10,SKU-H01,434,Completed,6930.9800000000005
ORD-00206,CLI-0010,2025-04-10,SKU-H01,54,Completed,862.38
ORD-00207,CLI-0059,2025-04-10,SKU-013,368,Completed,68683.51999999999
ORD-00208,CLI-0073,2025-04-10,SKU-014,101,Completed,16517.54
ORD-00209,CLI-0010,2025-04-10,SKU-H01,325,Completed,5190.25
ORD-00210,CLI-0028,2025-04-10,SKU-003,309,Completed,21546.57
ORD-00211,CLI-0034,2025-04-10,SKU-009,117,Completed,6255.99
ORD-00212,CLI-0045,2025-04-10,SKU-H01,85,Completed,1357.45
ORD-00213,CLI-0032,2025-04-10,SKU-018,239,Completed,10862.550000000001
ORD-00214,CLI-0037,2025-04-10,SKU-016,130,Completed,22825.4
ORD-00215,CLI-0057,2025-04-10,SKU-H01,476,Completed,7601.72
ORD-00216,CLI-0070,2025-04-10,SKU-H01,410,Completed,6547.7
ORD-00217,CLI-0039,2025-04-10,SKU-018,363,Completed,16498.350000000002
ORD-00218,CLI-0084,2025-04-10,SKU-005,320,Completed,58380.8
ORD-00219,CLI-0002,2025-04-10,SKU-006,391,Completed,22431.67
ORD-00220,CLI-0039,2025-04-11,SKU-010,389,Completed,9581.07
ORD-00221,CLI-0014,2025-04-11,SKU-008,499,Completed,76621.45000000001
ORD-00222,CLI-0018,2025-04-11,SKU-018,185,Completed,8408.25
ORD-00223,CLI-0015,2025-04-11,SKU-018,104,Completed,4726.8
ORD-00224,CLI-0096,2025-04-11,SKU-016,333,Completed,58468.14000000001
ORD-00225,CLI-0020,2025-04-11,SKU-009,189,Completed,10105.83
ORD-00226,CLI-0037,2025-04-11,SKU-014,359,Completed,58710.86
ORD-00227,CLI-0027,2025-04-11,SKU-010,417,Completed,10270.71
ORD-00228,CLI-0044,2025-04-11,SKU-007,154,Completed,13547.38
ORD-00229,CLI-0088,2025-04-11,SKU-H01,374,Completed,5972.780000000001
ORD-00230,CLI-0034,2025-04-11,SKU-014,308,Completed,50370.32
ORD-00231,CLI-0063,2025-04-11,SKU-014,178,Completed,29110.12
ORD-00232,CLI-0007,2025-04-11,SKU-008,97,Completed,14894.35
ORD-00233,CLI-0082,2025-04-11,SKU-014,266,Completed,43501.64
ORD-00234,CLI-0036,2025-04-11,SKU-009,72,Completed,3849.84
ORD-00235,CLI-0001,2025-04-11,SKU-H01,220,Completed,3513.4
ORD-00236,CLI-0099,2025-04-11,SKU-H01,116,Completed,1852.52
ORD-00237,CLI-0082,2025-04-11,SKU-H01,184,Completed,2938.48
ORD-00238,CLI-0021,2025-04-11,SKU-H01,429,Completed,6851.13
ORD-00239,CLI-0057,2025-04-11,SKU-H01,332,Completed,5302.04
ORD-00240,CLI-0091,2025-04-11,SKU-008,268,Completed,41151.4
ORD-00241,CLI-0072,2025-04-11,SKU-H01,54,Completed,862.38
ORD-00242,CLI-0015,2025-04-11,SKU-009,88,Completed,4705.36
ORD-00243,CLI-0089,2025-04-11,SKU-H01,126,Completed,2012.22
ORD-00244,CLI-0070,2025-04-11,SKU-010,68,Completed,1674.84
ORD-00245,CLI-0048,2025-04-11,SKU-H01,348,Completed,5557.56
ORD-00246,CLI-0071,2025-04-11,SKU-H01,125,Completed,1996.25
ORD-00247,CLI-0017,2025-04-12,SKU-004,71,Completed,7570.73
ORD-00248,CLI-0040,2025-04-12,SKU-010,236,Completed,5812.679999999999
ORD-00249,CLI-0006,2025-04-12,SKU-H01,233,Completed,3721.01
ORD-00250,CLI-0027,2025-04-12,SKU-018,399,Completed,18134.550000000003
ORD-00251,CLI-0032,2025-04-12,SKU-H01,391,Completed,6244.27
ORD-00252,CLI-0014,2025-04-12,SKU-002,231,Completed,30242.519999999997
ORD-00253,CLI-0100,2025-04-12,SKU-019,336,Completed,60342.24
ORD-00254,CLI-0053,2025-04-12,SKU-006,367,Completed,21054.79
ORD-00255,CLI-0096,2025-04-12,SKU-002,129,Completed,16888.679999999997
ORD-00256,CLI-0031,2025-04-12,SKU-007,492,Completed,43281.24
ORD-00257,CLI-0021,2025-04-12,SKU-007,459,Completed,40378.229999999996
ORD-00258,CLI-0023,2025-04-12,SKU-012,261,Completed,10604.43
ORD-00259,CLI-0004,2025-04-12,SKU-H01,141,Completed,2251.77
ORD-00260,CLI-0095,2025-04-12,SKU-H01,220,Completed,3513.4
ORD-00261,CLI-0053,2025-04-12,SKU-007,460,Completed,40466.2
ORD-00262,CLI-0086,2025-04-12,SKU-016,492,Completed,86385.36
ORD-00263,CLI-0095,2025-04-12,SKU-006,465,Completed,26677.05
ORD-00264,CLI-0032,2025-04-12,SKU-H01,186,Completed,2970.42
ORD-00265,CLI-0021,2025-04-12,SKU-010,453,Completed,11157.39
ORD-00266,CLI-0090,2025-04-12,SKU-012,105,Completed,4266.150000000001
ORD-00267,CLI-0049,2025-04-12,SKU-H01,496,Completed,7921.12
ORD-00268,CLI-0005,2025-04-12,SKU-H01,489,Completed,7809.33
ORD-00269,CLI-0061,2025-04-12,SKU-006,163,Completed,9351.31
ORD-00270,CLI-0059,2025-04-13,SKU-004,229,Completed,24418.27
ORD-00271,CLI-0040,2025-04-13,SKU-H01,470,Completed,7505.900000000001
ORD-00272,CLI-0030,2025-04-13,SKU-H01,164,Completed,2619.08
ORD-00273,CLI-0004,2025-04-13,SKU-H01,387,Completed,6180.39
ORD-00274,CLI-0025,2025-04-13,SKU-H01,254,Completed,4056.38
ORD-00275,CLI-0043,2025-04-13,SKU-019,192,Completed,34481.28
ORD-00276,CLI-0009,2025-04-13,SKU-015,445,Completed,58005.75
ORD-00277,CLI-0036,2025-04-13,SKU-H01,229,Completed,3657.13
ORD-00278,CLI-0083,2025-04-13,SKU-018,310,Completed,14089.5
ORD-00279,CLI-0052,2025-04-13,SKU-010,397,Completed,9778.109999999999
ORD-00280,CLI-0069,2025-04-13,SKU-004,219,Completed,23351.969999999998
ORD-00281,CLI-0004,2025-04-13,SKU-004,109,Completed,11622.67
ORD-00282,CLI-0034,2025-04-13,SKU-H01,141,Completed,2251.77
ORD-00283,CLI-0075,2025-04-13,SKU-H01,185,Completed,2954.4500000000003
ORD-00284,CLI-0005,2025-04-13,SKU-008,105,Completed,16122.750000000002
ORD-00285,CLI-0077,2025-04-13,SKU-006,272,Completed,15604.64
ORD-00286,CLI-0094,2025-04-14,SKU-H01,452,Completed,7218.4400000000005
ORD-00287,CLI-0041,2025-04-14,SKU-018,273,Completed,12407.85
ORD-00288,CLI-0078,2025-04-14,SKU-013,311,Completed,58045.03999999999
ORD-00289,CLI-0015,2025-04-14,SKU-H01,247,Completed,3944.59
ORD-00290,CLI-0074,2025-04-14,SKU-018,147,Completed,6681.150000000001
ORD-00291,CLI-0033,2025-04-14,SKU-019,72,Completed,12930.48
ORD-00292,CLI-0091,2025-04-14,SKU-Z99,273,Completed,136500.0
ORD-00293,CLI-0001,2025-04-14,SKU-H01,316,Completed,5046.52
ORD-00294,CLI-0069,2025-04-14,SKU-012,401,Completed,16292.630000000001
ORD-00295,CLI-0093,2025-04-14,SKU-006,429,Completed,24611.73
ORD-00296,CLI-0095,2025-04-14,SKU-011,393,Completed,25564.649999999998
ORD-00297,CLI-0026,2025-04-14,SKU-019,236,Completed,42383.24
ORD-00298,CLI-0056,2025-04-14,SKU-010,85,Completed,2093.5499999999997
ORD-00299,CLI-0086,2025-04-14,SKU-015,219,Completed,28546.649999999998
ORD-00300,CLI-0080,2025-04-14,SKU-016,210,Completed,36871.8
ORD-00301,CLI-0085,2025-04-14,SKU-015,484,Completed,63089.399999999994
ORD-00302,CLI-0016,2025-04-14,SKU-002,418,Completed,54724.56
ORD-00303,CLI-0039,2025-04-14,SKU-H01,309,Completed,4934.7300000000005
ORD-00304,CLI-0040,2025-04-14,SKU-H01,391,Completed,6244.27
ORD-00305,CLI-0053,2025-04-14,SKU-017,217,Completed,35305.899999999994
ORD-00306,CLI-0052,2025-04-14,SKU-H01,406,Completed,6483.820000000001
ORD-00307,CLI-0071,2025-04-15,SKU-005,115,Completed,20980.6
ORD-00308,CLI-0025,2025-04-15,SKU-H01,265,Completed,4232.05
ORD-00309,CLI-0086,2025-04-15,SKU-007,244,Completed,21464.68
ORD-00310,CLI-0087,2025-04-15,SKU-016,433,Completed,76026.14
ORD-00311,CLI-0023,2025-04-15,SKU-016,365,Completed,64086.700000000004
ORD-00312,CLI-0073,2025-04-15,SKU-H01,204,Completed,3257.88
ORD-00313,CLI-0052,2025-04-15,SKU-017,330,Completed,53690.99999999999
ORD-00314,CLI-0001,2025-04-15,SKU-007,205,Completed,18033.85
ORD-00315,CLI-0037,2025-04-15,SKU-H01,157,Completed,2507.29
ORD-00316,CLI-0056,2025-04-15,SKU-011,452,Completed,29402.6
ORD-00317,CLI-0075,2025-04-15,SKU-004,360,Completed,38386.799999999996
ORD-00318,CLI-0084,2025-04-15,SKU-H01,214,Completed,3417.58
ORD-00319,CLI-0060,2025-04-15,SKU-011,276,Completed,17953.8
ORD-00320,CLI-0057,2025-04-15,SKU-H01,395,Completed,6308.150000000001
ORD-00321,CLI-0028,2025-04-15,SKU-H01,311,Completed,4966.67
ORD-00322,CLI-0061,2025-04-15,SKU-003,456,Completed,31796.88
ORD-00323,CLI-0095,2025-04-15,SKU-H01,136,Completed,2171.92
ORD-00324,CLI-0085,2025-04-15,SKU-002,93,Completed,12175.56
ORD-00325,CLI-0037,2025-04-15,SKU-007,313,Completed,27534.61
ORD-00326,CLI-0080,2025-04-16,SKU-012,221,Completed,8979.230000000001
ORD-00327,CLI-0012,2025-04-16,SKU-013,469,Completed,87534.15999999999
ORD-00328,CLI-0097,2025-04-16,SKU-014,170,Completed,27801.8
ORD-00329,CLI-0087,2025-04-16,SKU-012,208,Completed,8451.04
ORD-00330,CLI-0029,2025-04-16,SKU-010,462,Completed,11379.06
ORD-00331,CLI-0026,2025-04-16,SKU-H01,125,Completed,1996.25
ORD-00332,CLI-0004,2025-04-16,SKU-002,73,Completed,9557.16
ORD-00333,CLI-0032,2025-04-16,SKU-004,293,Completed,31242.59
ORD-00334,CLI-0079,2025-04-16,SKU-H01,485,Completed,7745.450000000001
ORD-00335,CLI-0099,2025-04-16,SKU-005,87,Completed,15872.28
ORD-00336,CLI-0059,2025-04-16,SKU-003,262,Completed,18269.260000000002
ORD-00337,CLI-0081,2025-04-16,SKU-014,344,Completed,56257.759999999995
ORD-00338,CLI-0025,2025-04-16,SKU-019,417,Completed,74889.03
ORD-00339,CLI-0090,2025-04-16,SKU-006,246,Completed,14113.019999999999
ORD-00340,CLI-0064,2025-04-16,SKU-H01,254,Completed,4056.38
ORD-00341,CLI-0032,2025-04-16,SKU-H01,125,Completed,1996.25
ORD-00342,CLI-0084,2025-04-16,SKU-018,402,Completed,18270.9
ORD-00343,CLI-0001,2025-04-16,SKU-017,434,Completed,70611.79999999999
ORD-00344,CLI-0099,2025-04-16,SKU-H01,104,Completed,1660.88
ORD-00345,CLI-0100,2025-04-16,SKU-011,267,Completed,17368.35
ORD-00346,CLI-0029,2025-04-16,SKU-H01,140,Completed,2235.8
ORD-00347,CLI-0090,2025-04-16,SKU-H01,315,Completed,5030.55
ORD-00348,CLI-0060,2025-04-16,SKU-H01,75,Completed,1197.75
ORD-00349,CLI-0072,2025-04-16,SKU-H01,177,Completed,2826.69
ORD-00350,CLI-0016,2025-04-16,SKU-Z99,283,Completed,141500.0
ORD-00351,CLI-0018,2025-04-16,SKU-011,460,Completed,29923.0
ORD-00352,CLI-0060,2025-04-16,SKU-H01,391,Completed,6244.27
ORD-00353,CLI-0068,2025-04-16,SKU-012,336,Completed,13651.68
ORD-00354,CLI-0077,2025-04-16,SKU-017,212,Completed,34492.399999999994
ORD-00355,CLI-0097,2025-04-16,SKU-019,276,Completed,49566.840000000004
ORD-00356,CLI-0093,2025-04-17,SKU-H01,308,Completed,4918.76
ORD-00357,CLI-0055,2025-04-17,SKU-H01,475,Completed,7585.75
ORD-00358,CLI-0071,2025-04-17,SKU-H01,278,Completed,4439.66
ORD-00359,CLI-0021,2025-04-17,SKU-H01,430,Completed,6867.1
ORD-00360,CLI-0061,2025-04-17,SKU-H01,280,Completed,4471.6
ORD-00361,CLI-0034,2025-04-17,SKU-009,434,Completed,23205.98
ORD-00362,CLI-0032,2025-04-17,SKU-H01,480,Completed,7665.6
ORD-00363,CLI-0082,2025-04-17,SKU-H01,191,Completed,3050.27
ORD-00364,CLI-0099,2025-04-17,SKU-H01,448,Completed,7154.56
ORD-00365,CLI-0067,2025-04-17,SKU-H01,298,Completed,4759.06
ORD-00366,CLI-0081,2025-04-17,SKU-H01,172,Completed,2746.84
ORD-00367,CLI-0036,2025-04-17,SKU-003,275,Completed,19175.75
ORD-00368,CLI-0010,2025-04-17,SKU-H01,415,Completed,6627.55
ORD-00369,CLI-0037,2025-04-17,SKU-H01,170,Completed,2714.9
ORD-00370,CLI-0035,2025-04-17,SKU-002,221,Completed,28933.319999999996
ORD-00371,CLI-0041,2025-04-17,SKU-008,326,Completed,50057.3
ORD-00372,CLI-0011,2025-04-17,SKU-H01,120,Completed,1916.4
ORD-00373,CLI-0020,2025-04-17,SKU-H01,168,Completed,2682.96
ORD-00374,CLI-0050,2025-04-17,SKU-H01,405,Completed,6467.85
ORD-00375,CLI-0020,2025-04-17,SKU-018,411,Completed,18679.95
ORD-00376,CLI-0028,2025-04-17,SKU-002,82,Completed,10735.439999999999
ORD-00377,CLI-0054,2025-04-17,SKU-007,258,Completed,22696.26
ORD-00378,CLI-0043,2025-04-17,SKU-017,327,Completed,53202.899999999994
ORD-00379,CLI-0060,2025-04-17,SKU-H01,262,Completed,4184.14
ORD-00380,CLI-0008,2025-04-17,SKU-016,155,Completed,27214.9
ORD-00381,CLI-0054,2025-04-17,SKU-006,249,Completed,14285.13
ORD-00382,CLI-0099,2025-04-17,SKU-H01,349,Completed,5573.530000000001
ORD-00383,CLI-0090,2025-04-17,SKU-002,60,Completed,7855.199999999999
ORD-00384,CLI-0098,2025-04-17,SKU-013,344,Completed,64204.159999999996
ORD-00385,CLI-0062,2025-04-18,SKU-004,53,Completed,5651.389999999999
ORD-00386,CLI-0046,2025-04-18,SKU-019,202,Completed,36277.18
ORD-00387,CLI-0097,2025-04-18,SKU-H01,249,Completed,3976.53
ORD-00388,CLI-0054,2025-04-18,SKU-012,325,Completed,13204.75
ORD-00389,CLI-0096,2025-04-18,SKU-H01,426,Completed,6803.22
ORD-00390,CLI-0070,2025-04-18,SKU-015,459,Completed,59830.649999999994
ORD-00391,CLI-0078,2025-04-18,SKU-007,162,Completed,14251.14
ORD-00392,CLI-0063,2025-04-18,SKU-H01,162,Completed,2587.1400000000003
ORD-00393,CLI-0035,2025-04-18,SKU-H01,273,Completed,4359.81
ORD-00394,CLI-0063,2025-04-18,SKU-H01,64,Completed,1022.08
ORD-00395,CLI-0050,2025-04-18,SKU-H01,222,Completed,3545.34
ORD-00396,CLI-0086,2025-04-18,SKU-H01,397,Completed,6340.09
ORD-00397,CLI-0052,2025-04-18,SKU-010,420,Completed,10344.6
ORD-00398,CLI-0022,2025-04-18,SKU-006,480,Completed,27537.6
ORD-00399,CLI-0060,2025-04-18,SKU-012,115,Completed,4672.450000000001
ORD-00400,CLI-0080,2025-04-18,SKU-017,323,Completed,52552.1
ORD-00401,CLI-0004,2025-04-18,SKU-007,251,Completed,22080.47
ORD-00402,CLI-0076,2025-04-18,SKU-011,338,Completed,21986.899999999998
ORD-00403,CLI-0085,2025-04-18,SKU-012,63,Completed,2559.69
ORD-00404,CLI-0011,2025-04-18,SKU-H01,379,Completed,6052.63
ORD-00405,CLI-0055,2025-04-18,SKU-H01,119,Completed,1900.43
ORD-00406,CLI-0060,2025-04-18,SKU-H01,143,Completed,2283.71
ORD-00407,CLI-0034,2025-04-19,SKU-H01,244,Completed,3896.6800000000003
ORD-00408,CLI-0042,2025-04-19,SKU-H01,158,Completed,2523.26
ORD-00409,CLI-0059,2025-04-19,SKU-H01,217,Completed,3465.4900000000002
ORD-00410,CLI-0044,2025-04-19,SKU-016,439,Completed,77079.62000000001
ORD-00411,CLI-0049,2025-04-19,SKU-012,192,Completed,7800.960000000001
ORD-00412,CLI-0097,2025-04-19,SKU-H01,475,Completed,7585.75
ORD-00413,CLI-0054,2025-04-19,SKU-H01,179,Completed,2858.63
ORD-00414,CLI-0011,2025-04-19,SKU-H01,290,Completed,4631.3
ORD-00415,CLI-0003,2025-04-19,SKU-004,433,Completed,46170.79
ORD-00416,CLI-0070,2025-04-19,SKU-004,76,Completed,8103.879999999999
ORD-00417,CLI-0045,2025-04-19,SKU-015,164,Completed,21377.399999999998
ORD-00418,CLI-0009,2025-04-20,SKU-H01,449,Completed,7170.530000000001
ORD-00419,CLI-0084,2025-04-20,SKU-014,70,Completed,11447.8
ORD-00420,CLI-0097,2025-04-20,SKU-019,65,Completed,11673.35
ORD-00421,CLI-0032,2025-04-20,SKU-H01,152,Completed,2427.44
ORD-00422,CLI-0003,2025-04-20,SKU-013,368,Completed,68683.51999999999
ORD-00423,CLI-0020,2025-04-20,SKU-007,172,Completed,15130.84
ORD-00424,CLI-0017,2025-04-20,SKU-004,292,Completed,31135.96
ORD-00425,CLI-0086,2025-04-20,SKU-002,108,Completed,14139.359999999999
ORD-00426,CLI-0073,2025-04-20,SKU-013,161,Completed,30049.039999999997
ORD-00427,CLI-0060,2025-04-20,SKU-009,408,Completed,21815.76
ORD-00428,CLI-0033,2025-04-20,SKU-014,442,Completed,72284.68
ORD-00429,CLI-0048,2025-04-20,SKU-017,135,Completed,21964.5
ORD-00430,CLI-0078,2025-04-20,SKU-008,360,Completed,55278.00000000001
ORD-00431,CLI-0096,2025-04-20,SKU-019,417,Completed,74889.03
ORD-00432,CLI-0015,2025-04-20,SKU-008,448,Completed,68790.40000000001
ORD-00433,CLI-0021,2025-04-20,SKU-009,209,Completed,11175.23
ORD-00434,CLI-0014,2025-04-20,SKU-006,346,Completed,19850.02
ORD-00435,CLI-0004,2025-04-20,SKU-H01,209,Completed,3337.73
ORD-00436,CLI-0074,2025-04-20,SKU-011,396,Completed,25759.8
ORD-00437,CLI-0049,2025-04-20,SKU-006,253,Completed,14514.609999999999
ORD-00438,CLI-0092,2025-04-20,SKU-003,151,Completed,10529.230000000001
ORD-00439,CLI-0010,2025-04-20,SKU-017,353,Completed,57433.1
ORD-00440,CLI-0089,2025-04-20,SKU-H01,475,Completed,7585.75
ORD-00441,CLI-0081,2025-04-20,SKU-005,174,Completed,31744.56
ORD-00442,CLI-0014,2025-04-20,SKU-011,406,Completed,26410.3
ORD-00443,CLI-0099,2025-04-20,SKU-014,204,Completed,33362.159999999996
ORD-00444,CLI-0088,2025-04-20,SKU-003,357,Completed,24893.61
ORD-00445,CLI-0016,2025-04-20,SKU-015,457,Completed,59569.95
ORD-00446,CLI-0073,2025-04-20,SKU-013,450,Completed,83988.0
ORD-00447,CLI-0006,2025-04-20,SKU-H01,227,Completed,3625.19
ORD-00448,CLI-0055,2025-04-21,SKU-H01,388,Completed,6196.360000000001
ORD-00449,CLI-0048,2025-04-21,SKU-008,85,Completed,13051.750000000002
ORD-00450,CLI-0065,2025-04-21,SKU-H01,381,Completed,6084.570000000001
ORD-00451,CLI-0044,2025-04-21,SKU-H01,56,Completed,894.32
ORD-00452,CLI-0054,2025-04-21,SKU-007,471,Completed,41433.87
ORD-00453,CLI-0063,2025-04-21,SKU-H01,104,Completed,1660.88
ORD-00454,CLI-0056,2025-04-21,SKU-006,235,Completed,13481.949999999999
ORD-00455,CLI-0082,2025-04-21,SKU-003,474,Completed,33052.020000000004
ORD-00456,CLI-0059,2025-04-21,SKU-007,412,Completed,36243.64
ORD-00457,CLI-0020,2025-04-21,SKU-002,272,Completed,35610.24
ORD-00458,CLI-0023,2025-04-21,SKU-011,425,Completed,27646.25
ORD-00459,CLI-0067,2025-04-21,SKU-H01,383,Completed,6116.51
ORD-00460,CLI-0035,2025-04-21,SKU-011,365,Completed,23743.25
ORD-00461,CLI-0069,2025-04-21,SKU-002,446,Completed,58390.31999999999
ORD-00462,CLI-0062,2025-04-21,SKU-016,288,Completed,50567.04
ORD-00463,CLI-0056,2025-04-21,SKU-005,472,Completed,86111.68
ORD-00464,CLI-0094,2025-04-21,SKU-019,353,Completed,63395.270000000004
ORD-00465,CLI-0035,2025-04-21,SKU-008,215,Completed,33013.25
ORD-00466,CLI-0032,2025-04-21,SKU-H01,475,Completed,7585.75
ORD-00467,CLI-0012,2025-04-21,SKU-014,192,Completed,31399.68
ORD-00468,CLI-0058,2025-04-21,SKU-H01,174,Completed,2778.78
ORD-00469,CLI-0097,2025-04-21,SKU-H01,287,Completed,4583.39
ORD-00470,CLI-0073,2025-04-21,SKU-H01,362,Completed,5781.14
ORD-00471,CLI-0086,2025-04-21,SKU-006,244,Completed,13998.279999999999
ORD-00472,CLI-0044,2025-04-21,SKU-006,64,Completed,3671.68
ORD-00473,CLI-0064,2025-04-21,SKU-H01,485,Completed,7745.450000000001
ORD-00474,CLI-0042,2025-04-21,SKU-017,143,Completed,23266.1
ORD-00475,CLI-0028,2025-04-22,SKU-H01,231,Completed,3689.07
ORD-00476,CLI-0034,2025-04-22,SKU-H01,224,Completed,3577.28
ORD-00477,CLI-0036,2025-04-22,SKU-H01,500,Completed,7985.0
ORD-00478,CLI-0077,2025-04-22,SKU-H01,409,Completed,6531.7300000000005
ORD-00479,CLI-0036,2025-04-22,SKU-004,334,Completed,35614.42
ORD-00480,CLI-0002,2025-04-22,SKU-010,314,Completed,7733.82
ORD-00481,CLI-0025,2025-04-22,SKU-005,93,Completed,16966.92
ORD-00482,CLI-0031,2025-04-22,SKU-H01,418,Completed,6675.46
ORD-00483,CLI-0053,2025-04-22,SKU-H01,300,Completed,4791.0
ORD-00484,CLI-0072,2025-04-22,SKU-H01,438,Completed,6994.860000000001
ORD-00485,CLI-0031,2025-04-22,SKU-016,403,Completed,70758.74
ORD-00486,CLI-0061,2025-04-22,SKU-H01,380,Completed,6068.6
ORD-00487,CLI-0092,2025-04-22,SKU-008,301,Completed,46218.55
ORD-00488,CLI-0058,2025-04-22,SKU-019,455,Completed,81713.45
ORD-00489,CLI-0003,2025-04-22,SKU-006,97,Completed,5564.889999999999
ORD-00490,CLI-0038,2025-04-22,SKU-017,163,Completed,26520.1
ORD-00491,CLI-0052,2025-04-22,SKU-H01,404,Completed,6451.88
ORD-00492,CLI-0032,2025-04-22,SKU-012,206,Completed,8369.78
ORD-00493,CLI-0085,2025-04-22,SKU-006,347,Completed,19907.39
ORD-00494,CLI-0048,2025-04-22,SKU-011,292,Completed,18994.6
ORD-00495,CLI-0071,2025-04-22,SKU-H01,321,Completed,5126.37
ORD-00496,CLI-0045,2025-04-22,SKU-H01,267,Completed,4263.99
ORD-00497,CLI-0096,2025-04-22,SKU-H01,331,Completed,5286.070000000001
ORD-00498,CLI-0043,2025-04-22,SKU-010,230,Completed,5664.9
ORD-00499,CLI-0090,2025-04-22,SKU-015,282,Completed,36758.7
ORD-00500,CLI-0040,2025-04-23,SKU-012,178,Completed,7232.14
ORD-00501,CLI-0030,2025-04-23,SKU-H01,111,Completed,1772.67
ORD-00502,CLI-0093,2025-04-23,SKU-016,148,Completed,25985.84
ORD-00503,CLI-0041,2025-04-23,SKU-H01,111,Completed,1772.67
ORD-00504,CLI-0096,2025-04-23,SKU-H01,324,Completed,5174.280000000001
ORD-00505,CLI-0098,2025-04-23,SKU-H01,403,Completed,6435.91
ORD-00506,CLI-0024,2025-04-23,SKU-012,148,Completed,6013.240000000001
ORD-00507,CLI-0028,2025-04-23,SKU-H01,428,Completed,6835.16
ORD-00508,CLI-0062,2025-04-23,SKU-007,191,Completed,16802.27
ORD-00509,CLI-0093,2025-04-23,SKU-015,351,Completed,45752.85
ORD-00510,CLI-0098,2025-04-23,SKU-H01,318,Completed,5078.46
ORD-00511,CLI-0077,2025-04-23,SKU-006,194,Completed,11129.779999999999
ORD-00512,CLI-0013,2025-04-23,SKU-H01,476,Completed,7601.72
ORD-00513,CLI-0025,2025-04-23,SKU-H01,201,Completed,3209.9700000000003
ORD-00514,CLI-0030,2025-04-23,SKU-004,234,Completed,24951.42
ORD-00515,CLI-0023,2025-04-23,SKU-H01,204,Completed,3257.88
ORD-00516,CLI-0002,2025-04-23,SKU-009,412,Completed,22029.64
ORD-00517,CLI-0069,2025-04-23,SKU-004,114,Completed,12155.82
ORD-00518,CLI-0006,2025-04-24,SKU-007,77,Completed,6773.69
ORD-00519,CLI-0071,2025-04-24,SKU-012,199,Completed,8085.370000000001
ORD-00520,CLI-0090,2025-04-24,SKU-006,114,Completed,6540.179999999999
ORD-00521,CLI-0082,2025-04-24,SKU-007,494,Completed,43457.18
ORD-00522,CLI-0097,2025-04-24,SKU-007,301,Completed,26478.97
ORD-00523,CLI-0014,2025-04-24,SKU-H01,496,Completed,7921.12
ORD-00524,CLI-0002,2025-04-24,SKU-H01,343,Completed,5477.71
ORD-00525,CLI-0037,2025-04-24,SKU-017,290,Completed,47183.0
ORD-00526,CLI-0062,2025-04-24,SKU-008,275,Completed,42226.25
ORD-00527,CLI-0044,2025-04-24,SKU-H01,144,Completed,2299.6800000000003
ORD-00528,CLI-0007,2025-04-24,SKU-004,179,Completed,19086.77
ORD-00529,CLI-0062,2025-04-24,SKU-H01,108,Completed,1724.76
ORD-00530,CLI-0009,2025-04-24,SKU-018,255,Completed,11589.75
ORD-00531,CLI-0063,2025-04-24,SKU-H01,87,Completed,1389.39
ORD-00532,CLI-0074,2025-04-24,SKU-H01,372,Completed,5940.84
ORD-00533,CLI-0088,2025-04-24,SKU-H01,77,Completed,1229.69
ORD-00534,CLI-0020,2025-04-24,SKU-004,126,Completed,13435.38
ORD-00535,CLI-0073,2025-04-24,SKU-015,205,Completed,26721.75
ORD-00536,CLI-0032,2025-04-25,SKU-H01,110,Completed,1756.7
ORD-00537,CLI-0072,2025-04-25,SKU-014,441,Completed,72121.14
ORD-00538,CLI-0054,2025-04-25,SKU-H01,360,Completed,5749.2
ORD-00539,CLI-0077,2025-04-25,SKU-015,454,Completed,59178.899999999994
ORD-00540,CLI-0080,2025-04-25,SKU-H01,165,Completed,2635.05
ORD-00541,CLI-0100,2025-04-25,SKU-H01,317,Completed,5062.49
ORD-00542,CLI-0049,2025-04-25,SKU-011,280,Completed,18214.0
ORD-00543,CLI-0057,2025-04-25,SKU-Z99,202,Completed,101000.0
ORD-00544,CLI-0076,2025-04-25,SKU-017,269,Completed,43766.299999999996
ORD-00545,CLI-0040,2025-04-25,SKU-007,341,Completed,29997.77
ORD-00546,CLI-0080,2025-04-25,SKU-017,80,Completed,13016.0
ORD-00547,CLI-0079,2025-04-25,SKU-H01,428,Completed,6835.16
ORD-00548,CLI-0098,2025-04-26,SKU-019,156,Completed,28016.04
ORD-00549,CLI-0081,2025-04-26,SKU-004,158,Completed,16847.54
ORD-00550,CLI-0034,2025-04-26,SKU-011,388,Completed,25239.399999999998
ORD-00551,CLI-0011,2025-04-26,SKU-014,130,Completed,21260.2
ORD-00552,CLI-0031,2025-04-26,SKU-011,138,Completed,8976.9
ORD-00553,CLI-0071,2025-04-26,SKU-006,88,Completed,5048.5599999999995
ORD-00554,CLI-0021,2025-04-26,SKU-004,51,Completed,5438.13
ORD-00555,CLI-0053,2025-04-26,SKU-015,280,Completed,36498.0
ORD-00556,CLI-0089,2025-04-26,SKU-H01,354,Completed,5653.38
ORD-00557,CLI-0061,2025-04-26,SKU-019,199,Completed,35738.41
ORD-00558,CLI-0005,2025-04-26,SKU-011,168,Completed,10928.4
ORD-00559,CLI-0037,2025-04-26,SKU-H01,411,Completed,6563.67
ORD-00560,CLI-0037,2025-04-26,SKU-012,409,Completed,16617.670000000002
ORD-00561,CLI-0010,2025-04-27,SKU-005,401,Completed,73158.44
ORD-00562,CLI-0030,2025-04-27,SKU-011,185,Completed,12034.25
ORD-00563,CLI-0081,2025-04-27,SKU-013,351,Completed,65510.63999999999
ORD-00564,CLI-0085,2025-04-27,SKU-H01,461,Completed,7362.17
ORD-00565,CLI-0026,2025-04-27,SKU-005,267,Completed,48711.479999999996
ORD-00566,CLI-0015,2025-04-27,SKU-018,328,Completed,14907.6
ORD-00567,CLI-0029,2025-04-27,SKU-H01,381,Completed,6084.570000000001
ORD-00568,CLI-0020,2025-04-27,SKU-007,186,Completed,16362.42
ORD-00569,CLI-0019,2025-04-27,SKU-H01,86,Completed,1373.42
ORD-00570,CLI-0008,2025-04-27,SKU-003,134,Completed,9343.82
ORD-00571,CLI-0040,2025-04-27,SKU-006,354,Completed,20308.98
ORD-00572,CLI-0096,2025-04-27,SKU-006,472,Completed,27078.64
ORD-00573,CLI-0073,2025-04-27,SKU-H01,197,Completed,3146.09
ORD-00574,CLI-0057,2025-04-27,SKU-010,113,Completed,2783.19
ORD-00575,CLI-0060,2025-04-27,SKU-H01,402,Completed,6419.9400000000005
ORD-00576,CLI-0039,2025-04-27,SKU-H01,408,Completed,6515.76
ORD-00577,CLI-0052,2025-04-27,SKU-H01,189,Completed,3018.33
ORD-00578,CLI-0065,2025-04-27,SKU-H01,326,Completed,5206.22
ORD-00579,CLI-0064,2025-04-27,SKU-004,274,Completed,29216.62
ORD-00580,CLI-0011,2025-04-27,SKU-008,356,Completed,54663.8
ORD-00581,CLI-0006,2025-04-27,SKU-014,271,Completed,44319.34
ORD-00582,CLI-0095,2025-04-27,SKU-H01,215,Completed,3433.55
ORD-00583,CLI-0078,2025-04-27,SKU-015,178,Completed,23202.3
ORD-00584,CLI-0004,2025-04-27,SKU-012,96,Completed,3900.4800000000005
ORD-00585,CLI-0087,2025-04-28,SKU-002,478,Completed,62579.759999999995
ORD-00586,CLI-0074,2025-04-28,SKU-018,350,Completed,15907.500000000002
ORD-00587,CLI-0003,2025-04-28,SKU-Z99,441,Completed,220500.0
ORD-00588,CLI-0087,2025-04-28,SKU-H01,470,Completed,7505.900000000001
ORD-00589,CLI-0035,2025-04-28,SKU-H01,345,Completed,5509.650000000001
ORD-00590,CLI-0006,2025-04-28,SKU-018,440,Completed,19998.0
ORD-00591,CLI-0097,2025-04-28,SKU-011,139,Completed,9041.949999999999
ORD-00592,CLI-0061,2025-04-28,SKU-H01,315,Completed,5030.55
ORD-00593,CLI-0084,2025-04-28,SKU-013,276,Completed,51512.64
ORD-00594,CLI-0036,2025-04-28,SKU-015,142,Completed,18509.7
ORD-00595,CLI-0075,2025-04-28,SKU-012,273,Completed,11091.990000000002
ORD-00596,CLI-0082,2025-04-28,SKU-014,466,Completed,76209.64
ORD-00597,CLI-0063,2025-04-28,SKU-014,96,Completed,15699.84
ORD-00598,CLI-0061,2025-04-28,SKU-H01,228,Completed,3641.1600000000003
ORD-00599,CLI-0053,2025-04-28,SKU-H01,220,Completed,3513.4
ORD-00600,CLI-0042,2025-04-28,SKU-009,393,Completed,21013.71
ORD-00601,CLI-0014,2025-04-28,SKU-017,489,Completed,79560.29999999999
ORD-00602,CLI-0043,2025-04-29,SKU-H01,260,Completed,4152.2
ORD-00603,CLI-0089,2025-04-29,SKU-007,303,Completed,26654.91
ORD-00604,CLI-0037,2025-04-29,SKU-010,389,Completed,9581.07
ORD-00605,CLI-0052,2025-04-29,SKU-003,466,Completed,32494.18
ORD-00606,CLI-0098,2025-04-29,SKU-011,331,Completed,21531.55
ORD-00607,CLI-0005,2025-04-29,SKU-017,282,Completed,45881.399999999994
ORD-00608,CLI-0012,2025-04-29,SKU-008,211,Completed,32399.050000000003
ORD-00609,CLI-0033,2025-04-29,SKU-006,215,Completed,12334.55
ORD-00610,CLI-0015,2025-04-29,SKU-003,445,Completed,31029.850000000002
ORD-00611,CLI-0052,2025-04-29,SKU-007,492,Completed,43281.24
ORD-00612,CLI-0066,2025-04-29,SKU-H01,472,Completed,7537.84
ORD-00613,CLI-0001,2025-04-29,SKU-H01,386,Completed,6164.42
ORD-00614,CLI-0070,2025-04-29,SKU-006,286,Completed,16407.82
ORD-00615,CLI-0053,2025-04-29,SKU-H01,77,Completed,1229.69
ORD-00616,CLI-0025,2025-04-29,SKU-H01,315,Completed,5030.55
ORD-00617,CLI-0080,2025-04-30,SKU-006,437,Completed,25070.69
ORD-00618,CLI-0064,2025-04-30,SKU-002,370,Completed,48440.399999999994
ORD-00619,CLI-0057,2025-04-30,SKU-H01,439,Completed,7010.83
ORD-00620,CLI-0007,2025-04-30,SKU-012,154,Completed,6257.02
ORD-00621,CLI-0035,2025-04-30,SKU-010,331,Completed,8152.53
ORD-00622,CLI-0017,2025-04-30,SKU-H01,197,Completed,3146.09
ORD-00623,CLI-0057,2025-04-30,SKU-016,500,Completed,87790.0
ORD-00624,CLI-0090,2025-04-30,SKU-004,298,Completed,31775.739999999998
ORD-00625,CLI-0016,2025-04-30,SKU-012,64,Completed,2600.32
ORD-00626,CLI-0081,2025-04-30,SKU-007,361,Completed,31757.17
ORD-00627,CLI-0031,2025-04-30,SKU-Z99,413,Completed,206500.0
ORD-00628,CLI-0021,2025-04-30,SKU-012,209,Completed,8491.67
ORD-00629,CLI-0071,2025-04-30,SKU-011,57,Completed,3707.85
ORD-00630,CLI-0071,2025-04-30,SKU-013,258,Completed,48153.119999999995
ORD-00631,CLI-0012,2025-04-30,SKU-H01,165,Completed,2635.05
ORD-00632,CLI-0015,2025-04-30,SKU-H01,286,Completed,4567.42
ORD-00633,CLI-0016,2025-04-30,SKU-011,381,Completed,24784.05
ORD-00634,CLI-0020,2025-04-30,SKU-004,305,Completed,32522.149999999998
ORD-00635,CLI-0092,2025-04-30,SKU-012,199,Completed,8085.370000000001
ORD-00636,CLI-0066,2025-04-30,SKU-H01,411,Completed,6563.67
ORD-00637,CLI-0035,2025-04-30,SKU-006,262,Completed,15030.939999999999
ORD-00638,CLI-0061,2025-05-01,SKU-H01,174,Completed,2778.78
ORD-00639,CLI-0059,2025-05-01,SKU-003,332,Completed,23150.36
ORD-00640,CLI-0019,2025-05-01,SKU-008,246,Completed,37773.3
ORD-00641,CLI-0025,2025-05-01,SKU-005,356,Completed,64948.64
ORD-00642,CLI-0066,2025-05-01,SKU-006,432,Completed,24783.84
ORD-00643,CLI-0018,2025-05-01,SKU-004,492,Completed,52461.96
ORD-00644,CLI-0009,2025-05-01,SKU-002,191,Completed,25005.719999999998
ORD-00645,CLI-0099,2025-05-01,SKU-013,454,Completed,84734.56
ORD-00646,CLI-0054,2025-05-01,SKU-H01,224,Completed,3577.28
ORD-00647,CLI-0065,2025-05-01,SKU-008,186,Completed,28560.300000000003
ORD-00648,CLI-0001,2025-05-01,SKU-007,194,Completed,17066.18
ORD-00649,CLI-0093,2025-05-01,SKU-011,202,Completed,13140.099999999999
ORD-00650,CLI-0076,2025-05-01,SKU-008,346,Completed,53128.3
ORD-00651,CLI-0085,2025-05-01,SKU-015,300,Completed,39105.0
ORD-00652,CLI-0020,2025-05-01,SKU-019,278,Completed,49926.020000000004
ORD-00653,CLI-0069,2025-05-01,SKU-H01,297,Completed,4743.09
ORD-00654,CLI-0045,2025-05-01,SKU-H01,220,Completed,3513.4
ORD-00655,CLI-0071,2025-05-01,SKU-002,440,Completed,57604.799999999996
ORD-00656,CLI-0070,2025-05-01,SKU-H01,243,Completed,3880.71
ORD-00657,CLI-0059,2025-05-01,SKU-008,214,Completed,32859.700000000004
ORD-00658,CLI-0025,2025-05-01,SKU-017,407,Completed,66218.9
ORD-00659,CLI-0031,2025-05-01,SKU-H01,342,Completed,5461.74
ORD-00660,CLI-0050,2025-05-01,SKU-H01,169,Completed,2698.9300000000003
ORD-00661,CLI-0100,2025-05-01,SKU-H01,260,Completed,4152.2
ORD-00662,CLI-0006,2025-05-01,SKU-011,212,Completed,13790.599999999999
ORD-00663,CLI-0091,2025-05-02,SKU-007,465,Completed,40906.05
ORD-00664,CLI-0049,2025-05-02,SKU-H01,247,Completed,3944.59
ORD-00665,CLI-0085,2025-05-02,SKU-017,455,Completed,74028.5
ORD-00666,CLI-0084,2025-05-02,SKU-013,127,Completed,23703.28
ORD-00667,CLI-0064,2025-05-02,SKU-H01,68,Completed,1085.96
ORD-00668,CLI-0017,2025-05-02,SKU-009,307,Completed,16415.29
ORD-00669,CLI-0076,2025-05-02,SKU-013,219,Completed,40874.159999999996
ORD-00670,CLI-0013,2025-05-02,SKU-H01,497,Completed,7937.09
ORD-00671,CLI-0057,2025-05-02,SKU-H01,101,Completed,1612.97
ORD-00672,CLI-0068,2025-05-02,SKU-H01,283,Completed,4519.51
ORD-00673,CLI-0002,2025-05-02,SKU-H01,419,Completed,6691.43
ORD-00674,CLI-0019,2025-05-02,SKU-015,259,Completed,33760.65
ORD-00675,CLI-0084,2025-05-02,SKU-017,129,Completed,20988.3
ORD-00676,CLI-0010,2025-05-02,SKU-H01,290,Completed,4631.3
ORD-00677,CLI-0034,2025-05-02,SKU-H01,223,Completed,3561.31
ORD-00678,CLI-0080,2025-05-02,SKU-H01,404,Completed,6451.88
ORD-00679,CLI-0051,2025-05-02,SKU-H01,382,Completed,6100.54
ORD-00680,CLI-0011,2025-05-02,SKU-015,486,Completed,63350.1
ORD-00681,CLI-0043,2025-05-02,SKU-H01,486,Completed,7761.42
ORD-00682,CLI-0087,2025-05-02,SKU-H01,489,Completed,7809.33
ORD-00683,CLI-0069,2025-05-02,SKU-H01,244,Completed,3896.6800000000003
ORD-00684,CLI-0041,2025-05-02,SKU-008,370,Completed,56813.50000000001
ORD-00685,CLI-0092,2025-05-02,SKU-H01,438,Completed,6994.860000000001
ORD-00686,CLI-0063,2025-05-02,SKU-012,496,Completed,20152.48
ORD-00687,CLI-0070,2025-05-02,SKU-H01,68,Completed,1085.96
ORD-00688,CLI-0009,2025-05-03,SKU-013,170,Completed,31728.8
ORD-00689,CLI-0081,2025-05-03,SKU-008,400,Completed,61420.00000000001
ORD-00690,CLI-0037,2025-05-03,SKU-H01,166,Completed,2651.02
ORD-00691,CLI-0096,2025-05-03,SKU-002,96,Completed,12568.32
ORD-00692,CLI-0056,2025-05-03,SKU-016,100,Completed,17558.0
ORD-00693,CLI-0098,2025-05-03,SKU-017,374,Completed,60849.799999999996
ORD-00694,CLI-0091,2025-05-03,SKU-004,496,Completed,52888.479999999996
ORD-00695,CLI-0013,2025-05-03,SKU-004,277,Completed,29536.51
ORD-00696,CLI-0022,2025-05-03,SKU-017,405,Completed,65893.5
ORD-00697,CLI-0039,2025-05-03,SKU-007,64,Completed,5630.08
ORD-00698,CLI-0006,2025-05-03,SKU-H01,216,Completed,3449.52
ORD-00699,CLI-0008,2025-05-03,SKU-017,200,Completed,32539.999999999996
ORD-00700,CLI-0046,2025-05-03,SKU-H01,241,Completed,3848.77
ORD-00701,CLI-0056,2025-05-03,SKU-007,124,Completed,10908.28
ORD-00702,CLI-0032,2025-05-03,SKU-H01,321,Completed,5126.37
ORD-00703,CLI-0053,2025-05-03,SKU-H01,339,Completed,5413.83
ORD-00704,CLI-0088,2025-05-03,SKU-H01,455,Completed,7266.35
ORD-00705,CLI-0024,2025-05-03,SKU-013,137,Completed,25569.679999999997
ORD-00706,CLI-0023,2025-05-03,SKU-H01,90,Completed,1437.3
ORD-00707,CLI-0079,2025-05-03,SKU-H01,495,Completed,7905.150000000001
ORD-00708,CLI-0049,2025-05-03,SKU-H01,367,Completed,5860.99
ORD-00709,CLI-0088,2025-05-03,SKU-005,173,Completed,31562.12
ORD-00710,CLI-0064,2025-05-03,SKU-019,348,Completed,62497.32
ORD-00711,CLI-0019,2025-05-03,SKU-003,168,Completed,11714.640000000001
ORD-00712,CLI-0060,2025-05-03,SKU-006,376,Completed,21571.12
ORD-00713,CLI-0033,2025-05-03,SKU-016,285,Completed,50040.3
ORD-00714,CLI-0033,2025-05-03,SKU-006,391,Completed,22431.67
ORD-00715,CLI-0002,2025-05-03,SKU-H01,461,Completed,7362.17
ORD-00716,CLI-0060,2025-05-03,SKU-H01,197,Completed,3146.09
ORD-00717,CLI-0021,2025-05-04,SKU-H01,87,Completed,1389.39
ORD-00718,CLI-0057,2025-05-04,SKU-H01,226,Completed,3609.2200000000003
ORD-00719,CLI-0076,2025-05-04,SKU-002,203,Completed,26576.76
ORD-00720,CLI-0082,2025-05-04,SKU-014,267,Completed,43665.18
ORD-00721,CLI-0089,2025-05-04,SKU-H01,178,Completed,2842.6600000000003
ORD-00722,CLI-0059,2025-05-04,SKU-004,482,Completed,51395.659999999996
ORD-00723,CLI-0039,2025-05-04,SKU-008,151,Completed,23186.050000000003
ORD-00724,CLI-0050,2025-05-04,SKU-H01,486,Completed,7761.42
ORD-00725,CLI-0062,2025-05-04,SKU-015,104,Completed,13556.4
ORD-00726,CLI-0031,2025-05-04,SKU-007,245,Completed,21552.65
ORD-00727,CLI-0074,2025-05-04,SKU-H01,233,Completed,3721.01
ORD-00728,CLI-0074,2025-05-04,SKU-011,201,Completed,13075.05
ORD-00729,CLI-0090,2025-05-04,SKU-005,201,Completed,36670.44
ORD-00730,CLI-0003,2025-05-04,SKU-006,474,Completed,27193.379999999997
ORD-00731,CLI-0085,2025-05-04,SKU-004,252,Completed,26870.76
ORD-00732,CLI-0036,2025-05-04,SKU-004,54,Completed,5758.0199999999995
ORD-00733,CLI-0073,2025-05-04,SKU-013,492,Completed,91826.87999999999
ORD-00734,CLI-0088,2025-05-04,SKU-H01,448,Completed,7154.56
ORD-00735,CLI-0096,2025-05-04,SKU-H01,75,Completed,1197.75
ORD-00736,CLI-0078,2025-05-04,SKU-H01,431,Completed,6883.070000000001
ORD-00737,CLI-0064,2025-05-04,SKU-012,476,Completed,19339.88
ORD-00738,CLI-0037,2025-05-04,SKU-H01,447,Completed,7138.59
ORD-00739,CLI-0030,2025-05-04,SKU-017,360,Completed,58571.99999999999
ORD-00740,CLI-0046,2025-05-04,SKU-005,162,Completed,29555.28
ORD-00741,CLI-0082,2025-05-04,SKU-014,147,Completed,24040.379999999997
ORD-00742,CLI-0080,2025-05-04,SKU-019,178,Completed,31967.02
ORD-00743,CLI-0087,2025-05-04,SKU-015,436,Completed,56832.6
ORD-00744,CLI-0081,2025-05-05,SKU-016,99,Completed,17382.420000000002
ORD-00745,CLI-0081,2025-05-05,SKU-002,380,Completed,49749.6
ORD-00746,CLI-0006,2025-05-05,SKU-006,208,Completed,11932.96
ORD-00747,CLI-0057,2025-05-05,SKU-H01,67,Completed,1069.99
ORD-00748,CLI-0075,2025-05-05,SKU-H01,236,Completed,3768.92
ORD-00749,CLI-0094,2025-05-05,SKU-005,117,Completed,21345.48
ORD-00750,CLI-0012,2025-05-05,SKU-007,201,Completed,17681.97
ORD-00751,CLI-0042,2025-05-05,SKU-H01,432,Completed,6899.04
ORD-00752,CLI-0054,2025-05-05,SKU-007,139,Completed,12227.83
ORD-00753,CLI-0026,2025-05-05,SKU-016,117,Completed,20542.86
ORD-00754,CLI-0070,2025-05-05,SKU-006,498,Completed,28570.26
ORD-00755,CLI-0047,2025-05-05,SKU-011,321,Completed,20881.05
ORD-00756,CLI-0065,2025-05-05,SKU-014,189,Completed,30909.059999999998
ORD-00757,CLI-0022,2025-05-05,SKU-019,181,Completed,32505.79
ORD-00758,CLI-0038,2025-05-06,SKU-008,432,Completed,66333.6
ORD-00759,CLI-0044,2025-05-06,SKU-014,461,Completed,75391.94
ORD-00760,CLI-0015,2025-05-06,SKU-019,289,Completed,51901.51
ORD-00761,CLI-0010,2025-05-06,SKU-018,122,Completed,5544.900000000001
ORD-00762,CLI-0097,2025-05-06,SKU-H01,165,Completed,2635.05
ORD-00763,CLI-0087,2025-05-06,SKU-002,420,Completed,54986.399999999994
ORD-00764,CLI-0087,2025-05-06,SKU-H01,253,Completed,4040.4100000000003
ORD-00765,CLI-0072,2025-05-06,SKU-H01,237,Completed,3784.8900000000003
ORD-00766,CLI-0012,2025-05-06,SKU-009,454,Completed,24275.38
ORD-00767,CLI-0051,2025-05-06,SKU-012,57,Completed,2315.9100000000003
ORD-00768,CLI-0034,2025-05-06,SKU-015,324,Completed,42233.4
ORD-00769,CLI-0016,2025-05-06,SKU-H01,282,Completed,4503.54
ORD-00770,CLI-0048,2025-05-06,SKU-016,394,Completed,69178.52
ORD-00771,CLI-0096,2025-05-06,SKU-009,394,Completed,21067.18
ORD-00772,CLI-0034,2025-05-06,SKU-011,349,Completed,22702.45
ORD-00773,CLI-0049,2025-05-06,SKU-017,471,Completed,76631.7
ORD-00774,CLI-0082,2025-05-06,SKU-008,240,Completed,36852.0
ORD-00775,CLI-0014,2025-05-06,SKU-H01,395,Completed,6308.150000000001
ORD-00776,CLI-0030,2025-05-06,SKU-014,291,Completed,47590.14
ORD-00777,CLI-0004,2025-05-06,SKU-H01,367,Completed,5860.99
ORD-00778,CLI-0072,2025-05-06,SKU-H01,217,Completed,3465.4900000000002
ORD-00779,CLI-0079,2025-05-06,SKU-015,163,Completed,21247.05
ORD-00780,CLI-0083,2025-05-06,SKU-H01,82,Completed,1309.54
ORD-00781,CLI-0082,2025-05-06,SKU-013,471,Completed,87907.43999999999
ORD-00782,CLI-0060,2025-05-06,SKU-H01,408,Completed,6515.76
ORD-00783,CLI-0084,2025-05-07,SKU-016,259,Completed,45475.22
ORD-00784,CLI-0015,2025-05-07,SKU-H01,121,Completed,1932.3700000000001
ORD-00785,CLI-0006,2025-05-07,SKU-019,69,Completed,12391.710000000001
ORD-00786,CLI-0039,2025-05-07,SKU-013,302,Completed,56365.28
ORD-00787,CLI-0015,2025-05-07,SKU-H01,99,Completed,1581.03
ORD-00788,CLI-0031,2025-05-07,SKU-007,325,Completed,28590.25
ORD-00789,CLI-0018,2025-05-07,SKU-019,248,Completed,44538.32
ORD-00790,CLI-0059,2025-05-07,SKU-004,239,Completed,25484.57
ORD-00791,CLI-0086,2025-05-07,SKU-H01,430,Completed,6867.1
ORD-00792,CLI-0090,2025-05-07,SKU-004,326,Completed,34761.38
ORD-00793,CLI-0054,2025-05-07,SKU-005,350,Completed,63854.0
ORD-00794,CLI-0096,2025-05-07,SKU-012,422,Completed,17145.86
ORD-00795,CLI-0020,2025-05-07,SKU-011,262,Completed,17043.1
ORD-00796,CLI-0084,2025-05-07,SKU-002,100,Completed,13091.999999999998
ORD-00797,CLI-0063,2025-05-07,SKU-H01,365,Completed,5829.05
ORD-00798,CLI-0053,2025-05-07,SKU-009,193,Completed,10319.71
ORD-00799,CLI-0005,2025-05-07,SKU-002,403,Completed,52760.759999999995
ORD-00800,CLI-0048,2025-05-07,SKU-H01,161,Completed,2571.17
ORD-00801,CLI-0057,2025-05-07,SKU-017,277,Completed,45067.899999999994
ORD-00802,CLI-0047,2025-05-08,SKU-010,100,Completed,2463.0
ORD-00803,CLI-0088,2025-05-08,SKU-010,238,Completed,5861.94
ORD-00804,CLI-0070,2025-05-08,SKU-014,380,Completed,62145.2
ORD-00805,CLI-0046,2025-05-08,SKU-005,81,Completed,14777.64
ORD-00806,CLI-0051,2025-05-08,SKU-014,191,Completed,31236.14
ORD-00807,CLI-0025,2025-05-08,SKU-004,112,Completed,11942.56
ORD-00808,CLI-0059,2025-05-08,SKU-H01,96,Completed,1533.1200000000001
ORD-00809,CLI-0085,2025-05-08,SKU-002,158,Completed,20685.359999999997
ORD-00810,CLI-0083,2025-05-08,SKU-004,377,Completed,40199.509999999995
ORD-00811,CLI-0077,2025-05-08,SKU-011,60,Completed,3903.0
ORD-00812,CLI-0007,2025-05-08,SKU-H01,452,Completed,7218.4400000000005
ORD-00813,CLI-0043,2025-05-08,SKU-H01,174,Completed,2778.78
ORD-00814,CLI-0017,2025-05-08,SKU-H01,452,Completed,7218.4400000000005
ORD-00815,CLI-0073,2025-05-08,SKU-H01,155,Completed,2475.35
ORD-00816,CLI-0009,2025-05-08,SKU-012,474,Completed,19258.620000000003
ORD-00817,CLI-0098,2025-05-08,SKU-H01,333,Completed,5318.01
ORD-00818,CLI-0027,2025-05-08,SKU-009,350,Completed,18714.5
ORD-00819,CLI-0030,2025-05-09,SKU-004,218,Completed,23245.34
ORD-00820,CLI-0100,2025-05-09,SKU-007,125,Completed,10996.25
ORD-00821,CLI-0077,2025-05-09,SKU-015,51,Completed,6647.849999999999
ORD-00822,CLI-0036,2025-05-09,SKU-002,489,Completed,64019.88
ORD-00823,CLI-0019,2025-05-09,SKU-013,116,Completed,21650.239999999998
ORD-00824,CLI-0070,2025-05-09,SKU-002,178,Completed,23303.76
ORD-00825,CLI-0023,2025-05-09,SKU-H01,106,Completed,1692.8200000000002
ORD-00826,CLI-0085,2025-05-09,SKU-019,493,Completed,88537.87
ORD-00827,CLI-0004,2025-05-09,SKU-H01,117,Completed,1868.49
ORD-00828,CLI-0002,2025-05-09,SKU-H01,233,Completed,3721.01
ORD-00829,CLI-0031,2025-05-09,SKU-013,351,Completed,65510.63999999999
ORD-00830,CLI-0042,2025-05-09,SKU-H01,58,Completed,926.26
ORD-00831,CLI-0023,2025-05-09,SKU-015,185,Completed,24114.75
ORD-00832,CLI-0007,2025-05-09,SKU-003,114,Completed,7949.22
ORD-00833,CLI-0095,2025-05-09,SKU-017,265,Completed,43115.5
ORD-00834,CLI-0068,2025-05-09,SKU-011,108,Completed,7025.4
ORD-00835,CLI-0061,2025-05-10,SKU-008,279,Completed,42840.450000000004
ORD-00836,CLI-0100,2025-05-10,SKU-018,235,Completed,10680.75
ORD-00837,CLI-0066,2025-05-10,SKU-H01,353,Completed,5637.41
ORD-00838,CLI-0014,2025-05-10,SKU-018,281,Completed,12771.45
ORD-00839,CLI-0065,2025-05-10,SKU-H01,163,Completed,2603.11
ORD-00840,CLI-0079,2025-05-10,SKU-004,72,Completed,7677.36
ORD-00841,CLI-0094,2025-05-10,SKU-H01,451,Completed,7202.47
ORD-00842,CLI-0085,2025-05-10,SKU-006,316,Completed,18128.92
ORD-00843,CLI-0039,2025-05-10,SKU-H01,284,Completed,4535.4800000000005
ORD-00844,CLI-0083,2025-05-10,SKU-015,65,Completed,8472.75
ORD-00845,CLI-0008,2025-05-10,SKU-015,295,Completed,38453.25
ORD-00846,CLI-0052,2025-05-10,SKU-018,268,Completed,12180.6
ORD-00847,CLI-0063,2025-05-11,SKU-H01,414,Completed,6611.58
ORD-00848,CLI-0057,2025-05-11,SKU-008,87,Completed,13358.85
ORD-00849,CLI-0011,2025-05-11,SKU-004,214,Completed,22818.82
ORD-00850,CLI-0078,2025-05-11,SKU-H01,125,Completed,1996.25
ORD-00851,CLI-0009,2025-05-11,SKU-H01,114,Completed,1820.5800000000002
ORD-00852,CLI-0036,2025-05-11,SKU-002,369,Completed,48309.479999999996
ORD-00853,CLI-0082,2025-05-11,SKU-011,349,Completed,22702.45
ORD-00854,CLI-0071,2025-05-11,SKU-008,414,Completed,63569.700000000004
ORD-00855,CLI-0042,2025-05-11,SKU-003,245,Completed,17083.850000000002
ORD-00856,CLI-0077,2025-05-11,SKU-H01,321,Completed,5126.37
ORD-00857,CLI-0038,2025-05-11,SKU-H01,282,Completed,4503.54
ORD-00858,CLI-0065,2025-05-11,SKU-H01,359,Completed,5733.2300000000005
ORD-00859,CLI-0056,2025-05-11,SKU-019,100,Completed,17959.0
ORD-00860,CLI-0084,2025-05-12,SKU-H01,383,Completed,6116.51
ORD-00861,CLI-0099,2025-05-12,SKU-H01,332,Completed,5302.04
ORD-00862,CLI-0093,2025-05-12,SKU-H01,493,Completed,7873.21
ORD-00863,CLI-0028,2025-05-12,SKU-014,270,Completed,44155.799999999996
ORD-00864,CLI-0058,2025-05-12,SKU-019,166,Completed,29811.940000000002
ORD-00865,CLI-0053,2025-05-12,SKU-013,223,Completed,41620.719999999994
ORD-00866,CLI-0059,2025-05-12,SKU-010,254,Completed,6256.0199999999995
ORD-00867,CLI-0054,2025-05-12,SKU-005,423,Completed,77172.12
ORD-00868,CLI-0013,2025-05-12,SKU-H01,210,Completed,3353.7000000000003
ORD-00869,CLI-0055,2025-05-12,SKU-019,210,Completed,37713.9
ORD-00870,CLI-0086,2025-05-12,SKU-012,180,Completed,7313.400000000001
ORD-00871,CLI-0048,2025-05-12,SKU-009,128,Completed,6844.16
ORD-00872,CLI-0088,2025-05-12,SKU-012,292,Completed,11863.960000000001
ORD-00873,CLI-0012,2025-05-13,SKU-011,475,Completed,30898.75
ORD-00874,CLI-0011,2025-05-13,SKU-009,97,Completed,5186.59
ORD-00875,CLI-0056,2025-05-13,SKU-019,99,Completed,17779.41
ORD-00876,CLI-0096,2025-05-13,SKU-017,428,Completed,69635.59999999999
ORD-00877,CLI-0048,2025-05-13,SKU-009,465,Completed,24863.55
ORD-00878,CLI-0017,2025-05-13,SKU-010,334,Completed,8226.42
ORD-00879,CLI-0008,2025-05-13,SKU-H01,350,Completed,5589.5
ORD-00880,CLI-0072,2025-05-13,SKU-010,337,Completed,8300.31
ORD-00881,CLI-0043,2025-05-13,SKU-H01,393,Completed,6276.21
ORD-00882,CLI-0016,2025-05-13,SKU-007,260,Completed,22872.2
ORD-00883,CLI-0046,2025-05-13,SKU-Z99,497,Completed,248500.0
ORD-00884,CLI-0086,2025-05-13,SKU-006,434,Completed,24898.579999999998
ORD-00885,CLI-0093,2025-05-14,SKU-004,76,Completed,8103.879999999999
ORD-00886,CLI-0037,2025-05-14,SKU-H01,357,Completed,5701.29
ORD-00887,CLI-0040,2025-05-14,SKU-H01,230,Completed,3673.1000000000004
ORD-00888,CLI-0014,2025-05-14,SKU-012,345,Completed,14017.35
ORD-00889,CLI-0065,2025-05-14,SKU-H01,158,Completed,2523.26
ORD-00890,CLI-0020,2025-05-14,SKU-H01,386,Completed,6164.42
ORD-00891,CLI-0062,2025-05-14,SKU-002,164,Completed,21470.879999999997
ORD-00892,CLI-0014,2025-05-14,SKU-014,229,Completed,37450.659999999996
ORD-00893,CLI-0072,2025-05-14,SKU-012,238,Completed,9669.94
ORD-00894,CLI-0015,2025-05-14,SKU-H01,440,Completed,7026.8
ORD-00895,CLI-0036,2025-05-14,SKU-003,343,Completed,23917.390000000003
ORD-00896,CLI-0029,2025-05-14,SKU-005,463,Completed,84469.72
ORD-00897,CLI-0055,2025-05-14,SKU-009,482,Completed,25772.54
ORD-00898,CLI-0072,2025-05-14,SKU-009,442,Completed,23633.739999999998
ORD-00899,CLI-0080,2025-05-14,SKU-H01,364,Completed,5813.08
ORD-00900,CLI-0087,2025-05-14,SKU-006,379,Completed,21743.23
ORD-00901,CLI-0072,2025-05-14,SKU-004,63,Completed,6717.69
ORD-00902,CLI-0078,2025-05-14,SKU-016,386,Completed,67773.88
ORD-00903,CLI-0089,2025-05-14,SKU-005,186,Completed,33933.84
ORD-00904,CLI-0004,2025-05-14,SKU-003,142,Completed,9901.66
ORD-00905,CLI-0035,2025-05-14,SKU-002,409,Completed,53546.27999999999
ORD-00906,CLI-0098,2025-05-14,SKU-007,208,Completed,18297.76
ORD-00907,CLI-0044,2025-05-14,SKU-014,229,Completed,37450.659999999996
ORD-00908,CLI-0024,2025-05-15,SKU-006,495,Completed,28398.149999999998
ORD-00909,CLI-0019,2025-05-15,SKU-009,339,Completed,18126.329999999998
ORD-00910,CLI-0085,2025-05-15,SKU-012,255,Completed,10360.650000000001
ORD-00911,CLI-0009,2025-05-15,SKU-005,122,Completed,22257.68
ORD-00912,CLI-0095,2025-05-15,SKU-002,374,Completed,48964.079999999994
ORD-00913,CLI-0004,2025-05-15,SKU-016,96,Completed,16855.68
ORD-00914,CLI-0096,2025-05-15,SKU-002,321,Completed,42025.31999999999
ORD-00915,CLI-0028,2025-05-15,SKU-003,242,Completed,16874.66
ORD-00916,CLI-0054,2025-05-15,SKU-Z99,282,Completed,141000.0
ORD-00917,CLI-0044,2025-05-15,SKU-H01,130,Completed,2076.1
ORD-00918,CLI-0040,2025-05-16,SKU-H01,419,Completed,6691.43
ORD-00919,CLI-0042,2025-05-16,SKU-H01,447,Completed,7138.59
ORD-00920,CLI-0073,2025-05-16,SKU-018,355,Completed,16134.750000000002
ORD-00921,CLI-0011,2025-05-16,SKU-H01,76,Completed,1213.72
ORD-00922,CLI-0020,2025-05-16,SKU-H01,130,Completed,2076.1
ORD-00923,CLI-0097,2025-05-16,SKU-H01,366,Completed,5845.02
ORD-00924,CLI-0007,2025-05-16,SKU-H01,395,Completed,6308.150000000001
ORD-00925,CLI-0011,2025-05-16,SKU-H01,189,Completed,3018.33
ORD-00926,CLI-0057,2025-05-16,SKU-004,388,Completed,41372.439999999995
ORD-00927,CLI-0055,2025-05-16,SKU-007,298,Completed,26215.06
ORD-00928,CLI-0078,2025-05-16,SKU-H01,276,Completed,4407.72
ORD-00929,CLI-0054,2025-05-16,SKU-H01,189,Completed,3018.33
ORD-00930,CLI-0028,2025-05-16,SKU-H01,436,Completed,6962.92
ORD-00931,CLI-0066,2025-05-16,SKU-H01,108,Completed,1724.76
ORD-00932,CLI-0045,2025-05-16,SKU-005,270,Completed,49258.8
ORD-00933,CLI-0015,2025-05-16,SKU-012,195,Completed,7922.85
ORD-00934,CLI-0087,2025-05-16,SKU-H01,397,Completed,6340.09
ORD-00935,CLI-0076,2025-05-16,SKU-004,299,Completed,31882.37
ORD-00936,CLI-0068,2025-05-16,SKU-H01,391,Completed,6244.27
ORD-00937,CLI-0040,2025-05-16,SKU-015,73,Completed,9515.55
ORD-00938,CLI-0029,2025-05-16,SKU-011,252,Completed,16392.6
ORD-00939,CLI-0008,2025-05-17,SKU-007,53,Completed,4662.41
ORD-00940,CLI-0027,2025-05-17,SKU-H01,204,Completed,3257.88
ORD-00941,CLI-0028,2025-05-17,SKU-017,442,Completed,71913.4
ORD-00942,CLI-0018,2025-05-17,SKU-H01,441,Completed,7042.77
ORD-00943,CLI-0033,2025-05-17,SKU-H01,198,Completed,3162.06
ORD-00944,CLI-0042,2025-05-17,SKU-H01,111,Completed,1772.67
ORD-00945,CLI-0001,2025-05-17,SKU-H01,304,Completed,4854.88
ORD-00946,CLI-0096,2025-05-17,SKU-018,270,Completed,12271.5
ORD-00947,CLI-0023,2025-05-17,SKU-014,116,Completed,18970.64
ORD-00948,CLI-0049,2025-05-17,SKU-H01,322,Completed,5142.34
ORD-00949,CLI-0091,2025-05-17,SKU-007,167,Completed,14690.99
ORD-00950,CLI-0065,2025-05-17,SKU-019,336,Completed,60342.24
ORD-00951,CLI-0086,2025-05-17,SKU-016,462,Completed,81117.96
ORD-00952,CLI-0046,2025-05-17,SKU-008,86,Completed,13205.300000000001
ORD-00953,CLI-0051,2025-05-17,SKU-017,491,Completed,79885.7
ORD-00954,CLI-0095,2025-05-17,SKU-019,71,Completed,12750.89
ORD-00955,CLI-0056,2025-05-17,SKU-012,59,Completed,2397.17
ORD-00956,CLI-0059,2025-05-17,SKU-H01,89,Completed,1421.3300000000002
ORD-00957,CLI-0041,2025-05-17,SKU-002,344,Completed,45036.479999999996
ORD-00958,CLI-0055,2025-05-17,SKU-015,343,Completed,44710.049999999996
ORD-00959,CLI-0052,2025-05-17,SKU-H01,413,Completed,6595.610000000001
ORD-00960,CLI-0082,2025-05-17,SKU-015,263,Completed,34282.049999999996
ORD-00961,CLI-0038,2025-05-17,SKU-H01,108,Completed,1724.76
ORD-00962,CLI-0052,2025-05-17,SKU-H01,60,Completed,958.2
ORD-00963,CLI-0042,2025-05-17,SKU-H01,137,Completed,2187.89
ORD-00964,CLI-0080,2025-05-17,SKU-H01,285,Completed,4551.45
ORD-00965,CLI-0089,2025-05-17,SKU-019,235,Completed,42203.65
ORD-00966,CLI-0012,2025-05-17,SKU-015,273,Completed,35585.549999999996
ORD-00967,CLI-0014,2025-05-17,SKU-014,174,Completed,28455.96
ORD-00968,CLI-0076,2025-05-18,SKU-009,255,Completed,13634.85
ORD-00969,CLI-0068,2025-05-18,SKU-H01,90,Completed,1437.3
ORD-00970,CLI-0051,2025-05-18,SKU-005,495,Completed,90307.8
ORD-00971,CLI-0040,2025-05-18,SKU-008,431,Completed,66180.05
ORD-00972,CLI-0044,2025-05-18,SKU-005,163,Completed,29737.72
ORD-00973,CLI-0043,2025-05-18,SKU-H01,448,Completed,7154.56
ORD-00974,CLI-0022,2025-05-18,SKU-005,89,Completed,16237.16
ORD-00975,CLI-0066,2025-05-18,SKU-004,374,Completed,39879.619999999995
ORD-00976,CLI-0015,2025-05-18,SKU-Z99,321,Completed,160500.0
ORD-00977,CLI-0066,2025-05-18,SKU-017,149,Completed,24242.3
ORD-00978,CLI-0100,2025-05-18,SKU-003,228,Completed,15898.44
ORD-00979,CLI-0045,2025-05-18,SKU-008,422,Completed,64798.100000000006
ORD-00980,CLI-0083,2025-05-18,SKU-012,467,Completed,18974.210000000003
ORD-00981,CLI-0019,2025-05-18,SKU-H01,170,Completed,2714.9
ORD-00982,CLI-0014,2025-05-18,SKU-017,124,Completed,20174.8
ORD-00983,CLI-0033,2025-05-18,SKU-016,151,Completed,26512.58
ORD-00984,CLI-0023,2025-05-18,SKU-003,358,Completed,24963.34
ORD-00985,CLI-0020,2025-05-18,SKU-H01,439,Completed,7010.83
ORD-00986,CLI-0098,2025-05-18,SKU-H01,385,Completed,6148.45
ORD-00987,CLI-0010,2025-05-18,SKU-004,140,Completed,14928.199999999999
ORD-00988,CLI-0099,2025-05-18,SKU-H01,371,Completed,5924.87
ORD-00989,CLI-0064,2025-05-18,SKU-015,287,Completed,37410.45
ORD-00990,CLI-0097,2025-05-18,SKU-H01,338,Completed,5397.860000000001
ORD-00991,CLI-0058,2025-05-19,SKU-H01,398,Completed,6356.06
ORD-00992,CLI-0073,2025-05-19,SKU-018,379,Completed,17225.55
ORD-00993,CLI-0082,2025-05-19,SKU-012,369,Completed,14992.470000000001
ORD-00994,CLI-0042,2025-05-19,SKU-H01,492,Completed,7857.240000000001
ORD-00995,CLI-0081,2025-05-19,SKU-H01,211,Completed,3369.67
ORD-00996,CLI-0020,2025-05-19,SKU-H01,275,Completed,4391.75
ORD-00997,CLI-0009,2025-05-19,SKU-011,290,Completed,18864.5
ORD-00998,CLI-0057,2025-05-19,SKU-H01,373,Completed,5956.81
ORD-00999,CLI-0039,2025-05-19,SKU-006,457,Completed,26218.09
ORD-01000,CLI-0036,2025-05-19,SKU-019,352,Completed,63215.68
ORD-01001,CLI-0008,2025-05-19,SKU-H01,230,Completed,3673.1000000000004
ORD-01002,CLI-0065,2025-05-19,SKU-017,87,Completed,14154.9
ORD-01003,CLI-0040,2025-05-19,SKU-Z99,286,Completed,143000.0
ORD-01004,CLI-0058,2025-05-19,SKU-H01,69,Completed,1101.93
ORD-01005,CLI-0008,2025-05-19,SKU-016,238,Completed,41788.04
ORD-01006,CLI-0037,2025-05-19,SKU-005,89,Completed,16237.16
ORD-01007,CLI-0083,2025-05-19,SKU-017,492,Completed,80048.4
ORD-01008,CLI-0012,2025-05-19,SKU-007,364,Completed,32021.079999999998
ORD-01009,CLI-0077,2025-05-19,SKU-009,309,Completed,16522.23
ORD-01010,CLI-0050,2025-05-19,SKU-006,286,Completed,16407.82
ORD-01011,CLI-0075,2025-05-19,SKU-016,333,Completed,58468.14000000001
ORD-01012,CLI-0095,2025-05-19,SKU-012,71,Completed,2884.73
ORD-01013,CLI-0058,2025-05-19,SKU-005,464,Completed,84652.16
ORD-01014,CLI-0074,2025-05-19,SKU-016,383,Completed,67247.14
ORD-01015,CLI-0025,2025-05-19,SKU-H01,214,Completed,3417.58
ORD-01016,CLI-0078,2025-05-19,SKU-H01,293,Completed,4679.21
ORD-01017,CLI-0065,2025-05-19,SKU-H01,127,Completed,2028.19
ORD-01018,CLI-0008,2025-05-19,SKU-H01,280,Completed,4471.6
ORD-01019,CLI-0044,2025-05-20,SKU-H01,415,Completed,6627.55
ORD-01020,CLI-0011,2025-05-20,SKU-018,308,Completed,13998.6
ORD-01021,CLI-0083,2025-05-20,SKU-H01,138,Completed,2203.86
ORD-01022,CLI-0006,2025-05-20,SKU-011,176,Completed,11448.8
ORD-01023,CLI-0091,2025-05-20,SKU-H01,274,Completed,4375.78
ORD-01024,CLI-0057,2025-05-20,SKU-016,318,Completed,55834.44
ORD-01025,CLI-0067,2025-05-20,SKU-019,362,Completed,65011.58
ORD-01026,CLI-0021,2025-05-20,SKU-003,236,Completed,16456.280000000002
ORD-01027,CLI-0048,2025-05-20,SKU-016,194,Completed,34062.520000000004
ORD-01028,CLI-0050,2025-05-20,SKU-H01,259,Completed,4136.2300000000005
ORD-01029,CLI-0100,2025-05-20,SKU-014,223,Completed,36469.42
ORD-01030,CLI-0087,2025-05-20,SKU-H01,356,Completed,5685.320000000001
ORD-01031,CLI-0007,2025-05-20,SKU-017,454,Completed,73865.79999999999
ORD-01032,CLI-0083,2025-05-21,SKU-H01,221,Completed,3529.3700000000003
ORD-01033,CLI-0009,2025-05-21,SKU-006,218,Completed,12506.66
ORD-01034,CLI-0013,2025-05-21,SKU-012,335,Completed,13611.050000000001
ORD-01035,CLI-0087,2025-05-21,SKU-H01,247,Completed,3944.59
ORD-01036,CLI-0037,2025-05-21,SKU-H01,179,Completed,2858.63
ORD-01037,CLI-0093,2025-05-21,SKU-H01,486,Completed,7761.42
ORD-01038,CLI-0085,2025-05-21,SKU-H01,358,Completed,5717.26
ORD-01039,CLI-0020,2025-05-21,SKU-006,220,Completed,12621.4
ORD-01040,CLI-0011,2025-05-21,SKU-H01,348,Completed,5557.56
ORD-01041,CLI-0085,2025-05-21,SKU-H01,122,Completed,1948.3400000000001
ORD-01042,CLI-0045,2025-05-21,SKU-H01,208,Completed,3321.76
ORD-01043,CLI-0084,2025-05-21,SKU-014,407,Completed,66560.78
ORD-01044,CLI-0085,2025-05-21,SKU-H01,250,Completed,3992.5
ORD-01045,CLI-0017,2025-05-21,SKU-H01,354,Completed,5653.38
ORD-01046,CLI-0091,2025-05-21,SKU-H01,93,Completed,1485.21
ORD-01047,CLI-0040,2025-05-21,SKU-002,336,Completed,43989.119999999995
ORD-01048,CLI-0049,2025-05-21,SKU-015,379,Completed,49402.65
ORD-01049,CLI-0043,2025-05-21,SKU-H01,466,Completed,7442.02
ORD-01050,CLI-0017,2025-05-21,SKU-H01,393,Completed,6276.21
ORD-01051,CLI-0090,2025-05-21,SKU-012,474,Completed,19258.620000000003
ORD-01052,CLI-0095,2025-05-21,SKU-013,400,Completed,74656.0
ORD-01053,CLI-0068,2025-05-21,SKU-H01,97,Completed,1549.0900000000001
ORD-01054,CLI-0083,2025-05-21,SKU-013,393,Completed,73349.51999999999
ORD-01055,CLI-0055,2025-05-21,SKU-018,310,Completed,14089.5
ORD-01056,CLI-0047,2025-05-21,SKU-H01,59,Completed,942.23
ORD-01057,CLI-0047,2025-05-21,SKU-013,208,Completed,38821.119999999995
ORD-01058,CLI-0024,2025-05-21,SKU-011,159,Completed,10342.949999999999
ORD-01059,CLI-0044,2025-05-21,SKU-004,442,Completed,47130.46
ORD-01060,CLI-0063,2025-05-21,SKU-H01,148,Completed,2363.56
ORD-01061,CLI-0029,2025-05-21,SKU-H01,120,Completed,1916.4
ORD-01062,CLI-0010,2025-05-22,SKU-015,201,Completed,26200.35
ORD-01063,CLI-0013,2025-05-22,SKU-Z99,309,Completed,154500.0
ORD-01064,CLI-0099,2025-05-22,SKU-010,326,Completed,8029.38
ORD-01065,CLI-0095,2025-05-22,SKU-003,319,Completed,22243.870000000003
ORD-01066,CLI-0005,2025-05-22,SKU-009,388,Completed,20746.36
ORD-01067,CLI-0044,2025-05-22,SKU-007,498,Completed,43809.06
ORD-01068,CLI-0099,2025-05-22,SKU-H01,366,Completed,5845.02
ORD-01069,CLI-0017,2025-05-22,SKU-H01,355,Completed,5669.35
ORD-01070,CLI-0049,2025-05-22,SKU-014,128,Completed,20933.12
ORD-01071,CLI-0021,2025-05-22,SKU-H01,142,Completed,2267.7400000000002
ORD-01072,CLI-0089,2025-05-22,SKU-014,444,Completed,72611.76
ORD-01073,CLI-0080,2025-05-22,SKU-H01,464,Completed,7410.08
ORD-01074,CLI-0022,2025-05-22,SKU-H01,419,Completed,6691.43
ORD-01075,CLI-0057,2025-05-22,SKU-H01,72,Completed,1149.8400000000001
ORD-01076,CLI-0047,2025-05-23,SKU-004,396,Completed,42225.479999999996
ORD-01077,CLI-0093,2025-05-23,SKU-018,171,Completed,7771.950000000001
ORD-01078,CLI-0057,2025-05-23,SKU-H01,362,Completed,5781.14
ORD-01079,CLI-0037,2025-05-23,SKU-015,435,Completed,56702.25
ORD-01080,CLI-0096,2025-05-23,SKU-005,451,Completed,82280.44
ORD-01081,CLI-0058,2025-05-23,SKU-014,169,Completed,27638.26
ORD-01082,CLI-0069,2025-05-23,SKU-H01,172,Completed,2746.84
ORD-01083,CLI-0040,2025-05-23,SKU-015,464,Completed,60482.399999999994
ORD-01084,CLI-0061,2025-05-23,SKU-013,477,Completed,89027.28
ORD-01085,CLI-0025,2025-05-23,SKU-H01,238,Completed,3800.86
ORD-01086,CLI-0087,2025-05-23,SKU-H01,342,Completed,5461.74
ORD-01087,CLI-0057,2025-05-23,SKU-016,286,Completed,50215.880000000005
ORD-01088,CLI-0099,2025-05-23,SKU-019,194,Completed,34840.46
ORD-01089,CLI-0100,2025-05-23,SKU-H01,245,Completed,3912.65
ORD-01090,CLI-0065,2025-05-23,SKU-012,320,Completed,13001.6
ORD-01091,CLI-0054,2025-05-23,SKU-017,132,Completed,21476.399999999998
ORD-01092,CLI-0026,2025-05-23,SKU-015,460,Completed,59961.0
ORD-01093,CLI-0078,2025-05-23,SKU-019,120,Completed,21550.8
ORD-01094,CLI-0033,2025-05-23,SKU-012,76,Completed,3087.88
ORD-01095,CLI-0083,2025-05-23,SKU-003,296,Completed,20640.08
ORD-01096,CLI-0048,2025-05-23,SKU-H01,333,Completed,5318.01
ORD-01097,CLI-0014,2025-05-23,SKU-H01,414,Completed,6611.58
ORD-01098,CLI-0067,2025-05-23,SKU-011,485,Completed,31549.25
ORD-01099,CLI-0037,2025-05-24,SKU-012,92,Completed,3737.96
ORD-01100,CLI-0098,2025-05-24,SKU-H01,132,Completed,2108.04
ORD-01101,CLI-0035,2025-05-24,SKU-016,280,Completed,49162.4
ORD-01102,CLI-0066,2025-05-24,SKU-011,125,Completed,8131.25
ORD-01103,CLI-0056,2025-05-24,SKU-006,96,Completed,5507.5199999999995
ORD-01104,CLI-0029,2025-05-24,SKU-004,468,Completed,49902.84
ORD-01105,CLI-0058,2025-05-24,SKU-006,228,Completed,13080.359999999999
ORD-01106,CLI-0004,2025-05-24,SKU-H01,262,Completed,4184.14
ORD-01107,CLI-0007,2025-05-24,SKU-H01,252,Completed,4024.44
ORD-01108,CLI-0065,2025-05-24,SKU-H01,241,Completed,3848.77
ORD-01109,CLI-0031,2025-05-24,SKU-H01,247,Completed,3944.59
ORD-01110,CLI-0011,2025-05-24,SKU-003,241,Completed,16804.93
ORD-01111,CLI-0029,2025-05-24,SKU-005,64,Completed,11676.16
ORD-01112,CLI-0013,2025-05-25,SKU-H01,479,Completed,7649.63
ORD-01113,CLI-0092,2025-05-25,SKU-014,382,Completed,62472.28
ORD-01114,CLI-0043,2025-05-25,SKU-H01,455,Completed,7266.35
ORD-01115,CLI-0019,2025-05-25,SKU-017,120,Completed,19524.0
ORD-01116,CLI-0005,2025-05-25,SKU-019,196,Completed,35199.64
ORD-01117,CLI-0061,2025-05-25,SKU-H01,406,Completed,6483.820000000001
ORD-01118,CLI-0018,2025-05-25,SKU-003,438,Completed,30541.74
ORD-01119,CLI-0091,2025-05-25,SKU-H01,290,Completed,4631.3
ORD-01120,CLI-0058,2025-05-25,SKU-008,365,Completed,56045.75000000001
ORD-01121,CLI-0001,2025-05-25,SKU-008,90,Completed,13819.500000000002
ORD-01122,CLI-0003,2025-05-25,SKU-H01,181,Completed,2890.57
ORD-01123,CLI-0028,2025-05-25,SKU-006,477,Completed,27365.489999999998
ORD-01124,CLI-0020,2025-05-25,SKU-H01,330,Completed,5270.1
ORD-01125,CLI-0094,2025-05-25,SKU-H01,361,Completed,5765.17
ORD-01126,CLI-0068,2025-05-25,SKU-009,266,Completed,14223.02
ORD-01127,CLI-0015,2025-05-25,SKU-H01,447,Completed,7138.59
ORD-01128,CLI-0037,2025-05-25,SKU-007,171,Completed,15042.869999999999
ORD-01129,CLI-0039,2025-05-25,SKU-003,112,Completed,7809.76
ORD-01130,CLI-0007,2025-05-25,SKU-019,172,Completed,30889.48
ORD-01131,CLI-0054,2025-05-25,SKU-H01,377,Completed,6020.6900000000005
ORD-01132,CLI-0059,2025-05-26,SKU-003,82,Completed,5717.860000000001
ORD-01133,CLI-0015,2025-05-26,SKU-010,478,Completed,11773.14
ORD-01134,CLI-0064,2025-05-26,SKU-H01,355,Completed,5669.35
ORD-01135,CLI-0069,2025-05-26,SKU-019,58,Completed,10416.22
ORD-01136,CLI-0081,2025-05-26,SKU-011,313,Completed,20360.649999999998
ORD-01137,CLI-0074,2025-05-26,SKU-009,173,Completed,9250.31
ORD-01138,CLI-0092,2025-05-26,SKU-012,123,Completed,4997.490000000001
ORD-01139,CLI-0038,2025-05-26,SKU-018,269,Completed,12226.050000000001
ORD-01140,CLI-0001,2025-05-26,SKU-017,364,Completed,59222.799999999996
ORD-01141,CLI-0046,2025-05-26,SKU-011,173,Completed,11253.65
ORD-01142,CLI-0074,2025-05-26,SKU-012,263,Completed,10685.69
ORD-01143,CLI-0024,2025-05-26,SKU-H01,390,Completed,6228.3
ORD-01144,CLI-0086,2025-05-26,SKU-H01,93,Completed,1485.21
ORD-01145,CLI-0068,2025-05-26,SKU-007,234,Completed,20584.98
ORD-01146,CLI-0009,2025-05-26,SKU-H01,319,Completed,5094.43
ORD-01147,CLI-0070,2025-05-26,SKU-004,309,Completed,32948.67
ORD-01148,CLI-0065,2025-05-26,SKU-H01,333,Completed,5318.01
ORD-01149,CLI-0003,2025-05-26,SKU-H01,249,Completed,3976.53
ORD-01150,CLI-0061,2025-05-26,SKU-013,72,Completed,13438.079999999998
ORD-01151,CLI-0082,2025-05-26,SKU-018,248,Completed,11271.6
ORD-01152,CLI-0048,2025-05-26,SKU-H01,179,Completed,2858.63
ORD-01153,CLI-0096,2025-05-26,SKU-006,58,Completed,3327.46
ORD-01154,CLI-0046,2025-05-26,SKU-016,453,Completed,79537.74
ORD-01155,CLI-0009,2025-05-26,SKU-H01,226,Completed,3609.2200000000003
ORD-01156,CLI-0031,2025-05-26,SKU-014,425,Completed,69504.5
ORD-01157,CLI-0085,2025-05-26,SKU-H01,371,Completed,5924.87
ORD-01158,CLI-0014,2025-05-26,SKU-H01,445,Completed,7106.650000000001
ORD-01159,CLI-0075,2025-05-26,SKU-019,426,Completed,76505.34
ORD-01160,CLI-0097,2025-05-26,SKU-H01,220,Completed,3513.4
ORD-01161,CLI-0006,2025-05-27,SKU-010,230,Completed,5664.9
ORD-01162,CLI-0070,2025-05-27,SKU-014,223,Completed,36469.42
ORD-01163,CLI-0083,2025-05-27,SKU-H01,139,Completed,2219.83
ORD-01164,CLI-0100,2025-05-27,SKU-010,400,Completed,9852.0
ORD-01165,CLI-0060,2025-05-27,SKU-018,406,Completed,18452.7
ORD-01166,CLI-0062,2025-05-27,SKU-H01,373,Completed,5956.81
ORD-01167,CLI-0024,2025-05-27,SKU-017,465,Completed,75655.5
ORD-01168,CLI-0018,2025-05-27,SKU-007,82,Completed,7213.54
ORD-01169,CLI-0092,2025-05-27,SKU-008,447,Completed,68636.85
ORD-01170,CLI-0059,2025-05-27,SKU-008,68,Completed,10441.400000000001
ORD-01171,CLI-0038,2025-05-27,SKU-H01,153,Completed,2443.4100000000003
ORD-01172,CLI-0006,2025-05-27,SKU-018,455,Completed,20679.75
ORD-01173,CLI-0026,2025-05-27,SKU-018,71,Completed,3226.9500000000003
ORD-01174,CLI-0041,2025-05-27,SKU-008,208,Completed,31938.4
ORD-01175,CLI-0051,2025-05-28,SKU-013,467,Completed,87160.87999999999
ORD-01176,CLI-0070,2025-05-28,SKU-008,292,Completed,44836.600000000006
ORD-01177,CLI-0033,2025-05-28,SKU-004,68,Completed,7250.84
ORD-01178,CLI-0097,2025-05-28,SKU-009,381,Completed,20372.07
ORD-01179,CLI-0025,2025-05-28,SKU-006,196,Completed,11244.519999999999
ORD-01180,CLI-0046,2025-05-28,SKU-008,491,Completed,75393.05
ORD-01181,CLI-0100,2025-05-28,SKU-013,74,Completed,13811.359999999999
ORD-01182,CLI-0084,2025-05-28,SKU-004,219,Completed,23351.969999999998
ORD-01183,CLI-0035,2025-05-28,SKU-H01,113,Completed,1804.6100000000001
ORD-01184,CLI-0048,2025-05-28,SKU-H01,273,Completed,4359.81
ORD-01185,CLI-0052,2025-05-28,SKU-003,430,Completed,29983.9
ORD-01186,CLI-0057,2025-05-28,SKU-011,247,Completed,16067.349999999999
ORD-01187,CLI-0044,2025-05-28,SKU-007,145,Completed,12755.65
ORD-01188,CLI-0064,2025-05-28,SKU-009,404,Completed,21601.88
ORD-01189,CLI-0064,2025-05-28,SKU-004,238,Completed,25377.94
ORD-01190,CLI-0067,2025-05-28,SKU-008,186,Completed,28560.300000000003
ORD-01191,CLI-0011,2025-05-28,SKU-H01,422,Completed,6739.34
ORD-01192,CLI-0055,2025-05-28,SKU-004,90,Completed,9596.699999999999
ORD-01193,CLI-0056,2025-05-28,SKU-012,358,Completed,14545.54
ORD-01194,CLI-0024,2025-05-28,SKU-016,329,Completed,57765.82000000001
ORD-01195,CLI-0038,2025-05-28,SKU-003,214,Completed,14922.220000000001
ORD-01196,CLI-0014,2025-05-28,SKU-H01,90,Completed,1437.3
ORD-01197,CLI-0042,2025-05-28,SKU-H01,388,Completed,6196.360000000001
ORD-01198,CLI-0038,2025-05-28,SKU-H01,206,Completed,3289.82
ORD-01199,CLI-0058,2025-05-28,SKU-009,358,Completed,19142.26
ORD-01200,CLI-0092,2025-05-28,SKU-H01,268,Completed,4279.96
ORD-01201,CLI-0089,2025-05-29,SKU-006,277,Completed,15891.49
ORD-01202,CLI-0045,2025-05-29,SKU-004,278,Completed,29643.14
ORD-01203,CLI-0006,2025-05-29,SKU-H01,422,Completed,6739.34
ORD-01204,CLI-0046,2025-05-29,SKU-002,364,Completed,47654.88
ORD-01205,CLI-0056,2025-05-29,SKU-H01,190,Completed,3034.3
ORD-01206,CLI-0082,2025-05-29,SKU-002,455,Completed,59568.59999999999
ORD-01207,CLI-0008,2025-05-29,SKU-H01,88,Completed,1405.3600000000001
ORD-01208,CLI-0086,2025-05-29,SKU-015,376,Completed,49011.6
ORD-01209,CLI-0052,2025-05-29,SKU-H01,236,Completed,3768.92
ORD-01210,CLI-0066,2025-05-29,SKU-019,460,Completed,82611.40000000001
ORD-01211,CLI-0096,2025-05-29,SKU-002,397,Completed,51975.24
ORD-01212,CLI-0021,2025-05-29,SKU-015,65,Completed,8472.75
ORD-01213,CLI-0019,2025-05-29,SKU-008,484,Completed,74318.20000000001
ORD-01214,CLI-0078,2025-05-29,SKU-012,397,Completed,16130.11
ORD-01215,CLI-0057,2025-05-29,SKU-013,67,Completed,12504.88
ORD-01216,CLI-0009,2025-05-30,SKU-005,170,Completed,31014.8
ORD-01217,CLI-0100,2025-05-30,SKU-006,380,Completed,21800.6
ORD-01218,CLI-0047,2025-05-30,SKU-005,235,Completed,42873.4
ORD-01219,CLI-0050,2025-05-30,SKU-007,340,Completed,29909.8
ORD-01220,CLI-0005,2025-05-30,SKU-H01,359,Completed,5733.2300000000005
ORD-01221,CLI-0020,2025-05-30,SKU-H01,397,Completed,6340.09
ORD-01222,CLI-0058,2025-05-30,SKU-008,239,Completed,36698.450000000004
ORD-01223,CLI-0048,2025-05-30,SKU-008,277,Completed,42533.350000000006
ORD-01224,CLI-0098,2025-05-30,SKU-013,89,Completed,16610.96
ORD-01225,CLI-0074,2025-05-30,SKU-009,120,Completed,6416.4
ORD-01226,CLI-0068,2025-05-30,SKU-Z99,237,Completed,118500.0
ORD-01227,CLI-0051,2025-05-30,SKU-H01,210,Completed,3353.7000000000003
ORD-01228,CLI-0084,2025-05-30,SKU-H01,192,Completed,3066.2400000000002
ORD-01229,CLI-0032,2025-05-30,SKU-H01,108,Completed,1724.76
ORD-01230,CLI-0095,2025-05-31,SKU-004,145,Completed,15461.349999999999
ORD-01231,CLI-0064,2025-05-31,SKU-015,315,Completed,41060.25
ORD-01232,CLI-0050,2025-05-31,SKU-H01,337,Completed,5381.89
ORD-01233,CLI-0016,2025-05-31,SKU-013,184,Completed,34341.759999999995
ORD-01234,CLI-0100,2025-05-31,SKU-002,183,Completed,23958.359999999997
ORD-01235,CLI-0091,2025-05-31,SKU-008,278,Completed,42686.9
ORD-01236,CLI-0028,2025-05-31,SKU-009,363,Completed,19409.61
ORD-01237,CLI-0037,2025-05-31,SKU-H01,405,Completed,6467.85
ORD-01238,CLI-0063,2025-05-31,SKU-005,152,Completed,27730.88
ORD-01239,CLI-0016,2025-05-31,SKU-002,119,Completed,15579.479999999998
ORD-01240,CLI-0058,2025-06-01,SKU-H01,138,Completed,2203.86
ORD-01241,CLI-0092,2025-06-01,SKU-003,277,Completed,19315.210000000003
ORD-01242,CLI-0012,2025-06-01,SKU-H01,464,Completed,7410.08
ORD-01243,CLI-0088,2025-06-01,SKU-002,482,Completed,63103.439999999995
ORD-01244,CLI-0041,2025-06-01,SKU-007,391,Completed,34396.27
ORD-01245,CLI-0045,2025-06-01,SKU-007,413,Completed,36331.61
ORD-01246,CLI-0009,2025-06-01,SKU-010,331,Completed,8152.53
ORD-01247,CLI-0070,2025-06-01,SKU-H01,198,Completed,3162.06
ORD-01248,CLI-0039,2025-06-01,SKU-009,485,Completed,25932.95
ORD-01249,CLI-0021,2025-06-01,SKU-H01,414,Completed,6611.58
ORD-01250,CLI-0091,2025-06-01,SKU-H01,408,Completed,6515.76
ORD-01251,CLI-0082,2025-06-01,SKU-015,139,Completed,18118.649999999998
ORD-01252,CLI-0066,2025-06-02,SKU-H01,164,Completed,2619.08
ORD-01253,CLI-0016,2025-06-02,SKU-007,152,Completed,13371.44
ORD-01254,CLI-0018,2025-06-02,SKU-008,171,Completed,26257.050000000003
ORD-01255,CLI-0064,2025-06-02,SKU-H01,63,Completed,1006.11
ORD-01256,CLI-0047,2025-06-02,SKU-H01,333,Completed,5318.01
ORD-01257,CLI-0074,2025-06-02,SKU-H01,238,Completed,3800.86
ORD-01258,CLI-0060,2025-06-02,SKU-016,461,Completed,80942.38
ORD-01259,CLI-0071,2025-06-02,SKU-003,116,Completed,8088.68
ORD-01260,CLI-0079,2025-06-02,SKU-H01,94,Completed,1501.18
ORD-01261,CLI-0009,2025-06-02,SKU-003,208,Completed,14503.84
ORD-01262,CLI-0051,2025-06-02,SKU-010,417,Completed,10270.71
ORD-01263,CLI-0093,2025-06-02,SKU-H01,295,Completed,4711.150000000001
ORD-01264,CLI-0068,2025-06-02,SKU-003,260,Completed,18129.8
ORD-01265,CLI-0099,2025-06-02,SKU-007,259,Completed,22784.23
ORD-01266,CLI-0074,2025-06-02,SKU-018,87,Completed,3954.15
ORD-01267,CLI-0017,2025-06-02,SKU-H01,212,Completed,3385.6400000000003
ORD-01268,CLI-0083,2025-06-02,SKU-H01,87,Completed,1389.39
ORD-01269,CLI-0058,2025-06-02,SKU-H01,288,Completed,4599.360000000001
ORD-01270,CLI-0088,2025-06-02,SKU-008,314,Completed,48214.700000000004
ORD-01271,CLI-0045,2025-06-02,SKU-H01,115,Completed,1836.5500000000002
ORD-01272,CLI-0100,2025-06-02,SKU-006,332,Completed,19046.84
ORD-01273,CLI-0076,2025-06-03,SKU-013,143,Completed,26689.519999999997
ORD-01274,CLI-0099,2025-06-03,SKU-011,116,Completed,7545.799999999999
ORD-01275,CLI-0056,2025-06-03,SKU-003,307,Completed,21407.11
ORD-01276,CLI-0008,2025-06-03,SKU-016,475,Completed,83400.5
ORD-01277,CLI-0016,2025-06-03,SKU-006,315,Completed,18071.55
ORD-01278,CLI-0020,2025-06-03,SKU-006,205,Completed,11760.85
ORD-01279,CLI-0022,2025-06-03,SKU-H01,132,Completed,2108.04
ORD-01280,CLI-0042,2025-06-03,SKU-019,413,Completed,74170.67
ORD-01281,CLI-0029,2025-06-03,SKU-H01,227,Completed,3625.19
ORD-01282,CLI-0067,2025-06-03,SKU-H01,195,Completed,3114.15
ORD-01283,CLI-0011,2025-06-03,SKU-H01,178,Completed,2842.6600000000003
ORD-01284,CLI-0026,2025-06-03,SKU-009,375,Completed,20051.25
ORD-01285,CLI-0071,2025-06-03,SKU-H01,190,Completed,3034.3
ORD-01286,CLI-0017,2025-06-03,SKU-H01,370,Completed,5908.900000000001
ORD-01287,CLI-0039,2025-06-03,SKU-H01,364,Completed,5813.08
ORD-01288,CLI-0069,2025-06-03,SKU-H01,97,Completed,1549.0900000000001
ORD-01289,CLI-0065,2025-06-03,SKU-007,378,Completed,33252.659999999996
ORD-01290,CLI-0022,2025-06-03,SKU-010,353,Completed,8694.39
ORD-01291,CLI-0075,2025-06-03,SKU-H01,128,Completed,2044.16
ORD-01292,CLI-0022,2025-06-03,SKU-004,387,Completed,41265.81
ORD-01293,CLI-0080,2025-06-03,SKU-010,418,Completed,10295.34
ORD-01294,CLI-0078,2025-06-03,SKU-H01,222,Completed,3545.34
ORD-01295,CLI-0073,2025-06-03,SKU-H01,71,Completed,1133.8700000000001
ORD-01296,CLI-0004,2025-06-03,SKU-019,91,Completed,16342.69
ORD-01297,CLI-0006,2025-06-03,SKU-007,378,Completed,33252.659999999996
ORD-01298,CLI-0099,2025-06-03,SKU-H01,345,Completed,5509.650000000001
ORD-01299,CLI-0034,2025-06-03,SKU-005,383,Completed,69874.52
ORD-01300,CLI-0027,2025-06-03,SKU-H01,442,Completed,7058.740000000001
ORD-01301,CLI-0074,2025-06-03,SKU-006,263,Completed,15088.31
ORD-01302,CLI-0080,2025-06-03,SKU-H01,377,Completed,6020.6900000000005
ORD-01303,CLI-0064,2025-06-04,SKU-H01,371,Completed,5924.87
ORD-01304,CLI-0070,2025-06-04,SKU-H01,198,Completed,3162.06
ORD-01305,CLI-0083,2025-06-04,SKU-018,204,Completed,9271.800000000001
ORD-01306,CLI-0062,2025-06-04,SKU-012,175,Completed,7110.25
ORD-01307,CLI-0088,2025-06-04,SKU-H01,257,Completed,4104.29
ORD-01308,CLI-0039,2025-06-04,SKU-H01,282,Completed,4503.54
ORD-01309,CLI-0010,2025-06-04,SKU-012,402,Completed,16333.26
ORD-01310,CLI-0008,2025-06-04,SKU-H01,130,Completed,2076.1
ORD-01311,CLI-0057,2025-06-04,SKU-H01,262,Completed,4184.14
ORD-01312,CLI-0062,2025-06-04,SKU-019,287,Completed,51542.33
ORD-01313,CLI-0044,2025-06-05,SKU-H01,360,Completed,5749.2
ORD-01314,CLI-0019,2025-06-05,SKU-009,210,Completed,11228.699999999999
ORD-01315,CLI-0092,2025-06-05,SKU-019,213,Completed,38252.67
ORD-01316,CLI-0094,2025-06-05,SKU-H01,490,Completed,7825.3
ORD-01317,CLI-0045,2025-06-05,SKU-H01,254,Completed,4056.38
ORD-01318,CLI-0017,2025-06-05,SKU-H01,439,Completed,7010.83
ORD-01319,CLI-0048,2025-06-05,SKU-015,313,Completed,40799.549999999996
ORD-01320,CLI-0072,2025-06-05,SKU-016,104,Completed,18260.32
ORD-01321,CLI-0041,2025-06-05,SKU-013,173,Completed,32288.719999999998
ORD-01322,CLI-0060,2025-06-05,SKU-H01,112,Completed,1788.64
ORD-01323,CLI-0035,2025-06-05,SKU-014,280,Completed,45791.2
ORD-01324,CLI-0032,2025-06-05,SKU-017,122,Completed,19849.399999999998
ORD-01325,CLI-0013,2025-06-05,SKU-008,75,Completed,11516.25
ORD-01326,CLI-0038,2025-06-05,SKU-018,246,Completed,11180.7
ORD-01327,CLI-0079,2025-06-05,SKU-015,264,Completed,34412.4
ORD-01328,CLI-0032,2025-06-05,SKU-010,493,Completed,12142.59
ORD-01329,CLI-0042,2025-06-06,SKU-007,345,Completed,30349.649999999998
ORD-01330,CLI-0093,2025-06-06,SKU-H01,210,Completed,3353.7000000000003
ORD-01331,CLI-0025,2025-06-06,SKU-H01,440,Completed,7026.8
ORD-01332,CLI-0021,2025-06-06,SKU-008,305,Completed,46832.75
ORD-01333,CLI-0066,2025-06-06,SKU-H01,289,Completed,4615.33
ORD-01334,CLI-0064,2025-06-06,SKU-016,500,Completed,87790.0
ORD-01335,CLI-0040,2025-06-06,SKU-Z99,304,Completed,152000.0
ORD-01336,CLI-0003,2025-06-06,SKU-012,96,Completed,3900.4800000000005
ORD-01337,CLI-0051,2025-06-06,SKU-H01,308,Completed,4918.76
ORD-01338,CLI-0059,2025-06-06,SKU-H01,173,Completed,2762.81
ORD-01339,CLI-0028,2025-06-06,SKU-H01,348,Completed,5557.56
ORD-01340,CLI-0046,2025-06-06,SKU-009,74,Completed,3956.7799999999997
ORD-01341,CLI-0007,2025-06-06,SKU-013,194,Completed,36208.159999999996
ORD-01342,CLI-0064,2025-06-06,SKU-018,355,Completed,16134.750000000002
ORD-01343,CLI-0084,2025-06-06,SKU-003,394,Completed,27473.620000000003
ORD-01344,CLI-0037,2025-06-07,SKU-017,324,Completed,52714.799999999996
ORD-01345,CLI-0002,2025-06-07,SKU-016,483,Completed,84805.14
ORD-01346,CLI-0014,2025-06-07,SKU-H01,270,Completed,4311.900000000001
ORD-01347,CLI-0018,2025-06-07,SKU-016,185,Completed,32482.300000000003
ORD-01348,CLI-0094,2025-06-07,SKU-H01,237,Completed,3784.8900000000003
ORD-01349,CLI-0098,2025-06-07,SKU-H01,256,Completed,4088.32
ORD-01350,CLI-0047,2025-06-07,SKU-009,73,Completed,3903.31
ORD-01351,CLI-0052,2025-06-07,SKU-H01,76,Completed,1213.72
ORD-01352,CLI-0073,2025-06-07,SKU-009,337,Completed,18019.39
ORD-01353,CLI-0025,2025-06-07,SKU-008,235,Completed,36084.25
ORD-01354,CLI-0071,2025-06-07,SKU-006,197,Completed,11301.89
ORD-01355,CLI-0010,2025-06-07,SKU-H01,247,Completed,3944.59
ORD-01356,CLI-0065,2025-06-07,SKU-006,280,Completed,16063.599999999999
ORD-01357,CLI-0098,2025-06-07,SKU-007,331,Completed,29118.07
ORD-01358,CLI-0036,2025-06-07,SKU-006,472,Completed,27078.64
ORD-01359,CLI-0080,2025-06-07,SKU-003,398,Completed,27752.54
ORD-01360,CLI-0079,2025-06-07,SKU-H01,110,Completed,1756.7
ORD-01361,CLI-0017,2025-06-07,SKU-007,99,Completed,8709.03
ORD-01362,CLI-0051,2025-06-07,SKU-H01,241,Completed,3848.77
ORD-01363,CLI-0044,2025-06-07,SKU-009,335,Completed,17912.45
ORD-01364,CLI-0047,2025-06-07,SKU-012,436,Completed,17714.68
ORD-01365,CLI-0019,2025-06-07,SKU-005,151,Completed,27548.44
ORD-01366,CLI-0078,2025-06-07,SKU-006,310,Completed,17784.7
ORD-01367,CLI-0052,2025-06-07,SKU-018,306,Completed,13907.7
ORD-01368,CLI-0006,2025-06-07,SKU-015,73,Completed,9515.55
ORD-01369,CLI-0018,2025-06-08,SKU-017,415,Completed,67520.5
ORD-01370,CLI-0043,2025-06-08,SKU-014,461,Completed,75391.94
ORD-01371,CLI-0061,2025-06-08,SKU-H01,315,Completed,5030.55
ORD-01372,CLI-0059,2025-06-08,SKU-H01,126,Completed,2012.22
ORD-01373,CLI-0078,2025-06-08,SKU-005,313,Completed,57103.72
ORD-01374,CLI-0018,2025-06-08,SKU-H01,217,Completed,3465.4900000000002
ORD-01375,CLI-0079,2025-06-08,SKU-004,213,Completed,22712.19
ORD-01376,CLI-0021,2025-06-08,SKU-H01,251,Completed,4008.4700000000003
ORD-01377,CLI-0079,2025-06-08,SKU-006,428,Completed,24554.36
ORD-01378,CLI-0039,2025-06-08,SKU-012,353,Completed,14342.390000000001
ORD-01379,CLI-0044,2025-06-08,SKU-011,309,Completed,20100.45
ORD-01380,CLI-0069,2025-06-09,SKU-005,300,Completed,54732.0
ORD-01381,CLI-0091,2025-06-09,SKU-014,338,Completed,55276.52
ORD-01382,CLI-0039,2025-06-09,SKU-002,293,Completed,38359.56
ORD-01383,CLI-0003,2025-06-09,SKU-017,238,Completed,38722.6
ORD-01384,CLI-0043,2025-06-09,SKU-H01,394,Completed,6292.18
ORD-01385,CLI-0015,2025-06-09,SKU-018,263,Completed,11953.35
ORD-01386,CLI-0075,2025-06-09,SKU-009,207,Completed,11068.289999999999
ORD-01387,CLI-0093,2025-06-09,SKU-H01,496,Completed,7921.12
ORD-01388,CLI-0089,2025-06-09,SKU-H01,372,Completed,5940.84
ORD-01389,CLI-0004,2025-06-09,SKU-004,355,Completed,37853.65
ORD-01390,CLI-0061,2025-06-09,SKU-H01,185,Completed,2954.4500000000003
ORD-01391,CLI-0084,2025-06-09,SKU-H01,450,Completed,7186.5
ORD-01392,CLI-0100,2025-06-09,SKU-008,346,Completed,53128.3
ORD-01393,CLI-0074,2025-06-09,SKU-005,166,Completed,30285.04
ORD-01394,CLI-0093,2025-06-09,SKU-010,76,Completed,1871.8799999999999
ORD-01395,CLI-0075,2025-06-09,SKU-018,295,Completed,13407.75
ORD-01396,CLI-0022,2025-06-09,SKU-006,318,Completed,18243.66
ORD-01397,CLI-0081,2025-06-09,SKU-007,419,Completed,36859.43
ORD-01398,CLI-0080,2025-06-09,SKU-H01,446,Completed,7122.62
ORD-01399,CLI-0049,2025-06-09,SKU-011,125,Completed,8131.25
ORD-01400,CLI-0088,2025-06-09,SKU-H01,174,Completed,2778.78
ORD-01401,CLI-0005,2025-06-09,SKU-019,343,Completed,61599.37
ORD-01402,CLI-0090,2025-06-09,SKU-014,106,Completed,17335.239999999998
ORD-01403,CLI-0025,2025-06-09,SKU-005,59,Completed,10763.96
ORD-01404,CLI-0057,2025-06-09,SKU-H01,210,Completed,3353.7000000000003
ORD-01405,CLI-0054,2025-06-09,SKU-016,127,Completed,22298.66
ORD-01406,CLI-0089,2025-06-10,SKU-014,154,Completed,25185.16
ORD-01407,CLI-0053,2025-06-10,SKU-H01,306,Completed,4886.820000000001
ORD-01408,CLI-0100,2025-06-10,SKU-H01,363,Completed,5797.110000000001
ORD-01409,CLI-0061,2025-06-10,SKU-014,496,Completed,81115.84
ORD-01410,CLI-0095,2025-06-10,SKU-H01,422,Completed,6739.34
ORD-01411,CLI-0008,2025-06-10,SKU-017,411,Completed,66869.7
ORD-01412,CLI-0018,2025-06-10,SKU-002,315,Completed,41239.799999999996
ORD-01413,CLI-0027,2025-06-10,SKU-H01,337,Completed,5381.89
ORD-01414,CLI-0042,2025-06-10,SKU-014,389,Completed,63617.06
ORD-01415,CLI-0062,2025-06-10,SKU-H01,319,Completed,5094.43
ORD-01416,CLI-0049,2025-06-10,SKU-005,210,Completed,38312.4
ORD-01417,CLI-0023,2025-06-10,SKU-H01,285,Completed,4551.45
ORD-01418,CLI-0069,2025-06-10,SKU-H01,225,Completed,3593.25
ORD-01419,CLI-0070,2025-06-10,SKU-009,231,Completed,12351.57
ORD-01420,CLI-0087,2025-06-10,SKU-005,445,Completed,81185.8
ORD-01421,CLI-0093,2025-06-10,SKU-007,398,Completed,35012.06
ORD-01422,CLI-0083,2025-06-10,SKU-014,461,Completed,75391.94
ORD-01423,CLI-0089,2025-06-10,SKU-009,185,Completed,9891.949999999999
ORD-01424,CLI-0079,2025-06-10,SKU-H01,297,Completed,4743.09
ORD-01425,CLI-0025,2025-06-10,SKU-H01,176,Completed,2810.7200000000003
ORD-01426,CLI-0036,2025-06-10,SKU-017,335,Completed,54504.49999999999
ORD-01427,CLI-0039,2025-06-10,SKU-013,165,Completed,30795.6
ORD-01428,CLI-0039,2025-06-10,SKU-006,444,Completed,25472.28
ORD-01429,CLI-0091,2025-06-11,SKU-H01,156,Completed,2491.32
ORD-01430,CLI-0089,2025-06-11,SKU-H01,410,Completed,6547.7
ORD-01431,CLI-0063,2025-06-11,SKU-012,212,Completed,8613.560000000001
ORD-01432,CLI-0062,2025-06-11,SKU-015,228,Completed,29719.8
ORD-01433,CLI-0072,2025-06-11,SKU-010,457,Completed,11255.91
ORD-01434,CLI-0093,2025-06-11,SKU-014,190,Completed,31072.6
ORD-01435,CLI-0037,2025-06-11,SKU-013,112,Completed,20903.68
ORD-01436,CLI-0074,2025-06-11,SKU-H01,396,Completed,6324.12
ORD-01437,CLI-0070,2025-06-11,SKU-002,244,Completed,31944.479999999996
ORD-01438,CLI-0051,2025-06-11,SKU-H01,469,Completed,7489.93
ORD-01439,CLI-0045,2025-06-11,SKU-H01,445,Completed,7106.650000000001
ORD-01440,CLI-0019,2025-06-11,SKU-016,198,Completed,34764.840000000004
ORD-01441,CLI-0006,2025-06-11,SKU-004,197,Completed,21006.11
ORD-01442,CLI-0092,2025-06-11,SKU-006,90,Completed,5163.3
ORD-01443,CLI-0045,2025-06-11,SKU-H01,276,Completed,4407.72
ORD-01444,CLI-0084,2025-06-11,SKU-H01,181,Completed,2890.57
ORD-01445,CLI-0096,2025-06-11,SKU-H01,295,Completed,4711.150000000001
ORD-01446,CLI-0028,2025-06-11,SKU-H01,153,Completed,2443.4100000000003
ORD-01447,CLI-0069,2025-06-11,SKU-009,188,Completed,10052.36
ORD-01448,CLI-0090,2025-06-12,SKU-H01,189,Completed,3018.33
ORD-01449,CLI-0018,2025-06-12,SKU-009,105,Completed,5614.349999999999
ORD-01450,CLI-0079,2025-06-12,SKU-H01,429,Completed,6851.13
ORD-01451,CLI-0076,2025-06-12,SKU-H01,172,Completed,2746.84
ORD-01452,CLI-0032,2025-06-12,SKU-H01,75,Completed,1197.75
ORD-01453,CLI-0086,2025-06-12,SKU-008,321,Completed,49289.55
ORD-01454,CLI-0029,2025-06-12,SKU-010,376,Completed,9260.88
ORD-01455,CLI-0030,2025-06-12,SKU-003,76,Completed,5299.4800000000005
ORD-01456,CLI-0013,2025-06-12,SKU-003,261,Completed,18199.530000000002
ORD-01457,CLI-0043,2025-06-12,SKU-011,417,Completed,27125.85
ORD-01458,CLI-0061,2025-06-12,SKU-H01,101,Completed,1612.97
ORD-01459,CLI-0088,2025-06-12,SKU-H01,444,Completed,7090.68
ORD-01460,CLI-0018,2025-06-12,SKU-014,52,Completed,8504.08
ORD-01461,CLI-0071,2025-06-12,SKU-008,130,Completed,19961.5
ORD-01462,CLI-0053,2025-06-12,SKU-H01,384,Completed,6132.4800000000005
ORD-01463,CLI-0061,2025-06-12,SKU-017,294,Completed,47833.799999999996
ORD-01464,CLI-0084,2025-06-12,SKU-013,152,Completed,28369.28
ORD-01465,CLI-0097,2025-06-12,SKU-H01,197,Completed,3146.09
ORD-01466,CLI-0042,2025-06-12,SKU-009,196,Completed,10480.119999999999
ORD-01467,CLI-0083,2025-06-12,SKU-007,80,Completed,7037.6
ORD-01468,CLI-0099,2025-06-12,SKU-002,95,Completed,12437.4
ORD-01469,CLI-0084,2025-06-12,SKU-H01,343,Completed,5477.71
ORD-01470,CLI-0030,2025-06-12,SKU-H01,323,Completed,5158.31
ORD-01471,CLI-0095,2025-06-12,SKU-008,420,Completed,64491.00000000001
ORD-01472,CLI-0005,2025-06-12,SKU-003,139,Completed,9692.470000000001
ORD-01473,CLI-0054,2025-06-12,SKU-015,478,Completed,62307.299999999996
ORD-01474,CLI-0023,2025-06-12,SKU-010,68,Completed,1674.84
ORD-01475,CLI-0064,2025-06-13,SKU-H01,145,Completed,2315.65
ORD-01476,CLI-0096,2025-06-13,SKU-009,496,Completed,26521.12
ORD-01477,CLI-0038,2025-06-13,SKU-H01,498,Completed,7953.06
ORD-01478,CLI-0005,2025-06-13,SKU-007,54,Completed,4750.38
ORD-01479,CLI-0039,2025-06-13,SKU-010,340,Completed,8374.199999999999
ORD-01480,CLI-0078,2025-06-13,SKU-H01,104,Completed,1660.88
ORD-01481,CLI-0043,2025-06-13,SKU-003,195,Completed,13597.35
ORD-01482,CLI-0059,2025-06-13,SKU-H01,378,Completed,6036.66
ORD-01483,CLI-0070,2025-06-13,SKU-H01,318,Completed,5078.46
ORD-01484,CLI-0064,2025-06-13,SKU-H01,118,Completed,1884.46
ORD-01485,CLI-0065,2025-06-13,SKU-H01,289,Completed,4615.33
ORD-01486,CLI-0035,2025-06-13,SKU-Z99,148,Completed,74000.0
ORD-01487,CLI-0015,2025-06-13,SKU-003,219,Completed,15270.87
ORD-01488,CLI-0021,2025-06-13,SKU-H01,424,Completed,6771.280000000001
ORD-01489,CLI-0059,2025-06-13,SKU-007,381,Completed,33516.57
ORD-01490,CLI-0033,2025-06-13,SKU-H01,417,Completed,6659.490000000001
ORD-01491,CLI-0024,2025-06-13,SKU-019,57,Completed,10236.630000000001
ORD-01492,CLI-0095,2025-06-13,SKU-009,222,Completed,11870.34
ORD-01493,CLI-0038,2025-06-13,SKU-012,340,Completed,13814.2
ORD-01494,CLI-0087,2025-06-13,SKU-H01,437,Completed,6978.89
ORD-01495,CLI-0025,2025-06-13,SKU-002,139,Completed,18197.879999999997
ORD-01496,CLI-0079,2025-06-13,SKU-002,488,Completed,63888.95999999999
ORD-01497,CLI-0052,2025-06-14,SKU-014,473,Completed,77354.42
ORD-01498,CLI-0055,2025-06-14,SKU-H01,313,Completed,4998.610000000001
ORD-01499,CLI-0042,2025-06-14,SKU-H01,94,Completed,1501.18
ORD-01500,CLI-0052,2025-06-14,SKU-019,392,Completed,70399.28
ORD-01501,CLI-0013,2025-06-14,SKU-004,144,Completed,15354.72
ORD-01502,CLI-0018,2025-06-14,SKU-H01,294,Completed,4695.18
ORD-01503,CLI-0042,2025-06-14,SKU-H01,177,Completed,2826.69
ORD-01504,CLI-0001,2025-06-14,SKU-019,183,Completed,32864.97
ORD-01505,CLI-0050,2025-06-14,SKU-H01,170,Completed,2714.9
ORD-01506,CLI-0058,2025-06-14,SKU-012,435,Completed,17674.050000000003
ORD-01507,CLI-0035,2025-06-14,SKU-013,218,Completed,40687.52
ORD-01508,CLI-0039,2025-06-14,SKU-H01,348,Completed,5557.56
ORD-01509,CLI-0093,2025-06-14,SKU-010,343,Completed,8448.09
ORD-01510,CLI-0002,2025-06-14,SKU-H01,183,Completed,2922.51
ORD-01511,CLI-0084,2025-06-14,SKU-H01,234,Completed,3736.98
ORD-01512,CLI-0089,2025-06-14,SKU-013,170,Completed,31728.8
ORD-01513,CLI-0008,2025-06-14,SKU-016,391,Completed,68651.78
ORD-01514,CLI-0016,2025-06-14,SKU-008,288,Completed,44222.4
ORD-01515,CLI-0040,2025-06-14,SKU-005,131,Completed,23899.64
ORD-01516,CLI-0052,2025-06-14,SKU-H01,401,Completed,6403.97
ORD-01517,CLI-0065,2025-06-14,SKU-H01,410,Completed,6547.7
ORD-01518,CLI-0099,2025-06-14,SKU-H01,209,Completed,3337.73
ORD-01519,CLI-0089,2025-06-14,SKU-H01,110,Completed,1756.7
ORD-01520,CLI-0082,2025-06-14,SKU-H01,201,Completed,3209.9700000000003
ORD-01521,CLI-0048,2025-06-14,SKU-H01,364,Completed,5813.08
ORD-01522,CLI-0029,2025-06-14,SKU-H01,162,Completed,2587.1400000000003
ORD-01523,CLI-0018,2025-06-14,SKU-H01,294,Completed,4695.18
ORD-01524,CLI-0020,2025-06-14,SKU-005,282,Completed,51448.08
ORD-01525,CLI-0096,2025-06-14,SKU-014,360,Completed,58874.399999999994
ORD-01526,CLI-0048,2025-06-14,SKU-H01,262,Completed,4184.14
ORD-01527,CLI-0061,2025-06-15,SKU-018,437,Completed,19861.65
ORD-01528,CLI-0069,2025-06-15,SKU-016,460,Completed,80766.8
ORD-01529,CLI-0086,2025-06-15,SKU-H01,472,Completed,7537.84
ORD-01530,CLI-0028,2025-06-15,SKU-013,440,Completed,82121.59999999999
ORD-01531,CLI-0032,2025-06-15,SKU-007,398,Completed,35012.06
ORD-01532,CLI-0097,2025-06-15,SKU-007,355,Completed,31229.35
ORD-01533,CLI-0011,2025-06-15,SKU-H01,319,Completed,5094.43
ORD-01534,CLI-0058,2025-06-15,SKU-005,320,Completed,58380.8
ORD-01535,CLI-0091,2025-06-15,SKU-H01,235,Completed,3752.9500000000003
ORD-01536,CLI-0010,2025-06-15,SKU-006,338,Completed,19391.059999999998
ORD-01537,CLI-0015,2025-06-15,SKU-008,81,Completed,12437.550000000001
ORD-01538,CLI-0071,2025-06-15,SKU-010,308,Completed,7586.04
ORD-01539,CLI-0026,2025-06-15,SKU-006,343,Completed,19677.91
ORD-01540,CLI-0069,2025-06-15,SKU-011,126,Completed,8196.3
ORD-01541,CLI-0022,2025-06-15,SKU-H01,217,Completed,3465.4900000000002
ORD-01542,CLI-0067,2025-06-15,SKU-H01,276,Completed,4407.72
ORD-01543,CLI-0015,2025-06-15,SKU-014,398,Completed,65088.92
ORD-01544,CLI-0027,2025-06-15,SKU-H01,417,Completed,6659.490000000001
ORD-01545,CLI-0075,2025-06-15,SKU-H01,300,Completed,4791.0
ORD-01546,CLI-0012,2025-06-15,SKU-H01,311,Completed,4966.67
ORD-01547,CLI-0058,2025-06-15,SKU-H01,464,Completed,7410.08
ORD-01548,CLI-0008,2025-06-15,SKU-019,282,Completed,50644.38
ORD-01549,CLI-0017,2025-06-15,SKU-007,312,Completed,27446.64
ORD-01550,CLI-0054,2025-06-15,SKU-018,283,Completed,12862.35
ORD-01551,CLI-0073,2025-06-15,SKU-007,79,Completed,6949.63
ORD-01552,CLI-0072,2025-06-15,SKU-004,286,Completed,30496.18
ORD-01553,CLI-0087,2025-06-15,SKU-H01,463,Completed,7394.110000000001
ORD-01554,CLI-0093,2025-06-16,SKU-008,61,Completed,9366.550000000001
ORD-01555,CLI-0051,2025-06-16,SKU-H01,180,Completed,2874.6
ORD-01556,CLI-0001,2025-06-16,SKU-017,431,Completed,70123.7
ORD-01557,CLI-0028,2025-06-16,SKU-015,346,Completed,45101.1
ORD-01558,CLI-0010,2025-06-16,SKU-H01,73,Completed,1165.81
ORD-01559,CLI-0055,2025-06-16,SKU-018,226,Completed,10271.7
ORD-01560,CLI-0090,2025-06-16,SKU-014,82,Completed,13410.279999999999
ORD-01561,CLI-0070,2025-06-16,SKU-010,80,Completed,1970.3999999999999
ORD-01562,CLI-0009,2025-06-16,SKU-H01,291,Completed,4647.27
ORD-01563,CLI-0005,2025-06-16,SKU-004,196,Completed,20899.48
ORD-01564,CLI-0053,2025-06-16,SKU-005,142,Completed,25906.48
ORD-01565,CLI-0099,2025-06-16,SKU-H01,119,Completed,1900.43
ORD-01566,CLI-0099,2025-06-16,SKU-H01,378,Completed,6036.66
ORD-01567,CLI-0094,2025-06-16,SKU-013,380,Completed,70923.2
ORD-01568,CLI-0054,2025-06-16,SKU-H01,241,Completed,3848.77
ORD-01569,CLI-0049,2025-06-16,SKU-007,279,Completed,24543.63
ORD-01570,CLI-0049,2025-06-16,SKU-018,242,Completed,10998.900000000001
ORD-01571,CLI-0011,2025-06-16,SKU-016,399,Completed,70056.42
ORD-01572,CLI-0085,2025-06-16,SKU-H01,497,Completed,7937.09
ORD-01573,CLI-0018,2025-06-17,SKU-015,384,Completed,50054.399999999994
ORD-01574,CLI-0045,2025-06-17,SKU-H01,110,Completed,1756.7
ORD-01575,CLI-0023,2025-06-17,SKU-H01,325,Completed,5190.25
ORD-01576,CLI-0051,2025-06-17,SKU-008,320,Completed,49136.0
ORD-01577,CLI-0017,2025-06-17,SKU-H01,422,Completed,6739.34
ORD-01578,CLI-0029,2025-06-17,SKU-H01,477,Completed,7617.6900000000005
ORD-01579,CLI-0001,2025-06-17,SKU-007,437,Completed,38442.89
ORD-01580,CLI-0003,2025-06-17,SKU-H01,202,Completed,3225.94
ORD-01581,CLI-0060,2025-06-17,SKU-H01,394,Completed,6292.18
ORD-01582,CLI-0093,2025-06-17,SKU-004,328,Completed,34974.64
ORD-01583,CLI-0055,2025-06-17,SKU-012,322,Completed,13082.86
ORD-01584,CLI-0049,2025-06-17,SKU-008,471,Completed,72322.05
ORD-01585,CLI-0030,2025-06-17,SKU-H01,176,Completed,2810.7200000000003
ORD-01586,CLI-0059,2025-06-17,SKU-002,227,Completed,29718.839999999997
ORD-01587,CLI-0020,2025-06-17,SKU-H01,191,Completed,3050.27
ORD-01588,CLI-0025,2025-06-17,SKU-H01,498,Completed,7953.06
ORD-01589,CLI-0093,2025-06-17,SKU-013,441,Completed,82308.23999999999
ORD-01590,CLI-0015,2025-06-17,SKU-H01,66,Completed,1054.02
ORD-01591,CLI-0085,2025-06-17,SKU-H01,264,Completed,4216.08
ORD-01592,CLI-0079,2025-06-17,SKU-010,442,Completed,10886.46
ORD-01593,CLI-0003,2025-06-17,SKU-008,173,Completed,26564.15
ORD-01594,CLI-0027,2025-06-17,SKU-009,84,Completed,4491.48
ORD-01595,CLI-0013,2025-06-17,SKU-H01,354,Completed,5653.38
ORD-01596,CLI-0005,2025-06-17,SKU-H01,278,Completed,4439.66
ORD-01597,CLI-0077,2025-06-17,SKU-H01,394,Completed,6292.18
ORD-01598,CLI-0091,2025-06-17,SKU-H01,496,Completed,7921.12
ORD-01599,CLI-0007,2025-06-17,SKU-009,175,Completed,9357.25
ORD-01600,CLI-0052,2025-06-18,SKU-015,274,Completed,35715.9
ORD-01601,CLI-0030,2025-06-18,SKU-011,326,Completed,21206.3
ORD-01602,CLI-0028,2025-06-18,SKU-013,436,Completed,81375.04
ORD-01603,CLI-0100,2025-06-18,SKU-002,78,Completed,10211.759999999998
ORD-01604,CLI-0018,2025-06-18,SKU-009,307,Completed,16415.29
ORD-01605,CLI-0038,2025-06-18,SKU-H01,169,Completed,2698.9300000000003
ORD-01606,CLI-0094,2025-06-18,SKU-005,344,Completed,62759.36
ORD-01607,CLI-0041,2025-06-18,SKU-004,345,Completed,36787.35
ORD-01608,CLI-0077,2025-06-18,SKU-H01,445,Completed,7106.650000000001
ORD-01609,CLI-0087,2025-06-18,SKU-H01,469,Completed,7489.93
ORD-01610,CLI-0042,2025-06-18,SKU-019,171,Completed,30709.89
ORD-01611,CLI-0019,2025-06-19,SKU-H01,388,Completed,6196.360000000001
ORD-01612,CLI-0067,2025-06-19,SKU-H01,163,Completed,2603.11
ORD-01613,CLI-0053,2025-06-19,SKU-002,203,Completed,26576.76
ORD-01614,CLI-0036,2025-06-19,SKU-013,81,Completed,15117.839999999998
ORD-01615,CLI-0072,2025-06-19,SKU-007,352,Completed,30965.44
ORD-01616,CLI-0095,2025-06-19,SKU-010,139,Completed,3423.5699999999997
ORD-01617,CLI-0081,2025-06-19,SKU-H01,397,Completed,6340.09
ORD-01618,CLI-0055,2025-06-19,SKU-008,334,Completed,51285.700000000004
ORD-01619,CLI-0064,2025-06-19,SKU-H01,74,Completed,1181.78
ORD-01620,CLI-0045,2025-06-19,SKU-015,379,Completed,49402.65
ORD-01621,CLI-0086,2025-06-19,SKU-008,245,Completed,37619.75
ORD-01622,CLI-0068,2025-06-19,SKU-H01,213,Completed,3401.61
ORD-01623,CLI-0090,2025-06-19,SKU-H01,263,Completed,4200.110000000001
ORD-01624,CLI-0053,2025-06-19,SKU-H01,126,Completed,2012.22
ORD-01625,CLI-0039,2025-06-19,SKU-H01,242,Completed,3864.7400000000002
ORD-01626,CLI-0024,2025-06-19,SKU-H01,436,Completed,6962.92
ORD-01627,CLI-0069,2025-06-19,SKU-009,292,Completed,15613.24
ORD-01628,CLI-0031,2025-06-19,SKU-005,484,Completed,88300.95999999999
ORD-01629,CLI-0029,2025-06-19,SKU-H01,203,Completed,3241.9100000000003
ORD-01630,CLI-0060,2025-06-20,SKU-H01,79,Completed,1261.63
ORD-01631,CLI-0072,2025-06-20,SKU-H01,261,Completed,4168.17
ORD-01632,CLI-0054,2025-06-20,SKU-016,335,Completed,58819.3
ORD-01633,CLI-0068,2025-06-20,SKU-H01,118,Completed,1884.46
ORD-01634,CLI-0050,2025-06-20,SKU-009,174,Completed,9303.78
ORD-01635,CLI-0033,2025-06-20,SKU-014,154,Completed,25185.16
ORD-01636,CLI-0043,2025-06-20,SKU-008,381,Completed,58502.55
ORD-01637,CLI-0011,2025-06-20,SKU-016,280,Completed,49162.4
ORD-01638,CLI-0048,2025-06-20,SKU-H01,97,Completed,1549.0900000000001
ORD-01639,CLI-0069,2025-06-20,SKU-018,420,Completed,19089.0
ORD-01640,CLI-0025,2025-06-20,SKU-H01,76,Completed,1213.72
ORD-01641,CLI-0035,2025-06-20,SKU-H01,243,Completed,3880.71
ORD-01642,CLI-0087,2025-06-20,SKU-009,359,Completed,19195.73
ORD-01643,CLI-0078,2025-06-20,SKU-018,70,Completed,3181.5
ORD-01644,CLI-0025,2025-06-21,SKU-014,461,Completed,75391.94
ORD-01645,CLI-0098,2025-06-21,SKU-H01,350,Completed,5589.5
ORD-01646,CLI-0093,2025-06-21,SKU-H01,393,Completed,6276.21
ORD-01647,CLI-0072,2025-06-21,SKU-018,161,Completed,7317.450000000001
ORD-01648,CLI-0062,2025-06-21,SKU-H01,156,Completed,2491.32
ORD-01649,CLI-0043,2025-06-21,SKU-013,205,Completed,38261.2
ORD-01650,CLI-0002,2025-06-21,SKU-014,158,Completed,25839.32
ORD-01651,CLI-0025,2025-06-21,SKU-004,429,Completed,45744.27
ORD-01652,CLI-0016,2025-06-21,SKU-H01,432,Completed,6899.04
ORD-01653,CLI-0097,2025-06-21,SKU-003,295,Completed,20570.350000000002
ORD-01654,CLI-0032,2025-06-21,SKU-H01,406,Completed,6483.820000000001
ORD-01655,CLI-0078,2025-06-21,SKU-016,410,Completed,71987.8
ORD-01656,CLI-0051,2025-06-22,SKU-003,172,Completed,11993.560000000001
ORD-01657,CLI-0071,2025-06-22,SKU-016,214,Completed,37574.12
ORD-01658,CLI-0100,2025-06-22,SKU-H01,194,Completed,3098.1800000000003
ORD-01659,CLI-0049,2025-06-22,SKU-019,288,Completed,51721.92
ORD-01660,CLI-0069,2025-06-22,SKU-003,382,Completed,26636.86
ORD-01661,CLI-0046,2025-06-22,SKU-H01,207,Completed,3305.79
ORD-01662,CLI-0034,2025-06-22,SKU-H01,234,Completed,3736.98
ORD-01663,CLI-0066,2025-06-22,SKU-012,304,Completed,12351.52
ORD-01664,CLI-0060,2025-06-22,SKU-009,100,Completed,5347.0
ORD-01665,CLI-0093,2025-06-22,SKU-014,290,Completed,47426.6
ORD-01666,CLI-0098,2025-06-22,SKU-H01,479,Completed,7649.63
ORD-01667,CLI-0041,2025-06-22,SKU-H01,154,Completed,2459.38
ORD-01668,CLI-0048,2025-06-22,SKU-005,210,Completed,38312.4
ORD-01669,CLI-0053,2025-06-22,SKU-H01,73,Completed,1165.81
ORD-01670,CLI-0073,2025-06-22,SKU-003,492,Completed,34307.16
ORD-01671,CLI-0029,2025-06-22,SKU-Z99,429,Completed,214500.0
ORD-01672,CLI-0003,2025-06-23,SKU-019,183,Completed,32864.97
ORD-01673,CLI-0071,2025-06-23,SKU-018,349,Completed,15862.050000000001
ORD-01674,CLI-0075,2025-06-23,SKU-013,418,Completed,78015.51999999999
ORD-01675,CLI-0054,2025-06-23,SKU-H01,201,Completed,3209.9700000000003
ORD-01676,CLI-0020,2025-06-23,SKU-002,150,Completed,19637.999999999996
ORD-01677,CLI-0043,2025-06-23,SKU-006,167,Completed,9580.789999999999
ORD-01678,CLI-0049,2025-06-23,SKU-015,341,Completed,44449.35
ORD-01679,CLI-0032,2025-06-23,SKU-H01,305,Completed,4870.85
ORD-01680,CLI-0071,2025-06-23,SKU-002,385,Completed,50404.2
ORD-01681,CLI-0088,2025-06-23,SKU-H01,222,Completed,3545.34
ORD-01682,CLI-0033,2025-06-23,SKU-005,440,Completed,80273.6
ORD-01683,CLI-0063,2025-06-23,SKU-017,420,Completed,68334.0
ORD-01684,CLI-0083,2025-06-23,SKU-013,428,Completed,79881.92
ORD-01685,CLI-0063,2025-06-23,SKU-H01,285,Completed,4551.45
ORD-01686,CLI-0094,2025-06-24,SKU-019,457,Completed,82072.63
ORD-01687,CLI-0046,2025-06-24,SKU-010,136,Completed,3349.68
ORD-01688,CLI-0018,2025-06-24,SKU-H01,418,Completed,6675.46
ORD-01689,CLI-0070,2025-06-24,SKU-H01,300,Completed,4791.0
ORD-01690,CLI-0024,2025-06-24,SKU-H01,327,Completed,5222.1900000000005
ORD-01691,CLI-0083,2025-06-24,SKU-H01,80,Completed,1277.6000000000001
ORD-01692,CLI-0068,2025-06-24,SKU-019,67,Completed,12032.53
ORD-01693,CLI-0010,2025-06-24,SKU-004,468,Completed,49902.84
ORD-01694,CLI-0086,2025-06-24,SKU-017,74,Completed,12039.8
ORD-01695,CLI-0098,2025-06-24,SKU-H01,53,Completed,846.4100000000001
ORD-01696,CLI-0053,2025-06-24,SKU-H01,120,Completed,1916.4
ORD-01697,CLI-0081,2025-06-24,SKU-004,168,Completed,17913.84
ORD-01698,CLI-0009,2025-06-24,SKU-H01,412,Completed,6579.64
ORD-01699,CLI-0020,2025-06-24,SKU-004,54,Completed,5758.0199999999995
ORD-01700,CLI-0028,2025-06-24,SKU-017,308,Completed,50111.6
ORD-01701,CLI-0048,2025-06-25,SKU-005,80,Completed,14595.2
ORD-01702,CLI-0080,2025-06-25,SKU-008,376,Completed,57734.8
ORD-01703,CLI-0086,2025-06-25,SKU-H01,365,Completed,5829.05
ORD-01704,CLI-0062,2025-06-25,SKU-H01,387,Completed,6180.39
ORD-01705,CLI-0063,2025-06-25,SKU-H01,58,Completed,926.26
ORD-01706,CLI-0001,2025-06-25,SKU-008,322,Completed,49443.100000000006
ORD-01707,CLI-0071,2025-06-25,SKU-H01,260,Completed,4152.2
ORD-01708,CLI-0002,2025-06-25,SKU-H01,58,Completed,926.26
ORD-01709,CLI-0068,2025-06-25,SKU-006,419,Completed,24038.03
ORD-01710,CLI-0036,2025-06-25,SKU-H01,324,Completed,5174.280000000001
ORD-01711,CLI-0037,2025-06-25,SKU-H01,58,Completed,926.26
ORD-01712,CLI-0065,2025-06-25,SKU-H01,466,Completed,7442.02
ORD-01713,CLI-0090,2025-06-25,SKU-018,395,Completed,17952.75
ORD-01714,CLI-0056,2025-06-25,SKU-010,462,Completed,11379.06
ORD-01715,CLI-0023,2025-06-25,SKU-004,104,Completed,11089.52
ORD-01716,CLI-0013,2025-06-25,SKU-H01,318,Completed,5078.46
ORD-01717,CLI-0020,2025-06-25,SKU-Z99,173,Completed,86500.0
ORD-01718,CLI-0025,2025-06-25,SKU-010,367,Completed,9039.21
ORD-01719,CLI-0068,2025-06-25,SKU-H01,179,Completed,2858.63
ORD-01720,CLI-0046,2025-06-25,SKU-016,186,Completed,32657.88
ORD-01721,CLI-0051,2025-06-25,SKU-H01,90,Completed,1437.3
ORD-01722,CLI-0048,2025-06-25,SKU-006,257,Completed,14744.09
ORD-01723,CLI-0059,2025-06-25,SKU-009,339,Completed,18126.329999999998
ORD-01724,CLI-0032,2025-06-25,SKU-H01,406,Completed,6483.820000000001
ORD-01725,CLI-0039,2025-06-26,SKU-019,400,Completed,71836.0
ORD-01726,CLI-0011,2025-06-26,SKU-012,384,Completed,15601.920000000002
ORD-01727,CLI-0084,2025-06-26,SKU-006,438,Completed,25128.059999999998
ORD-01728,CLI-0005,2025-06-26,SKU-H01,97,Completed,1549.0900000000001
ORD-01729,CLI-0052,2025-06-26,SKU-H01,244,Completed,3896.6800000000003
ORD-01730,CLI-0049,2025-06-26,SKU-H01,332,Completed,5302.04
ORD-01731,CLI-0061,2025-06-26,SKU-012,78,Completed,3169.1400000000003
ORD-01732,CLI-0082,2025-06-26,SKU-H01,54,Completed,862.38
ORD-01733,CLI-0090,2025-06-26,SKU-006,137,Completed,7859.69
ORD-01734,CLI-0011,2025-06-26,SKU-012,305,Completed,12392.150000000001
ORD-01735,CLI-0056,2025-06-26,SKU-H01,380,Completed,6068.6
ORD-01736,CLI-0043,2025-06-26,SKU-010,339,Completed,8349.57
ORD-01737,CLI-0013,2025-06-26,SKU-H01,320,Completed,5110.400000000001
ORD-01738,CLI-0006,2025-06-26,SKU-019,167,Completed,29991.53
ORD-01739,CLI-0028,2025-06-26,SKU-004,494,Completed,52675.22
ORD-01740,CLI-0089,2025-06-26,SKU-H01,340,Completed,5429.8
ORD-01741,CLI-0061,2025-06-26,SKU-H01,188,Completed,3002.36
ORD-01742,CLI-0010,2025-06-27,SKU-002,400,Completed,52367.99999999999
ORD-01743,CLI-0036,2025-06-27,SKU-012,328,Completed,13326.640000000001
ORD-01744,CLI-0073,2025-06-27,SKU-012,386,Completed,15683.18
ORD-01745,CLI-0005,2025-06-27,SKU-008,141,Completed,21650.550000000003
ORD-01746,CLI-0041,2025-06-27,SKU-H01,58,Completed,926.26
ORD-01747,CLI-0027,2025-06-27,SKU-H01,350,Completed,5589.5
ORD-01748,CLI-0019,2025-06-27,SKU-H01,435,Completed,6946.950000000001
ORD-01749,CLI-0092,2025-06-27,SKU-007,470,Completed,41345.9
ORD-01750,CLI-0051,2025-06-27,SKU-016,89,Completed,15626.62
ORD-01751,CLI-0039,2025-06-27,SKU-003,133,Completed,9274.09
ORD-01752,CLI-0073,2025-06-27,SKU-H01,173,Completed,2762.81
ORD-01753,CLI-0050,2025-06-28,SKU-006,396,Completed,22718.52
ORD-01754,CLI-0070,2025-06-28,SKU-014,219,Completed,35815.259999999995
ORD-01755,CLI-0050,2025-06-28,SKU-012,436,Completed,17714.68
ORD-01756,CLI-0095,2025-06-28,SKU-016,121,Completed,21245.18
ORD-01757,CLI-0089,2025-06-28,SKU-H01,420,Completed,6707.400000000001
ORD-01758,CLI-0011,2025-06-28,SKU-H01,306,Completed,4886.820000000001
ORD-01759,CLI-0096,2025-06-28,SKU-016,227,Completed,39856.66
ORD-01760,CLI-0007,2025-06-28,SKU-009,100,Completed,5347.0
ORD-01761,CLI-0056,2025-06-28,SKU-H01,168,Completed,2682.96
ORD-01762,CLI-0010,2025-06-28,SKU-012,224,Completed,9101.12
ORD-01763,CLI-0078,2025-06-28,SKU-014,443,Completed,72448.22
ORD-01764,CLI-0079,2025-06-28,SKU-008,354,Completed,54356.700000000004
ORD-01765,CLI-0051,2025-06-28,SKU-010,446,Completed,10984.98
ORD-01766,CLI-0042,2025-06-28,SKU-H01,65,Completed,1038.05
ORD-01767,CLI-0082,2025-06-28,SKU-006,189,Completed,10842.93
ORD-01768,CLI-0058,2025-06-28,SKU-005,301,Completed,54914.44
ORD-01769,CLI-0030,2025-06-28,SKU-015,232,Completed,30241.199999999997
ORD-01770,CLI-0071,2025-06-28,SKU-015,242,Completed,31544.699999999997
ORD-01771,CLI-0056,2025-06-28,SKU-015,145,Completed,18900.75
ORD-01772,CLI-0088,2025-06-28,SKU-H01,349,Completed,5573.530000000001
ORD-01773,CLI-0085,2025-06-28,SKU-012,244,Completed,9913.720000000001
ORD-01774,CLI-0011,2025-06-28,SKU-012,445,Completed,18080.350000000002
ORD-01775,CLI-0080,2025-06-28,SKU-010,201,Completed,4950.63
ORD-01776,CLI-0032,2025-06-28,SKU-012,415,Completed,16861.45
ORD-01777,CLI-0010,2025-06-28,SKU-015,92,Completed,11992.199999999999
ORD-01778,CLI-0035,2025-06-28,SKU-004,128,Completed,13648.64
ORD-01779,CLI-0049,2025-06-28,SKU-005,414,Completed,75530.16
ORD-01780,CLI-0082,2025-06-28,SKU-H01,128,Completed,2044.16
ORD-01781,CLI-0041,2025-06-29,SKU-H01,234,Completed,3736.98
ORD-01782,CLI-0014,2025-06-29,SKU-009,96,Completed,5133.12
ORD-01783,CLI-0001,2025-06-29,SKU-013,207,Completed,38634.479999999996
ORD-01784,CLI-0057,2025-06-29,SKU-H01,234,Completed,3736.98
ORD-01785,CLI-0098,2025-06-29,SKU-H01,188,Completed,3002.36
ORD-01786,CLI-0014,2025-06-29,SKU-010,117,Completed,2881.71
ORD-01787,CLI-0012,2025-06-29,SKU-H01,145,Completed,2315.65
ORD-01788,CLI-0056,2025-06-29,SKU-H01,279,Completed,4455.63
ORD-01789,CLI-0072,2025-06-29,SKU-H01,334,Completed,5333.9800000000005
ORD-01790,CLI-0066,2025-06-29,SKU-H01,258,Completed,4120.26
ORD-01791,CLI-0014,2025-06-29,SKU-H01,63,Completed,1006.11
ORD-01792,CLI-0012,2025-06-29,SKU-H01,231,Completed,3689.07
ORD-01793,CLI-0071,2025-06-29,SKU-002,97,Completed,12699.239999999998
ORD-01794,CLI-0077,2025-06-29,SKU-016,356,Completed,62506.48
ORD-01795,CLI-0042,2025-06-29,SKU-005,492,Completed,89760.48
ORD-01796,CLI-0050,2025-06-29,SKU-011,56,Completed,3642.7999999999997
ORD-01797,CLI-0038,2025-06-29,SKU-H01,261,Completed,4168.17
ORD-01798,CLI-0050,2025-06-29,SKU-H01,448,Completed,7154.56
ORD-01799,CLI-0011,2025-06-29,SKU-011,421,Completed,27386.05
ORD-01800,CLI-0072,2025-06-29,SKU-H01,174,Completed,2778.78
ORD-01801,CLI-0074,2025-06-29,SKU-004,316,Completed,33695.08
ORD-01802,CLI-0022,2025-06-29,SKU-008,400,Completed,61420.00000000001
ORD-01803,CLI-0022,2025-06-30,SKU-008,121,Completed,18579.550000000003
ORD-01804,CLI-0035,2025-06-30,SKU-H01,204,Completed,3257.88
ORD-01805,CLI-0035,2025-06-30,SKU-H01,302,Completed,4822.9400000000005
ORD-01806,CLI-0019,2025-06-30,SKU-009,82,Completed,4384.54
ORD-01807,CLI-0022,2025-06-30,SKU-H01,272,Completed,4343.84
ORD-01808,CLI-0036,2025-06-30,SKU-011,265,Completed,17238.25
ORD-01809,CLI-0039,2025-06-30,SKU-012,297,Completed,12067.11
ORD-01810,CLI-0010,2025-06-30,SKU-019,234,Completed,42024.06
ORD-01811,CLI-0033,2025-06-30,SKU-H01,176,Completed,2810.7200000000003
ORD-01812,CLI-0093,2025-06-30,SKU-014,370,Completed,60509.799999999996
ORD-01813,CLI-0064,2025-06-30,SKU-005,354,Completed,64583.76
ORD-01814,CLI-0079,2025-06-30,SKU-H01,150,Completed,2395.5
ORD-01815,CLI-0059,2025-06-30,SKU-H01,104,Completed,1660.88
ORD-01816,CLI-0018,2025-06-30,SKU-012,205,Completed,8329.15
ORD-01817,CLI-0001,2025-06-30,SKU-H01,252,Completed,4024.44
ORD-01818,CLI-0043,2025-06-30,SKU-H01,480,Completed,7665.6
ORD-01819,CLI-0080,2025-06-30,SKU-H01,244,Completed,3896.6800000000003
ORD-01820,CLI-0043,2025-06-30,SKU-014,275,Completed,44973.5
ORD-01821,CLI-0043,2025-06-30,SKU-013,270,Completed,50392.799999999996
ORD-01822,CLI-0084,2025-06-30,SKU-012,354,Completed,14383.02
ORD-01823,CLI-0018,2025-06-30,SKU-H01,203,Completed,3241.9100000000003
ORD-01824,CLI-0042,2025-06-30,SKU-H01,358,Completed,5717.26
ORD-01825,CLI-0062,2025-07-01,SKU-009,210,Completed,11228.699999999999
ORD-01826,CLI-0023,2025-07-01,SKU-004,253,Completed,26977.39
ORD-01827,CLI-0041,2025-07-01,SKU-H01,199,Completed,3178.03
ORD-01828,CLI-0095,2025-07-01,SKU-010,405,Completed,9975.15
ORD-01829,CLI-0082,2025-07-01,SKU-Z99,301,Completed,150500.0
ORD-01830,CLI-0074,2025-07-01,SKU-012,450,Completed,18283.5
ORD-01831,CLI-0032,2025-07-01,SKU-012,216,Completed,8776.08
ORD-01832,CLI-0049,2025-07-01,SKU-018,193,Completed,8771.85
ORD-01833,CLI-0051,2025-07-01,SKU-H01,236,Completed,3768.92
ORD-01834,CLI-0015,2025-07-01,SKU-007,338,Completed,29733.86
ORD-01835,CLI-0026,2025-07-01,SKU-019,353,Completed,63395.270000000004
ORD-01836,CLI-0070,2025-07-01,SKU-H01,142,Completed,2267.7400000000002
ORD-01837,CLI-0088,2025-07-01,SKU-011,443,Completed,28817.149999999998
ORD-01838,CLI-0071,2025-07-01,SKU-007,63,Completed,5542.11
ORD-01839,CLI-0094,2025-07-01,SKU-007,286,Completed,25159.42
ORD-01840,CLI-0091,2025-07-01,SKU-011,157,Completed,10212.85
ORD-01841,CLI-0038,2025-07-02,SKU-018,475,Completed,21588.75
ORD-01842,CLI-0089,2025-07-02,SKU-013,85,Completed,15864.4
ORD-01843,CLI-0053,2025-07-02,SKU-H01,394,Completed,6292.18
ORD-01844,CLI-0064,2025-07-02,SKU-015,121,Completed,15772.349999999999
ORD-01845,CLI-0082,2025-07-02,SKU-H01,205,Completed,3273.85
ORD-01846,CLI-0031,2025-07-02,SKU-H01,179,Completed,2858.63
ORD-01847,CLI-0085,2025-07-02,SKU-003,128,Completed,8925.44
ORD-01848,CLI-0092,2025-07-02,SKU-004,266,Completed,28363.579999999998
ORD-01849,CLI-0049,2025-07-02,SKU-003,87,Completed,6066.51
ORD-01850,CLI-0058,2025-07-02,SKU-018,356,Completed,16180.2
ORD-01851,CLI-0062,2025-07-02,SKU-011,348,Completed,22637.399999999998
ORD-01852,CLI-0052,2025-07-02,SKU-009,323,Completed,17270.81
ORD-01853,CLI-0065,2025-07-02,SKU-H01,495,Completed,7905.150000000001
ORD-01854,CLI-0089,2025-07-02,SKU-017,264,Completed,42952.799999999996
ORD-01855,CLI-0070,2025-07-02,SKU-017,68,Completed,11063.599999999999
ORD-01856,CLI-0047,2025-07-02,SKU-013,409,Completed,76335.76
ORD-01857,CLI-0069,2025-07-02,SKU-H01,354,Completed,5653.38
ORD-01858,CLI-0082,2025-07-02,SKU-H01,93,Completed,1485.21
ORD-01859,CLI-0014,2025-07-02,SKU-H01,443,Completed,7074.71
ORD-01860,CLI-0032,2025-07-02,SKU-H01,386,Completed,6164.42
ORD-01861,CLI-0086,2025-07-02,SKU-H01,231,Completed,3689.07
ORD-01862,CLI-0022,2025-07-02,SKU-017,381,Completed,61988.7
ORD-01863,CLI-0079,2025-07-02,SKU-004,72,Completed,7677.36
ORD-01864,CLI-0073,2025-07-02,SKU-H01,380,Completed,6068.6
ORD-01865,CLI-0052,2025-07-03,SKU-H01,435,Completed,6946.950000000001
ORD-01866,CLI-0043,2025-07-03,SKU-H01,457,Completed,7298.29
ORD-01867,CLI-0056,2025-07-03,SKU-H01,104,Completed,1660.88
ORD-01868,CLI-0002,2025-07-03,SKU-H01,100,Completed,1597.0
ORD-01869,CLI-0034,2025-07-03,SKU-H01,163,Completed,2603.11
ORD-01870,CLI-0066,2025-07-03,SKU-013,432,Completed,80628.48
ORD-01871,CLI-0067,2025-07-03,SKU-019,335,Completed,60162.65
ORD-01872,CLI-0075,2025-07-03,SKU-H01,402,Completed,6419.9400000000005
ORD-01873,CLI-0074,2025-07-03,SKU-002,163,Completed,21339.96
ORD-01874,CLI-0058,2025-07-03,SKU-015,241,Completed,31414.35
ORD-01875,CLI-0051,2025-07-03,SKU-H01,287,Completed,4583.39
ORD-01876,CLI-0099,2025-07-03,SKU-H01,397,Completed,6340.09
ORD-01877,CLI-0076,2025-07-03,SKU-015,403,Completed,52531.049999999996
ORD-01878,CLI-0065,2025-07-03,SKU-H01,127,Completed,2028.19
ORD-01879,CLI-0045,2025-07-03,SKU-008,62,Completed,9520.1
ORD-01880,CLI-0062,2025-07-03,SKU-006,103,Completed,5909.11
ORD-01881,CLI-0038,2025-07-03,SKU-H01,262,Completed,4184.14
ORD-01882,CLI-0011,2025-07-03,SKU-H01,109,Completed,1740.73
ORD-01883,CLI-0094,2025-07-03,SKU-013,122,Completed,22770.079999999998
ORD-01884,CLI-0045,2025-07-03,SKU-H01,209,Completed,3337.73
ORD-01885,CLI-0044,2025-07-03,SKU-H01,283,Completed,4519.51
ORD-01886,CLI-0027,2025-07-03,SKU-012,316,Completed,12839.08
ORD-01887,CLI-0062,2025-07-03,SKU-006,228,Completed,13080.359999999999
ORD-01888,CLI-0061,2025-07-03,SKU-H01,99,Completed,1581.03
ORD-01889,CLI-0057,2025-07-03,SKU-016,419,Completed,73568.02
ORD-01890,CLI-0090,2025-07-03,SKU-H01,281,Completed,4487.570000000001
ORD-01891,CLI-0041,2025-07-03,SKU-015,84,Completed,10949.4
ORD-01892,CLI-0039,2025-07-03,SKU-013,72,Completed,13438.079999999998
ORD-01893,CLI-0091,2025-07-03,SKU-008,108,Completed,16583.4
ORD-01894,CLI-0003,2025-07-03,SKU-004,484,Completed,51608.92
ORD-01895,CLI-0083,2025-07-04,SKU-019,105,Completed,18856.95
ORD-01896,CLI-0087,2025-07-04,SKU-H01,459,Completed,7330.2300000000005
ORD-01897,CLI-0022,2025-07-04,SKU-011,429,Completed,27906.449999999997
ORD-01898,CLI-0032,2025-07-04,SKU-H01,314,Completed,5014.58
ORD-01899,CLI-0023,2025-07-04,SKU-H01,332,Completed,5302.04
ORD-01900,CLI-0021,2025-07-04,SKU-H01,219,Completed,3497.4300000000003
ORD-01901,CLI-0072,2025-07-04,SKU-018,268,Completed,12180.6
ORD-01902,CLI-0060,2025-07-04,SKU-019,168,Completed,30171.12
ORD-01903,CLI-0052,2025-07-04,SKU-H01,372,Completed,5940.84
ORD-01904,CLI-0024,2025-07-04,SKU-H01,145,Completed,2315.65
ORD-01905,CLI-0082,2025-07-04,SKU-011,386,Completed,25109.3
ORD-01906,CLI-0056,2025-07-04,SKU-002,252,Completed,32991.84
ORD-01907,CLI-0004,2025-07-04,SKU-H01,427,Completed,6819.1900000000005
ORD-01908,CLI-0079,2025-07-04,SKU-010,151,Completed,3719.1299999999997
ORD-01909,CLI-0058,2025-07-04,SKU-006,353,Completed,20251.61
ORD-01910,CLI-0055,2025-07-04,SKU-019,249,Completed,44717.91
ORD-01911,CLI-0001,2025-07-04,SKU-H01,410,Completed,6547.7
ORD-01912,CLI-0028,2025-07-04,SKU-002,155,Completed,20292.6
ORD-01913,CLI-0036,2025-07-04,SKU-006,435,Completed,24955.949999999997
ORD-01914,CLI-0091,2025-07-04,SKU-013,464,Completed,86600.95999999999
ORD-01915,CLI-0074,2025-07-05,SKU-006,102,Completed,5851.74
ORD-01916,CLI-0069,2025-07-05,SKU-008,145,Completed,22264.75
ORD-01917,CLI-0047,2025-07-05,SKU-H01,216,Completed,3449.52
ORD-01918,CLI-0026,2025-07-05,SKU-015,284,Completed,37019.4
ORD-01919,CLI-0015,2025-07-05,SKU-002,184,Completed,24089.28
ORD-01920,CLI-0086,2025-07-05,SKU-H01,491,Completed,7841.27
ORD-01921,CLI-0063,2025-07-05,SKU-010,320,Completed,7881.599999999999
ORD-01922,CLI-0082,2025-07-05,SKU-H01,210,Completed,3353.7000000000003
ORD-01923,CLI-0077,2025-07-05,SKU-H01,248,Completed,3960.56
ORD-01924,CLI-0079,2025-07-05,SKU-016,250,Completed,43895.0
ORD-01925,CLI-0076,2025-07-05,SKU-003,108,Completed,7530.84
ORD-01926,CLI-0045,2025-07-05,SKU-012,230,Completed,9344.900000000001
ORD-01927,CLI-0080,2025-07-06,SKU-H01,138,Completed,2203.86
ORD-01928,CLI-0087,2025-07-06,SKU-013,411,Completed,76709.04
ORD-01929,CLI-0039,2025-07-06,SKU-H01,364,Completed,5813.08
ORD-01930,CLI-0076,2025-07-06,SKU-H01,93,Completed,1485.21
ORD-01931,CLI-0087,2025-07-06,SKU-019,118,Completed,21191.62
ORD-01932,CLI-0041,2025-07-06,SKU-014,110,Completed,17989.399999999998
ORD-01933,CLI-0031,2025-07-06,SKU-004,206,Completed,21965.78
ORD-01934,CLI-0015,2025-07-06,SKU-H01,143,Completed,2283.71
ORD-01935,CLI-0048,2025-07-06,SKU-016,405,Completed,71109.90000000001
ORD-01936,CLI-0019,2025-07-06,SKU-006,311,Completed,17842.07
ORD-01937,CLI-0050,2025-07-06,SKU-012,264,Completed,10726.320000000002
ORD-01938,CLI-0077,2025-07-06,SKU-012,120,Completed,4875.6
ORD-01939,CLI-0074,2025-07-06,SKU-H01,246,Completed,3928.6200000000003
ORD-01940,CLI-0055,2025-07-06,SKU-H01,145,Completed,2315.65
ORD-01941,CLI-0063,2025-07-06,SKU-009,375,Completed,20051.25
ORD-01942,CLI-0069,2025-07-06,SKU-H01,405,Completed,6467.85
ORD-01943,CLI-0083,2025-07-06,SKU-H01,138,Completed,2203.86
ORD-01944,CLI-0072,2025-07-06,SKU-018,135,Completed,6135.75
ORD-01945,CLI-0063,2025-07-06,SKU-006,197,Completed,11301.89
ORD-01946,CLI-0018,2025-07-06,SKU-012,145,Completed,5891.35
ORD-01947,CLI-0041,2025-07-06,SKU-006,481,Completed,27594.969999999998
ORD-01948,CLI-0058,2025-07-06,SKU-006,367,Completed,21054.79
ORD-01949,CLI-0007,2025-07-06,SKU-H01,493,Completed,7873.21
ORD-01950,CLI-0046,2025-07-06,SKU-H01,54,Completed,862.38
ORD-01951,CLI-0018,2025-07-07,SKU-H01,149,Completed,2379.53
ORD-01952,CLI-0050,2025-07-07,SKU-H01,337,Completed,5381.89
ORD-01953,CLI-0065,2025-07-07,SKU-014,384,Completed,62799.36
ORD-01954,CLI-0064,2025-07-07,SKU-H01,259,Completed,4136.2300000000005
ORD-01955,CLI-0088,2025-07-07,SKU-003,301,Completed,20988.73
ORD-01956,CLI-0054,2025-07-07,SKU-H01,413,Completed,6595.610000000001
ORD-01957,CLI-0057,2025-07-07,SKU-H01,300,Completed,4791.0
ORD-01958,CLI-0022,2025-07-07,SKU-003,92,Completed,6415.160000000001
ORD-01959,CLI-0073,2025-07-07,SKU-H01,65,Completed,1038.05
ORD-01960,CLI-0098,2025-07-07,SKU-H01,162,Completed,2587.1400000000003
ORD-01961,CLI-0038,2025-07-07,SKU-H01,66,Completed,1054.02
ORD-01962,CLI-0036,2025-07-07,SKU-H01,165,Completed,2635.05
ORD-01963,CLI-0069,2025-07-07,SKU-012,197,Completed,8004.110000000001
ORD-01964,CLI-0022,2025-07-07,SKU-H01,449,Completed,7170.530000000001
ORD-01965,CLI-0059,2025-07-07,SKU-H01,339,Completed,5413.83
ORD-01966,CLI-0096,2025-07-07,SKU-009,445,Completed,23794.149999999998
ORD-01967,CLI-0099,2025-07-07,SKU-H01,303,Completed,4838.91
ORD-01968,CLI-0071,2025-07-07,SKU-017,311,Completed,50599.7
ORD-01969,CLI-0015,2025-07-07,SKU-005,343,Completed,62576.92
ORD-01970,CLI-0015,2025-07-07,SKU-003,187,Completed,13039.51
ORD-01971,CLI-0100,2025-07-07,SKU-006,328,Completed,18817.36
ORD-01972,CLI-0047,2025-07-07,SKU-H01,327,Completed,5222.1900000000005
ORD-01973,CLI-0097,2025-07-07,SKU-008,71,Completed,10902.050000000001
ORD-01974,CLI-0098,2025-07-07,SKU-H01,418,Completed,6675.46
ORD-01975,CLI-0057,2025-07-07,SKU-017,329,Completed,53528.299999999996
ORD-01976,CLI-0055,2025-07-08,SKU-H01,102,Completed,1628.94
ORD-01977,CLI-0095,2025-07-08,SKU-005,474,Completed,86476.56
ORD-01978,CLI-0084,2025-07-08,SKU-008,434,Completed,66640.70000000001
ORD-01979,CLI-0032,2025-07-08,SKU-H01,202,Completed,3225.94
ORD-01980,CLI-0005,2025-07-08,SKU-H01,280,Completed,4471.6
ORD-01981,CLI-0034,2025-07-08,SKU-012,228,Completed,9263.640000000001
ORD-01982,CLI-0012,2025-07-08,SKU-014,274,Completed,44809.96
ORD-01983,CLI-0016,2025-07-08,SKU-H01,447,Completed,7138.59
ORD-01984,CLI-0031,2025-07-08,SKU-014,157,Completed,25675.78
ORD-01985,CLI-0095,2025-07-08,SKU-019,351,Completed,63036.090000000004
ORD-01986,CLI-0089,2025-07-08,SKU-015,229,Completed,29850.149999999998
ORD-01987,CLI-0091,2025-07-08,SKU-H01,362,Completed,5781.14
ORD-01988,CLI-0081,2025-07-08,SKU-012,269,Completed,10929.470000000001
ORD-01989,CLI-0022,2025-07-08,SKU-H01,365,Completed,5829.05
ORD-01990,CLI-0018,2025-07-08,SKU-019,451,Completed,80995.09
ORD-01991,CLI-0027,2025-07-08,SKU-004,466,Completed,49689.579999999994
ORD-01992,CLI-0008,2025-07-09,SKU-H01,341,Completed,5445.77
ORD-01993,CLI-0045,2025-07-09,SKU-011,322,Completed,20946.1
ORD-01994,CLI-0036,2025-07-09,SKU-H01,355,Completed,5669.35
ORD-01995,CLI-0069,2025-07-09,SKU-Z99,136,Completed,68000.0
ORD-01996,CLI-0042,2025-07-09,SKU-019,410,Completed,73631.9
ORD-01997,CLI-0038,2025-07-09,SKU-009,198,Completed,10587.06
ORD-01998,CLI-0074,2025-07-09,SKU-H01,186,Completed,2970.42
ORD-01999,CLI-0066,2025-07-09,SKU-010,397,Completed,9778.109999999999
ORD-02000,CLI-0013,2025-07-09,SKU-H01,119,Completed,1900.43
ORD-02001,CLI-0097,2025-07-09,SKU-H01,452,Completed,7218.4400000000005
ORD-02002,CLI-0053,2025-07-09,SKU-014,80,Completed,13083.199999999999
ORD-02003,CLI-0036,2025-07-09,SKU-H01,493,Completed,7873.21
ORD-02004,CLI-0084,2025-07-09,SKU-H01,114,Completed,1820.5800000000002
ORD-02005,CLI-0090,2025-07-09,SKU-019,493,Completed,88537.87
ORD-02006,CLI-0017,2025-07-09,SKU-H01,177,Completed,2826.69
ORD-02007,CLI-0019,2025-07-09,SKU-H01,414,Completed,6611.58
ORD-02008,CLI-0032,2025-07-10,SKU-017,439,Completed,71425.29999999999
ORD-02009,CLI-0087,2025-07-10,SKU-H01,251,Completed,4008.4700000000003
ORD-02010,CLI-0063,2025-07-10,SKU-012,122,Completed,4956.860000000001
ORD-02011,CLI-0074,2025-07-10,SKU-019,373,Completed,66987.07
ORD-02012,CLI-0035,2025-07-10,SKU-017,371,Completed,60361.7
ORD-02013,CLI-0054,2025-07-10,SKU-009,242,Completed,12939.74
ORD-02014,CLI-0058,2025-07-10,SKU-H01,88,Completed,1405.3600000000001
ORD-02015,CLI-0082,2025-07-10,SKU-H01,456,Completed,7282.320000000001
ORD-02016,CLI-0099,2025-07-10,SKU-014,97,Completed,15863.38
ORD-02017,CLI-0052,2025-07-10,SKU-016,313,Completed,54956.54
ORD-02018,CLI-0096,2025-07-10,SKU-005,192,Completed,35028.479999999996
ORD-02019,CLI-0089,2025-07-10,SKU-H01,499,Completed,7969.030000000001
ORD-02020,CLI-0048,2025-07-10,SKU-H01,282,Completed,4503.54
ORD-02021,CLI-0063,2025-07-10,SKU-H01,217,Completed,3465.4900000000002
ORD-02022,CLI-0075,2025-07-10,SKU-011,51,Completed,3317.5499999999997
ORD-02023,CLI-0100,2025-07-10,SKU-002,483,Completed,63234.35999999999
ORD-02024,CLI-0094,2025-07-10,SKU-017,97,Completed,15781.9
ORD-02025,CLI-0094,2025-07-10,SKU-012,284,Completed,11538.92
ORD-02026,CLI-0082,2025-07-10,SKU-H01,390,Completed,6228.3
ORD-02027,CLI-0090,2025-07-10,SKU-008,233,Completed,35777.15
ORD-02028,CLI-0069,2025-07-11,SKU-003,253,Completed,17641.690000000002
ORD-02029,CLI-0028,2025-07-11,SKU-007,269,Completed,23663.93
ORD-02030,CLI-0028,2025-07-11,SKU-012,303,Completed,12310.890000000001
ORD-02031,CLI-0035,2025-07-11,SKU-014,215,Completed,35161.1
ORD-02032,CLI-0037,2025-07-11,SKU-015,222,Completed,28937.699999999997
ORD-02033,CLI-0071,2025-07-11,SKU-H01,345,Completed,5509.650000000001
ORD-02034,CLI-0017,2025-07-11,SKU-H01,339,Completed,5413.83
ORD-02035,CLI-0063,2025-07-11,SKU-012,453,Completed,18405.39
ORD-02036,CLI-0044,2025-07-11,SKU-H01,399,Completed,6372.030000000001
ORD-02037,CLI-0098,2025-07-11,SKU-H01,74,Completed,1181.78
ORD-02038,CLI-0006,2025-07-11,SKU-H01,100,Completed,1597.0
ORD-02039,CLI-0081,2025-07-11,SKU-010,451,Completed,11108.13
ORD-02040,CLI-0003,2025-07-12,SKU-H01,113,Completed,1804.6100000000001
ORD-02041,CLI-0021,2025-07-12,SKU-009,275,Completed,14704.25
ORD-02042,CLI-0059,2025-07-12,SKU-Z99,50,Completed,25000.0
ORD-02043,CLI-0055,2025-07-12,SKU-H01,153,Completed,2443.4100000000003
ORD-02044,CLI-0089,2025-07-12,SKU-H01,117,Completed,1868.49
ORD-02045,CLI-0084,2025-07-12,SKU-H01,204,Completed,3257.88
ORD-02046,CLI-0021,2025-07-12,SKU-016,497,Completed,87263.26000000001
ORD-02047,CLI-0036,2025-07-12,SKU-H01,97,Completed,1549.0900000000001
ORD-02048,CLI-0084,2025-07-12,SKU-H01,234,Completed,3736.98
ORD-02049,CLI-0033,2025-07-12,SKU-H01,92,Completed,1469.24
ORD-02050,CLI-0048,2025-07-12,SKU-013,390,Completed,72789.59999999999
ORD-02051,CLI-0084,2025-07-12,SKU-002,134,Completed,17543.28
ORD-02052,CLI-0007,2025-07-12,SKU-012,252,Completed,10238.76
ORD-02053,CLI-0081,2025-07-12,SKU-017,206,Completed,33516.2
ORD-02054,CLI-0093,2025-07-12,SKU-H01,408,Completed,6515.76
ORD-02055,CLI-0097,2025-07-12,SKU-014,169,Completed,27638.26
ORD-02056,CLI-0055,2025-07-12,SKU-H01,385,Completed,6148.45
ORD-02057,CLI-0012,2025-07-12,SKU-017,410,Completed,66707.0
ORD-02058,CLI-0013,2025-07-12,SKU-009,50,Completed,2673.5
ORD-02059,CLI-0028,2025-07-12,SKU-016,294,Completed,51620.520000000004
ORD-02060,CLI-0010,2025-07-12,SKU-H01,117,Completed,1868.49
ORD-02061,CLI-0076,2025-07-12,SKU-H01,165,Completed,2635.05
ORD-02062,CLI-0067,2025-07-12,SKU-H01,398,Completed,6356.06
ORD-02063,CLI-0057,2025-07-12,SKU-H01,54,Completed,862.38
ORD-02064,CLI-0090,2025-07-13,SKU-H01,225,Completed,3593.25
ORD-02065,CLI-0016,2025-07-13,SKU-H01,490,Completed,7825.3
ORD-02066,CLI-0055,2025-07-13,SKU-H01,405,Completed,6467.85
ORD-02067,CLI-0017,2025-07-13,SKU-002,294,Completed,38490.479999999996
ORD-02068,CLI-0010,2025-07-13,SKU-014,167,Completed,27311.18
ORD-02069,CLI-0050,2025-07-13,SKU-004,95,Completed,10129.85
ORD-02070,CLI-0094,2025-07-13,SKU-H01,462,Completed,7378.14
ORD-02071,CLI-0014,2025-07-13,SKU-002,102,Completed,13353.839999999998
ORD-02072,CLI-0041,2025-07-13,SKU-H01,238,Completed,3800.86
ORD-02073,CLI-0039,2025-07-13,SKU-019,120,Completed,21550.8
ORD-02074,CLI-0100,2025-07-14,SKU-H01,466,Completed,7442.02
ORD-02075,CLI-0097,2025-07-14,SKU-011,497,Completed,32329.85
ORD-02076,CLI-0018,2025-07-14,SKU-019,378,Completed,67885.02
ORD-02077,CLI-0087,2025-07-14,SKU-014,123,Completed,20115.42
ORD-02078,CLI-0009,2025-07-14,SKU-011,321,Completed,20881.05
ORD-02079,CLI-0073,2025-07-14,SKU-015,54,Completed,7038.9
ORD-02080,CLI-0079,2025-07-14,SKU-019,382,Completed,68603.38
ORD-02081,CLI-0022,2025-07-14,SKU-008,275,Completed,42226.25
ORD-02082,CLI-0045,2025-07-14,SKU-006,419,Completed,24038.03
ORD-02083,CLI-0028,2025-07-14,SKU-008,371,Completed,56967.05
ORD-02084,CLI-0096,2025-07-14,SKU-006,127,Completed,7285.99
ORD-02085,CLI-0053,2025-07-14,SKU-009,365,Completed,19516.55
ORD-02086,CLI-0088,2025-07-14,SKU-003,276,Completed,19245.48
ORD-02087,CLI-0028,2025-07-14,SKU-H01,94,Completed,1501.18
ORD-02088,CLI-0013,2025-07-14,SKU-H01,121,Completed,1932.3700000000001
ORD-02089,CLI-0097,2025-07-14,SKU-H01,113,Completed,1804.6100000000001
ORD-02090,CLI-0076,2025-07-14,SKU-H01,423,Completed,6755.31
ORD-02091,CLI-0050,2025-07-14,SKU-H01,229,Completed,3657.13
ORD-02092,CLI-0055,2025-07-14,SKU-007,211,Completed,18561.67
ORD-02093,CLI-0018,2025-07-14,SKU-H01,176,Completed,2810.7200000000003
ORD-02094,CLI-0036,2025-07-14,SKU-014,380,Completed,62145.2
ORD-02095,CLI-0011,2025-07-14,SKU-H01,177,Completed,2826.69
ORD-02096,CLI-0077,2025-07-15,SKU-H01,357,Completed,5701.29
ORD-02097,CLI-0093,2025-07-15,SKU-012,361,Completed,14667.43
ORD-02098,CLI-0037,2025-07-15,SKU-008,448,Completed,68790.40000000001
ORD-02099,CLI-0089,2025-07-15,SKU-H01,63,Completed,1006.11
ORD-02100,CLI-0085,2025-07-15,SKU-016,498,Completed,87438.84000000001
ORD-02101,CLI-0039,2025-07-15,SKU-016,155,Completed,27214.9
ORD-02102,CLI-0067,2025-07-15,SKU-H01,360,Completed,5749.2
ORD-02103,CLI-0066,2025-07-15,SKU-H01,146,Completed,2331.62
ORD-02104,CLI-0096,2025-07-15,SKU-019,250,Completed,44897.5
ORD-02105,CLI-0038,2025-07-15,SKU-008,380,Completed,58349.00000000001
ORD-02106,CLI-0007,2025-07-15,SKU-006,451,Completed,25873.87
ORD-02107,CLI-0031,2025-07-15,SKU-015,303,Completed,39496.049999999996
ORD-02108,CLI-0050,2025-07-15,SKU-H01,107,Completed,1708.79
ORD-02109,CLI-0031,2025-07-15,SKU-002,305,Completed,39930.6
ORD-02110,CLI-0082,2025-07-15,SKU-H01,354,Completed,5653.38
ORD-02111,CLI-0010,2025-07-15,SKU-013,320,Completed,59724.799999999996
ORD-02112,CLI-0002,2025-07-15,SKU-007,234,Completed,20584.98
ORD-02113,CLI-0041,2025-07-15,SKU-009,117,Completed,6255.99
ORD-02114,CLI-0050,2025-07-15,SKU-H01,490,Completed,7825.3
ORD-02115,CLI-0073,2025-07-15,SKU-H01,265,Completed,4232.05
ORD-02116,CLI-0047,2025-07-15,SKU-004,329,Completed,35081.27
ORD-02117,CLI-0088,2025-07-15,SKU-012,138,Completed,5606.9400000000005
ORD-02118,CLI-0098,2025-07-15,SKU-005,291,Completed,53090.04
ORD-02119,CLI-0099,2025-07-15,SKU-H01,87,Completed,1389.39
ORD-02120,CLI-0003,2025-07-15,SKU-016,350,Completed,61453.00000000001
ORD-02121,CLI-0009,2025-07-15,SKU-H01,57,Completed,910.2900000000001
ORD-02122,CLI-0034,2025-07-15,SKU-018,160,Completed,7272.0
ORD-02123,CLI-0008,2025-07-16,SKU-H01,454,Completed,7250.38
ORD-02124,CLI-0051,2025-07-16,SKU-010,309,Completed,7610.67
ORD-02125,CLI-0037,2025-07-16,SKU-H01,371,Completed,5924.87
ORD-02126,CLI-0092,2025-07-16,SKU-017,306,Completed,49786.2
ORD-02127,CLI-0099,2025-07-16,SKU-003,262,Completed,18269.260000000002
ORD-02128,CLI-0055,2025-07-16,SKU-H01,409,Completed,6531.7300000000005
ORD-02129,CLI-0052,2025-07-16,SKU-H01,92,Completed,1469.24
ORD-02130,CLI-0082,2025-07-16,SKU-H01,324,Completed,5174.280000000001
ORD-02131,CLI-0069,2025-07-16,SKU-H01,365,Completed,5829.05
ORD-02132,CLI-0020,2025-07-16,SKU-018,192,Completed,8726.400000000001
ORD-02133,CLI-0011,2025-07-16,SKU-003,208,Completed,14503.84
ORD-02134,CLI-0066,2025-07-17,SKU-013,154,Completed,28742.559999999998
ORD-02135,CLI-0020,2025-07-17,SKU-009,324,Completed,17324.28
ORD-02136,CLI-0042,2025-07-17,SKU-010,250,Completed,6157.5
ORD-02137,CLI-0076,2025-07-17,SKU-H01,374,Completed,5972.780000000001
ORD-02138,CLI-0098,2025-07-17,SKU-H01,477,Completed,7617.6900000000005
ORD-02139,CLI-0084,2025-07-17,SKU-013,398,Completed,74282.72
ORD-02140,CLI-0083,2025-07-17,SKU-019,83,Completed,14905.970000000001
ORD-02141,CLI-0040,2025-07-17,SKU-H01,407,Completed,6499.79
ORD-02142,CLI-0056,2025-07-17,SKU-H01,423,Completed,6755.31
ORD-02143,CLI-0031,2025-07-17,SKU-004,79,Completed,8423.77
ORD-02144,CLI-0032,2025-07-17,SKU-019,94,Completed,16881.46
ORD-02145,CLI-0056,2025-07-17,SKU-H01,109,Completed,1740.73
ORD-02146,CLI-0079,2025-07-18,SKU-002,361,Completed,47262.119999999995
ORD-02147,CLI-0008,2025-07-18,SKU-016,208,Completed,36520.64
ORD-02148,CLI-0086,2025-07-18,SKU-H01,429,Completed,6851.13
ORD-02149,CLI-0085,2025-07-18,SKU-H01,429,Completed,6851.13
ORD-02150,CLI-0023,2025-07-18,SKU-008,111,Completed,17044.050000000003
ORD-02151,CLI-0002,2025-07-18,SKU-017,412,Completed,67032.4
ORD-02152,CLI-0018,2025-07-18,SKU-H01,409,Completed,6531.7300000000005
ORD-02153,CLI-0002,2025-07-18,SKU-004,133,Completed,14181.789999999999
ORD-02154,CLI-0064,2025-07-18,SKU-003,227,Completed,15828.710000000001
ORD-02155,CLI-0067,2025-07-18,SKU-004,314,Completed,33481.82
ORD-02156,CLI-0093,2025-07-18,SKU-008,182,Completed,27946.100000000002
ORD-02157,CLI-0022,2025-07-18,SKU-004,240,Completed,25591.199999999997
ORD-02158,CLI-0017,2025-07-18,SKU-003,433,Completed,30193.09
ORD-02159,CLI-0100,2025-07-18,SKU-004,497,Completed,52995.11
ORD-02160,CLI-0035,2025-07-18,SKU-007,425,Completed,37387.25
ORD-02161,CLI-0016,2025-07-18,SKU-006,444,Completed,25472.28
ORD-02162,CLI-0004,2025-07-18,SKU-015,221,Completed,28807.35
ORD-02163,CLI-0055,2025-07-18,SKU-H01,189,Completed,3018.33
ORD-02164,CLI-0068,2025-07-18,SKU-015,82,Completed,10688.699999999999
ORD-02165,CLI-0034,2025-07-18,SKU-015,414,Completed,53964.899999999994
ORD-02166,CLI-0074,2025-07-18,SKU-H01,371,Completed,5924.87
ORD-02167,CLI-0010,2025-07-18,SKU-003,304,Completed,21197.920000000002
ORD-02168,CLI-0059,2025-07-18,SKU-003,311,Completed,21686.030000000002
ORD-02169,CLI-0047,2025-07-18,SKU-H01,78,Completed,1245.66
ORD-02170,CLI-0073,2025-07-19,SKU-H01,135,Completed,2155.9500000000003
ORD-02171,CLI-0048,2025-07-19,SKU-H01,130,Completed,2076.1
ORD-02172,CLI-0033,2025-07-19,SKU-H01,445,Completed,7106.650000000001
ORD-02173,CLI-0014,2025-07-19,SKU-014,343,Completed,56094.219999999994
ORD-02174,CLI-0087,2025-07-19,SKU-H01,420,Completed,6707.400000000001
ORD-02175,CLI-0015,2025-07-19,SKU-014,166,Completed,27147.64
ORD-02176,CLI-0095,2025-07-19,SKU-006,310,Completed,17784.7
ORD-02177,CLI-0001,2025-07-19,SKU-016,72,Completed,12641.76
ORD-02178,CLI-0002,2025-07-19,SKU-007,175,Completed,15394.75
ORD-02179,CLI-0006,2025-07-19,SKU-H01,291,Completed,4647.27
ORD-02180,CLI-0047,2025-07-19,SKU-010,246,Completed,6058.98
ORD-02181,CLI-0020,2025-07-19,SKU-H01,141,Completed,2251.77
ORD-02182,CLI-0005,2025-07-19,SKU-003,333,Completed,23220.09
ORD-02183,CLI-0092,2025-07-19,SKU-018,429,Completed,19498.050000000003
ORD-02184,CLI-0084,2025-07-19,SKU-H01,264,Completed,4216.08
ORD-02185,CLI-0029,2025-07-19,SKU-H01,214,Completed,3417.58
ORD-02186,CLI-0032,2025-07-19,SKU-012,263,Completed,10685.69
ORD-02187,CLI-0093,2025-07-19,SKU-016,213,Completed,37398.54
ORD-02188,CLI-0035,2025-07-19,SKU-010,472,Completed,11625.359999999999
ORD-02189,CLI-0010,2025-07-19,SKU-H01,342,Completed,5461.74
ORD-02190,CLI-0048,2025-07-19,SKU-010,111,Completed,2733.93
ORD-02191,CLI-0065,2025-07-19,SKU-H01,394,Completed,6292.18
ORD-02192,CLI-0007,2025-07-19,SKU-011,141,Completed,9172.05
ORD-02193,CLI-0029,2025-07-19,SKU-018,461,Completed,20952.45
ORD-02194,CLI-0067,2025-07-19,SKU-011,73,Completed,4748.65
ORD-02195,CLI-0009,2025-07-20,SKU-016,499,Completed,87614.42000000001
ORD-02196,CLI-0060,2025-07-20,SKU-H01,493,Completed,7873.21
ORD-02197,CLI-0037,2025-07-20,SKU-011,446,Completed,29012.3
ORD-02198,CLI-0040,2025-07-20,SKU-015,217,Completed,28285.949999999997
ORD-02199,CLI-0012,2025-07-20,SKU-H01,333,Completed,5318.01
ORD-02200,CLI-0059,2025-07-20,SKU-016,54,Completed,9481.320000000002
ORD-02201,CLI-0048,2025-07-20,SKU-H01,152,Completed,2427.44
ORD-02202,CLI-0038,2025-07-20,SKU-010,338,Completed,8324.94
ORD-02203,CLI-0039,2025-07-20,SKU-014,428,Completed,69995.12
ORD-02204,CLI-0080,2025-07-20,SKU-010,174,Completed,4285.62
ORD-02205,CLI-0060,2025-07-20,SKU-H01,238,Completed,3800.86
ORD-02206,CLI-0076,2025-07-20,SKU-007,302,Completed,26566.94
ORD-02207,CLI-0099,2025-07-20,SKU-006,447,Completed,25644.39
ORD-02208,CLI-0026,2025-07-20,SKU-017,425,Completed,69147.5
ORD-02209,CLI-0070,2025-07-20,SKU-002,439,Completed,57473.88
ORD-02210,CLI-0032,2025-07-20,SKU-H01,127,Completed,2028.19
ORD-02211,CLI-0001,2025-07-20,SKU-012,259,Completed,10523.17
ORD-02212,CLI-0004,2025-07-20,SKU-002,169,Completed,22125.48
ORD-02213,CLI-0070,2025-07-20,SKU-009,227,Completed,12137.69
ORD-02214,CLI-0082,2025-07-20,SKU-009,479,Completed,25612.13
ORD-02215,CLI-0089,2025-07-20,SKU-016,499,Completed,87614.42000000001
ORD-02216,CLI-0002,2025-07-20,SKU-008,221,Completed,33934.55
ORD-02217,CLI-0098,2025-07-21,SKU-005,386,Completed,70421.84
ORD-02218,CLI-0049,2025-07-21,SKU-H01,484,Completed,7729.4800000000005
ORD-02219,CLI-0095,2025-07-21,SKU-H01,422,Completed,6739.34
ORD-02220,CLI-0040,2025-07-21,SKU-H01,103,Completed,1644.91
ORD-02221,CLI-0027,2025-07-21,SKU-H01,321,Completed,5126.37
ORD-02222,CLI-0031,2025-07-21,SKU-009,264,Completed,14116.08
ORD-02223,CLI-0063,2025-07-21,SKU-012,80,Completed,3250.4
ORD-02224,CLI-0019,2025-07-21,SKU-005,414,Completed,75530.16
ORD-02225,CLI-0036,2025-07-21,SKU-015,97,Completed,12643.949999999999
ORD-02226,CLI-0006,2025-07-21,SKU-Z99,168,Completed,84000.0
ORD-02227,CLI-0053,2025-07-22,SKU-014,408,Completed,66724.31999999999
ORD-02228,CLI-0048,2025-07-22,SKU-010,284,Completed,6994.92
ORD-02229,CLI-0096,2025-07-22,SKU-006,93,Completed,5335.41
ORD-02230,CLI-0075,2025-07-22,SKU-003,98,Completed,6833.54
ORD-02231,CLI-0065,2025-07-22,SKU-H01,118,Completed,1884.46
ORD-02232,CLI-0082,2025-07-22,SKU-H01,469,Completed,7489.93
ORD-02233,CLI-0051,2025-07-22,SKU-017,88,Completed,14317.599999999999
ORD-02234,CLI-0076,2025-07-22,SKU-014,340,Completed,55603.6
ORD-02235,CLI-0008,2025-07-22,SKU-H01,272,Completed,4343.84
ORD-02236,CLI-0085,2025-07-22,SKU-004,116,Completed,12369.08
ORD-02237,CLI-0031,2025-07-22,SKU-014,199,Completed,32544.46
ORD-02238,CLI-0034,2025-07-22,SKU-H01,485,Completed,7745.450000000001
ORD-02239,CLI-0041,2025-07-22,SKU-H01,460,Completed,7346.200000000001
ORD-02240,CLI-0051,2025-07-22,SKU-015,408,Completed,53182.799999999996
ORD-02241,CLI-0095,2025-07-22,SKU-002,217,Completed,28409.639999999996
ORD-02242,CLI-0041,2025-07-22,SKU-H01,281,Completed,4487.570000000001
ORD-02243,CLI-0035,2025-07-22,SKU-006,169,Completed,9695.529999999999
ORD-02244,CLI-0010,2025-07-22,SKU-016,153,Completed,26863.74
ORD-02245,CLI-0018,2025-07-22,SKU-007,449,Completed,39498.53
ORD-02246,CLI-0099,2025-07-22,SKU-H01,349,Completed,5573.530000000001
ORD-02247,CLI-0014,2025-07-22,SKU-H01,129,Completed,2060.13
ORD-02248,CLI-0014,2025-07-22,SKU-003,134,Completed,9343.82
ORD-02249,CLI-0058,2025-07-22,SKU-007,288,Completed,25335.36
ORD-02250,CLI-0041,2025-07-22,SKU-012,258,Completed,10482.54
ORD-02251,CLI-0016,2025-07-22,SKU-H01,324,Completed,5174.280000000001
ORD-02252,CLI-0046,2025-07-22,SKU-016,444,Completed,77957.52
ORD-02253,CLI-0058,2025-07-23,SKU-H01,207,Completed,3305.79
ORD-02254,CLI-0060,2025-07-23,SKU-H01,185,Completed,2954.4500000000003
ORD-02255,CLI-0016,2025-07-23,SKU-H01,96,Completed,1533.1200000000001
ORD-02256,CLI-0021,2025-07-23,SKU-H01,463,Completed,7394.110000000001
ORD-02257,CLI-0088,2025-07-23,SKU-005,205,Completed,37400.2
ORD-02258,CLI-0091,2025-07-23,SKU-005,406,Completed,74070.64
ORD-02259,CLI-0078,2025-07-23,SKU-H01,70,Completed,1117.9
ORD-02260,CLI-0028,2025-07-23,SKU-009,477,Completed,25505.19
ORD-02261,CLI-0042,2025-07-23,SKU-H01,125,Completed,1996.25
ORD-02262,CLI-0012,2025-07-23,SKU-013,414,Completed,77268.95999999999
ORD-02263,CLI-0032,2025-07-23,SKU-018,232,Completed,10544.400000000001
ORD-02264,CLI-0051,2025-07-23,SKU-H01,312,Completed,4982.64
ORD-02265,CLI-0007,2025-07-23,SKU-005,396,Completed,72246.24
ORD-02266,CLI-0039,2025-07-23,SKU-H01,183,Completed,2922.51
ORD-02267,CLI-0023,2025-07-23,SKU-H01,65,Completed,1038.05
ORD-02268,CLI-0052,2025-07-23,SKU-H01,487,Completed,7777.39
ORD-02269,CLI-0072,2025-07-24,SKU-013,433,Completed,80815.12
ORD-02270,CLI-0071,2025-07-24,SKU-007,177,Completed,15570.69
ORD-02271,CLI-0013,2025-07-24,SKU-H01,286,Completed,4567.42
ORD-02272,CLI-0014,2025-07-24,SKU-015,461,Completed,60091.35
ORD-02273,CLI-0018,2025-07-24,SKU-005,112,Completed,20433.28
ORD-02274,CLI-0002,2025-07-24,SKU-015,81,Completed,10558.35
ORD-02275,CLI-0100,2025-07-24,SKU-007,163,Completed,14339.11
ORD-02276,CLI-0017,2025-07-24,SKU-006,151,Completed,8662.869999999999
ORD-02277,CLI-0052,2025-07-24,SKU-H01,240,Completed,3832.8
ORD-02278,CLI-0088,2025-07-24,SKU-H01,372,Completed,5940.84
ORD-02279,CLI-0083,2025-07-24,SKU-019,93,Completed,16701.87
ORD-02280,CLI-0075,2025-07-24,SKU-H01,350,Completed,5589.5
ORD-02281,CLI-0034,2025-07-24,SKU-019,466,Completed,83688.94
ORD-02282,CLI-0010,2025-07-24,SKU-006,61,Completed,3499.5699999999997
ORD-02283,CLI-0009,2025-07-24,SKU-H01,151,Completed,2411.4700000000003
ORD-02284,CLI-0083,2025-07-24,SKU-H01,277,Completed,4423.6900000000005
ORD-02285,CLI-0017,2025-07-24,SKU-H01,97,Completed,1549.0900000000001
ORD-02286,CLI-0043,2025-07-24,SKU-018,112,Completed,5090.400000000001
ORD-02287,CLI-0006,2025-07-24,SKU-002,286,Completed,37443.119999999995
ORD-02288,CLI-0007,2025-07-24,SKU-H01,136,Completed,2171.92
ORD-02289,CLI-0074,2025-07-24,SKU-H01,271,Completed,4327.87
ORD-02290,CLI-0093,2025-07-24,SKU-H01,252,Completed,4024.44
ORD-02291,CLI-0064,2025-07-24,SKU-004,65,Completed,6930.95
ORD-02292,CLI-0049,2025-07-24,SKU-H01,399,Completed,6372.030000000001
ORD-02293,CLI-0023,2025-07-25,SKU-015,231,Completed,30110.85
ORD-02294,CLI-0028,2025-07-25,SKU-H01,145,Completed,2315.65
ORD-02295,CLI-0036,2025-07-25,SKU-H01,193,Completed,3082.21
ORD-02296,CLI-0058,2025-07-25,SKU-004,126,Completed,13435.38
ORD-02297,CLI-0005,2025-07-25,SKU-003,364,Completed,25381.72
ORD-02298,CLI-0080,2025-07-25,SKU-Z99,365,Completed,182500.0
ORD-02299,CLI-0032,2025-07-25,SKU-006,381,Completed,21857.969999999998
ORD-02300,CLI-0038,2025-07-25,SKU-H01,305,Completed,4870.85
ORD-02301,CLI-0053,2025-07-25,SKU-008,331,Completed,50825.05
ORD-02302,CLI-0062,2025-07-25,SKU-H01,81,Completed,1293.5700000000002
ORD-02303,CLI-0012,2025-07-25,SKU-H01,193,Completed,3082.21
ORD-02304,CLI-0050,2025-07-25,SKU-019,120,Completed,21550.8
ORD-02305,CLI-0054,2025-07-25,SKU-013,152,Completed,28369.28
ORD-02306,CLI-0083,2025-07-25,SKU-019,458,Completed,82252.22
ORD-02307,CLI-0068,2025-07-25,SKU-004,177,Completed,18873.51
ORD-02308,CLI-0081,2025-07-25,SKU-006,460,Completed,26390.199999999997
ORD-02309,CLI-0070,2025-07-25,SKU-H01,456,Completed,7282.320000000001
ORD-02310,CLI-0003,2025-07-25,SKU-H01,245,Completed,3912.65
ORD-02311,CLI-0092,2025-07-25,SKU-015,233,Completed,30371.55
ORD-02312,CLI-0062,2025-07-25,SKU-H01,328,Completed,5238.16
ORD-02313,CLI-0063,2025-07-25,SKU-015,226,Completed,29459.1
ORD-02314,CLI-0073,2025-07-25,SKU-011,307,Completed,19970.35
ORD-02315,CLI-0042,2025-07-25,SKU-H01,248,Completed,3960.56
ORD-02316,CLI-0024,2025-07-26,SKU-005,63,Completed,11493.72
ORD-02317,CLI-0041,2025-07-26,SKU-010,355,Completed,8743.65
ORD-02318,CLI-0029,2025-07-26,SKU-H01,65,Completed,1038.05
ORD-02319,CLI-0100,2025-07-26,SKU-015,193,Completed,25157.55
ORD-02320,CLI-0008,2025-07-26,SKU-006,464,Completed,26619.68
ORD-02321,CLI-0061,2025-07-26,SKU-H01,321,Completed,5126.37
ORD-02322,CLI-0046,2025-07-26,SKU-007,442,Completed,38882.74
ORD-02323,CLI-0075,2025-07-26,SKU-Z99,169,Completed,84500.0
ORD-02324,CLI-0021,2025-07-26,SKU-H01,101,Completed,1612.97
ORD-02325,CLI-0032,2025-07-26,SKU-014,386,Completed,63126.439999999995
ORD-02326,CLI-0031,2025-07-26,SKU-H01,186,Completed,2970.42
ORD-02327,CLI-0069,2025-07-26,SKU-013,467,Completed,87160.87999999999
ORD-02328,CLI-0095,2025-07-26,SKU-012,78,Completed,3169.1400000000003
ORD-02329,CLI-0098,2025-07-26,SKU-H01,162,Completed,2587.1400000000003
ORD-02330,CLI-0074,2025-07-26,SKU-H01,483,Completed,7713.51
ORD-02331,CLI-0050,2025-07-26,SKU-013,231,Completed,43113.84
ORD-02332,CLI-0023,2025-07-26,SKU-003,140,Completed,9762.2
ORD-02333,CLI-0031,2025-07-26,SKU-012,353,Completed,14342.390000000001
ORD-02334,CLI-0095,2025-07-27,SKU-H01,407,Completed,6499.79
ORD-02335,CLI-0046,2025-07-27,SKU-015,352,Completed,45883.2
ORD-02336,CLI-0004,2025-07-27,SKU-011,410,Completed,26670.5
ORD-02337,CLI-0090,2025-07-27,SKU-017,230,Completed,37421.0
ORD-02338,CLI-0073,2025-07-27,SKU-H01,338,Completed,5397.860000000001
ORD-02339,CLI-0019,2025-07-27,SKU-007,338,Completed,29733.86
ORD-02340,CLI-0025,2025-07-27,SKU-008,478,Completed,73396.90000000001
ORD-02341,CLI-0064,2025-07-27,SKU-H01,327,Completed,5222.1900000000005
ORD-02342,CLI-0040,2025-07-27,SKU-003,139,Completed,9692.470000000001
ORD-02343,CLI-0063,2025-07-27,SKU-H01,69,Completed,1101.93
ORD-02344,CLI-0012,2025-07-27,SKU-012,78,Completed,3169.1400000000003
ORD-02345,CLI-0030,2025-07-27,SKU-006,358,Completed,20538.46
ORD-02346,CLI-0029,2025-07-27,SKU-H01,60,Completed,958.2
ORD-02347,CLI-0068,2025-07-27,SKU-010,294,Completed,7241.219999999999
ORD-02348,CLI-0001,2025-07-27,SKU-004,219,Completed,23351.969999999998
ORD-02349,CLI-0079,2025-07-27,SKU-H01,153,Completed,2443.4100000000003
ORD-02350,CLI-0017,2025-07-27,SKU-019,224,Completed,40228.16
ORD-02351,CLI-0092,2025-07-27,SKU-018,140,Completed,6363.0
ORD-02352,CLI-0042,2025-07-27,SKU-005,80,Completed,14595.2
ORD-02353,CLI-0003,2025-07-27,SKU-H01,125,Completed,1996.25
ORD-02354,CLI-0091,2025-07-28,SKU-012,122,Completed,4956.860000000001
ORD-02355,CLI-0100,2025-07-28,SKU-004,106,Completed,11302.779999999999
ORD-02356,CLI-0068,2025-07-28,SKU-H01,490,Completed,7825.3
ORD-02357,CLI-0047,2025-07-28,SKU-004,87,Completed,9276.81
ORD-02358,CLI-0048,2025-07-28,SKU-005,410,Completed,74800.4
ORD-02359,CLI-0085,2025-07-28,SKU-006,252,Completed,14457.24
ORD-02360,CLI-0076,2025-07-28,SKU-003,101,Completed,7042.7300000000005
ORD-02361,CLI-0044,2025-07-28,SKU-008,204,Completed,31324.2
ORD-02362,CLI-0042,2025-07-28,SKU-017,119,Completed,19361.3
ORD-02363,CLI-0021,2025-07-28,SKU-H01,424,Completed,6771.280000000001
ORD-02364,CLI-0056,2025-07-28,SKU-011,455,Completed,29597.75
ORD-02365,CLI-0082,2025-07-28,SKU-017,299,Completed,48647.299999999996
ORD-02366,CLI-0084,2025-07-28,SKU-003,212,Completed,14782.76
ORD-02367,CLI-0023,2025-07-28,SKU-003,412,Completed,28728.760000000002
ORD-02368,CLI-0072,2025-07-28,SKU-008,405,Completed,62187.75000000001
ORD-02369,CLI-0079,2025-07-28,SKU-007,452,Completed,39762.44
ORD-02370,CLI-0046,2025-07-28,SKU-014,164,Completed,26820.559999999998
ORD-02371,CLI-0086,2025-07-28,SKU-004,351,Completed,37427.13
ORD-02372,CLI-0023,2025-07-28,SKU-Z99,243,Completed,121500.0
ORD-02373,CLI-0040,2025-07-28,SKU-H01,425,Completed,6787.25
ORD-02374,CLI-0089,2025-07-28,SKU-H01,200,Completed,3194.0
ORD-02375,CLI-0017,2025-07-28,SKU-009,140,Completed,7485.8
ORD-02376,CLI-0094,2025-07-28,SKU-H01,50,Completed,798.5
ORD-02377,CLI-0090,2025-07-28,SKU-H01,343,Completed,5477.71
ORD-02378,CLI-0051,2025-07-28,SKU-H01,485,Completed,7745.450000000001
ORD-02379,CLI-0099,2025-07-28,SKU-H01,340,Completed,5429.8
ORD-02380,CLI-0005,2025-07-28,SKU-H01,143,Completed,2283.71
ORD-02381,CLI-0078,2025-07-28,SKU-019,212,Completed,38073.08
ORD-02382,CLI-0029,2025-07-29,SKU-H01,377,Completed,6020.6900000000005
ORD-02383,CLI-0073,2025-07-29,SKU-012,103,Completed,4184.89
ORD-02384,CLI-0064,2025-07-29,SKU-013,122,Completed,22770.079999999998
ORD-02385,CLI-0043,2025-07-29,SKU-018,431,Completed,19588.95
ORD-02386,CLI-0010,2025-07-29,SKU-H01,171,Completed,2730.87
ORD-02387,CLI-0045,2025-07-29,SKU-016,213,Completed,37398.54
ORD-02388,CLI-0022,2025-07-29,SKU-005,375,Completed,68415.0
ORD-02389,CLI-0012,2025-07-29,SKU-009,470,Completed,25130.899999999998
ORD-02390,CLI-0091,2025-07-29,SKU-009,393,Completed,21013.71
ORD-02391,CLI-0082,2025-07-29,SKU-014,423,Completed,69177.42
ORD-02392,CLI-0043,2025-07-29,SKU-H01,278,Completed,4439.66
ORD-02393,CLI-0002,2025-07-29,SKU-012,185,Completed,7516.55
ORD-02394,CLI-0027,2025-07-29,SKU-005,177,Completed,32291.88
ORD-02395,CLI-0089,2025-07-29,SKU-014,84,Completed,13737.359999999999
ORD-02396,CLI-0045,2025-07-29,SKU-Z99,181,Completed,90500.0
ORD-02397,CLI-0014,2025-07-29,SKU-H01,418,Completed,6675.46
ORD-02398,CLI-0001,2025-07-29,SKU-Z99,74,Completed,37000.0
ORD-02399,CLI-0050,2025-07-29,SKU-H01,274,Completed,4375.78
ORD-02400,CLI-0094,2025-07-29,SKU-H01,264,Completed,4216.08
ORD-02401,CLI-0022,2025-07-29,SKU-H01,261,Completed,4168.17
ORD-02402,CLI-0064,2025-07-29,SKU-H01,243,Completed,3880.71
ORD-02403,CLI-0045,2025-07-29,SKU-009,329,Completed,17591.63
ORD-02404,CLI-0049,2025-07-29,SKU-H01,101,Completed,1612.97
ORD-02405,CLI-0062,2025-07-29,SKU-H01,453,Completed,7234.41
ORD-02406,CLI-0074,2025-07-29,SKU-018,383,Completed,17407.350000000002
ORD-02407,CLI-0098,2025-07-29,SKU-014,401,Completed,65579.54
ORD-02408,CLI-0029,2025-07-29,SKU-014,133,Completed,21750.82
ORD-02409,CLI-0058,2025-07-29,SKU-016,87,Completed,15275.460000000001
ORD-02410,CLI-0005,2025-07-29,SKU-011,200,Completed,13010.0
ORD-02411,CLI-0041,2025-07-30,SKU-H01,183,Completed,2922.51
ORD-02412,CLI-0014,2025-07-30,SKU-H01,87,Completed,1389.39
ORD-02413,CLI-0044,2025-07-30,SKU-011,137,Completed,8911.85
ORD-02414,CLI-0049,2025-07-30,SKU-H01,132,Completed,2108.04
ORD-02415,CLI-0094,2025-07-30,SKU-010,88,Completed,2167.44
ORD-02416,CLI-0071,2025-07-30,SKU-H01,97,Completed,1549.0900000000001
ORD-02417,CLI-0044,2025-07-30,SKU-H01,354,Completed,5653.38
ORD-02418,CLI-0079,2025-07-30,SKU-006,297,Completed,17038.89
ORD-02419,CLI-0091,2025-07-30,SKU-009,65,Completed,3475.5499999999997
ORD-02420,CLI-0056,2025-07-30,SKU-007,384,Completed,33780.479999999996
ORD-02421,CLI-0078,2025-07-31,SKU-011,272,Completed,17693.6
ORD-02422,CLI-0021,2025-07-31,SKU-H01,77,Completed,1229.69
ORD-02423,CLI-0013,2025-07-31,SKU-H01,219,Completed,3497.4300000000003
ORD-02424,CLI-0027,2025-07-31,SKU-016,147,Completed,25810.260000000002
ORD-02425,CLI-0053,2025-07-31,SKU-010,406,Completed,9999.779999999999
ORD-02426,CLI-0071,2025-07-31,SKU-H01,419,Completed,6691.43
ORD-02427,CLI-0094,2025-07-31,SKU-015,326,Completed,42494.1
ORD-02428,CLI-0034,2025-07-31,SKU-H01,388,Completed,6196.360000000001
ORD-02429,CLI-0037,2025-07-31,SKU-004,202,Completed,21539.26
ORD-02430,CLI-0031,2025-07-31,SKU-H01,99,Completed,1581.03
ORD-02431,CLI-0007,2025-07-31,SKU-011,251,Completed,16327.55
ORD-02432,CLI-0074,2025-07-31,SKU-010,331,Completed,8152.53
ORD-02433,CLI-0063,2025-07-31,SKU-H01,128,Completed,2044.16
ORD-02434,CLI-0007,2025-07-31,SKU-016,234,Completed,41085.72
ORD-02435,CLI-0001,2025-07-31,SKU-002,268,Completed,35086.56
ORD-02436,CLI-0038,2025-08-01,SKU-H01,471,Completed,7521.87
ORD-02437,CLI-0085,2025-08-01,SKU-H01,370,Completed,5908.900000000001
ORD-02438,CLI-0077,2025-08-01,SKU-H01,295,Completed,4711.150000000001
ORD-02439,CLI-0026,2025-08-01,SKU-H01,99,Completed,1581.03
ORD-02440,CLI-0004,2025-08-01,SKU-007,155,Completed,13635.35
ORD-02441,CLI-0022,2025-08-01,SKU-015,376,Completed,49011.6
ORD-02442,CLI-0038,2025-08-01,SKU-006,91,Completed,5220.67
ORD-02443,CLI-0061,2025-08-01,SKU-H01,482,Completed,7697.54
ORD-02444,CLI-0015,2025-08-01,SKU-H01,207,Completed,3305.79
ORD-02445,CLI-0051,2025-08-01,SKU-H01,291,Completed,4647.27
ORD-02446,CLI-0063,2025-08-01,SKU-002,388,Completed,50796.95999999999
ORD-02447,CLI-0034,2025-08-01,SKU-012,96,Completed,3900.4800000000005
ORD-02448,CLI-0070,2025-08-02,SKU-H01,248,Completed,3960.56
ORD-02449,CLI-0024,2025-08-02,SKU-011,239,Completed,15546.949999999999
ORD-02450,CLI-0049,2025-08-02,SKU-016,239,Completed,41963.62
ORD-02451,CLI-0024,2025-08-02,SKU-003,278,Completed,19384.940000000002
ORD-02452,CLI-0006,2025-08-02,SKU-014,184,Completed,30091.359999999997
ORD-02453,CLI-0057,2025-08-02,SKU-006,288,Completed,16522.559999999998
ORD-02454,CLI-0034,2025-08-02,SKU-009,165,Completed,8822.55
ORD-02455,CLI-0035,2025-08-02,SKU-005,338,Completed,61664.72
ORD-02456,CLI-0008,2025-08-02,SKU-003,127,Completed,8855.710000000001
ORD-02457,CLI-0097,2025-08-02,SKU-H01,406,Completed,6483.820000000001
ORD-02458,CLI-0086,2025-08-02,SKU-H01,99,Completed,1581.03
ORD-02459,CLI-0011,2025-08-02,SKU-H01,392,Completed,6260.240000000001
ORD-02460,CLI-0045,2025-08-02,SKU-006,463,Completed,26562.309999999998
ORD-02461,CLI-0070,2025-08-02,SKU-H01,261,Completed,4168.17
ORD-02462,CLI-0097,2025-08-02,SKU-017,351,Completed,57107.7
ORD-02463,CLI-0030,2025-08-02,SKU-011,333,Completed,21661.649999999998
ORD-02464,CLI-0008,2025-08-02,SKU-002,480,Completed,62841.59999999999
ORD-02465,CLI-0050,2025-08-02,SKU-H01,469,Completed,7489.93
ORD-02466,CLI-0067,2025-08-02,SKU-016,264,Completed,46353.12
ORD-02467,CLI-0069,2025-08-02,SKU-014,401,Completed,65579.54
ORD-02468,CLI-0061,2025-08-02,SKU-011,343,Completed,22312.149999999998
ORD-02469,CLI-0031,2025-08-02,SKU-H01,293,Completed,4679.21
ORD-02470,CLI-0039,2025-08-02,SKU-002,90,Completed,11782.8
ORD-02471,CLI-0051,2025-08-02,SKU-H01,487,Completed,7777.39
ORD-02472,CLI-0092,2025-08-02,SKU-H01,67,Completed,1069.99
ORD-02473,CLI-0065,2025-08-02,SKU-013,342,Completed,63830.88
ORD-02474,CLI-0067,2025-08-02,SKU-011,459,Completed,29857.949999999997
ORD-02475,CLI-0074,2025-08-02,SKU-007,396,Completed,34836.12
ORD-02476,CLI-0080,2025-08-02,SKU-017,125,Completed,20337.5
ORD-02477,CLI-0016,2025-08-02,SKU-007,437,Completed,38442.89
ORD-02478,CLI-0023,2025-08-03,SKU-004,135,Completed,14395.05
ORD-02479,CLI-0028,2025-08-03,SKU-H01,463,Completed,7394.110000000001
ORD-02480,CLI-0025,2025-08-03,SKU-018,114,Completed,5181.3
ORD-02481,CLI-0006,2025-08-03,SKU-H01,266,Completed,4248.02
ORD-02482,CLI-0011,2025-08-03,SKU-018,399,Completed,18134.550000000003
ORD-02483,CLI-0056,2025-08-03,SKU-015,153,Completed,19943.55
ORD-02484,CLI-0081,2025-08-03,SKU-H01,125,Completed,1996.25
ORD-02485,CLI-0077,2025-08-03,SKU-007,182,Completed,16010.539999999999
ORD-02486,CLI-0041,2025-08-03,SKU-016,422,Completed,74094.76000000001
ORD-02487,CLI-0009,2025-08-03,SKU-007,94,Completed,8269.18
ORD-02488,CLI-0050,2025-08-03,SKU-017,334,Completed,54341.799999999996
ORD-02489,CLI-0051,2025-08-03,SKU-018,332,Completed,15089.400000000001
ORD-02490,CLI-0042,2025-08-03,SKU-002,488,Completed,63888.95999999999
ORD-02491,CLI-0036,2025-08-03,SKU-H01,316,Completed,5046.52
ORD-02492,CLI-0059,2025-08-03,SKU-018,497,Completed,22588.65
ORD-02493,CLI-0002,2025-08-03,SKU-010,452,Completed,11132.76
ORD-02494,CLI-0090,2025-08-03,SKU-H01,369,Completed,5892.93
ORD-02495,CLI-0076,2025-08-03,SKU-H01,317,Completed,5062.49
ORD-02496,CLI-0054,2025-08-03,SKU-007,107,Completed,9412.789999999999
ORD-02497,CLI-0054,2025-08-03,SKU-018,126,Completed,5726.700000000001
ORD-02498,CLI-0019,2025-08-03,SKU-015,340,Completed,44319.0
ORD-02499,CLI-0076,2025-08-03,SKU-010,348,Completed,8571.24
ORD-02500,CLI-0098,2025-08-03,SKU-H01,101,Completed,1612.97
ORD-02501,CLI-0014,2025-08-03,SKU-H01,338,Completed,5397.860000000001
ORD-02502,CLI-0037,2025-08-04,SKU-016,494,Completed,86736.52
ORD-02503,CLI-0069,2025-08-04,SKU-H01,500,Completed,7985.0
ORD-02504,CLI-0045,2025-08-04,SKU-H01,499,Completed,7969.030000000001
ORD-02505,CLI-0053,2025-08-04,SKU-H01,185,Completed,2954.4500000000003
ORD-02506,CLI-0050,2025-08-04,SKU-010,385,Completed,9482.55
ORD-02507,CLI-0063,2025-08-04,SKU-018,342,Completed,15543.900000000001
ORD-02508,CLI-0078,2025-08-04,SKU-H01,292,Completed,4663.24
ORD-02509,CLI-0005,2025-08-04,SKU-004,138,Completed,14714.939999999999
ORD-02510,CLI-0036,2025-08-04,SKU-009,256,Completed,13688.32
ORD-02511,CLI-0019,2025-08-04,SKU-Z99,366,Completed,183000.0
ORD-02512,CLI-0078,2025-08-04,SKU-H01,398,Completed,6356.06
ORD-02513,CLI-0089,2025-08-04,SKU-005,255,Completed,46522.2
ORD-02514,CLI-0005,2025-08-04,SKU-H01,252,Completed,4024.44
ORD-02515,CLI-0089,2025-08-05,SKU-016,171,Completed,30024.180000000004
ORD-02516,CLI-0007,2025-08-05,SKU-004,431,Completed,45957.53
ORD-02517,CLI-0061,2025-08-05,SKU-H01,187,Completed,2986.3900000000003
ORD-02518,CLI-0048,2025-08-05,SKU-009,60,Completed,3208.2
ORD-02519,CLI-0044,2025-08-05,SKU-013,468,Completed,87347.51999999999
ORD-02520,CLI-0039,2025-08-05,SKU-H01,209,Completed,3337.73
ORD-02521,CLI-0036,2025-08-05,SKU-016,481,Completed,84453.98000000001
ORD-02522,CLI-0063,2025-08-05,SKU-H01,489,Completed,7809.33
ORD-02523,CLI-0090,2025-08-05,SKU-006,400,Completed,22948.0
ORD-02524,CLI-0013,2025-08-05,SKU-002,494,Completed,64674.479999999996
ORD-02525,CLI-0030,2025-08-05,SKU-011,118,Completed,7675.9
ORD-02526,CLI-0039,2025-08-05,SKU-H01,430,Completed,6867.1
ORD-02527,CLI-0057,2025-08-05,SKU-016,446,Completed,78308.68000000001
ORD-02528,CLI-0042,2025-08-05,SKU-012,187,Completed,7597.81
ORD-02529,CLI-0094,2025-08-05,SKU-009,263,Completed,14062.61
ORD-02530,CLI-0078,2025-08-05,SKU-014,380,Completed,62145.2
ORD-02531,CLI-0012,2025-08-05,SKU-012,146,Completed,5931.9800000000005
ORD-02532,CLI-0057,2025-08-05,SKU-H01,158,Completed,2523.26
ORD-02533,CLI-0053,2025-08-05,SKU-H01,429,Completed,6851.13
ORD-02534,CLI-0063,2025-08-05,SKU-018,438,Completed,19907.100000000002
ORD-02535,CLI-0048,2025-08-06,SKU-H01,470,Completed,7505.900000000001
ORD-02536,CLI-0008,2025-08-06,SKU-012,313,Completed,12717.19
ORD-02537,CLI-0021,2025-08-06,SKU-019,83,Completed,14905.970000000001
ORD-02538,CLI-0040,2025-08-06,SKU-H01,413,Completed,6595.610000000001
ORD-02539,CLI-0065,2025-08-06,SKU-010,256,Completed,6305.28
ORD-02540,CLI-0018,2025-08-06,SKU-004,449,Completed,47876.869999999995
ORD-02541,CLI-0068,2025-08-06,SKU-007,500,Completed,43985.0
ORD-02542,CLI-0073,2025-08-06,SKU-H01,64,Completed,1022.08
ORD-02543,CLI-0023,2025-08-06,SKU-H01,148,Completed,2363.56
ORD-02544,CLI-0026,2025-08-06,SKU-010,478,Completed,11773.14
ORD-02545,CLI-0008,2025-08-06,SKU-014,177,Completed,28946.579999999998
ORD-02546,CLI-0005,2025-08-06,SKU-013,283,Completed,52819.119999999995
ORD-02547,CLI-0007,2025-08-06,SKU-006,234,Completed,13424.58
ORD-02548,CLI-0091,2025-08-06,SKU-H01,151,Completed,2411.4700000000003
ORD-02549,CLI-0036,2025-08-06,SKU-010,238,Completed,5861.94
ORD-02550,CLI-0060,2025-08-06,SKU-H01,308,Completed,4918.76
ORD-02551,CLI-0051,2025-08-06,SKU-017,375,Completed,61012.49999999999
ORD-02552,CLI-0016,2025-08-06,SKU-015,398,Completed,51879.299999999996
ORD-02553,CLI-0004,2025-08-06,SKU-011,173,Completed,11253.65
ORD-02554,CLI-0048,2025-08-06,SKU-018,300,Completed,13635.0
ORD-02555,CLI-0077,2025-08-06,SKU-H01,278,Completed,4439.66
ORD-02556,CLI-0023,2025-08-06,SKU-012,495,Completed,20111.850000000002
ORD-02557,CLI-0061,2025-08-06,SKU-H01,350,Completed,5589.5
ORD-02558,CLI-0071,2025-08-06,SKU-017,229,Completed,37258.299999999996
ORD-02559,CLI-0045,2025-08-06,SKU-H01,133,Completed,2124.01
ORD-02560,CLI-0034,2025-08-06,SKU-011,433,Completed,28166.649999999998
ORD-02561,CLI-0037,2025-08-07,SKU-016,64,Completed,11237.12
ORD-02562,CLI-0050,2025-08-07,SKU-H01,75,Completed,1197.75
ORD-02563,CLI-0021,2025-08-07,SKU-H01,487,Completed,7777.39
ORD-02564,CLI-0074,2025-08-07,SKU-013,449,Completed,83801.36
ORD-02565,CLI-0028,2025-08-07,SKU-003,488,Completed,34028.240000000005
ORD-02566,CLI-0029,2025-08-07,SKU-H01,381,Completed,6084.570000000001
ORD-02567,CLI-0029,2025-08-07,SKU-H01,396,Completed,6324.12
ORD-02568,CLI-0027,2025-08-07,SKU-H01,187,Completed,2986.3900000000003
ORD-02569,CLI-0084,2025-08-07,SKU-015,259,Completed,33760.65
ORD-02570,CLI-0066,2025-08-07,SKU-007,60,Completed,5278.2
ORD-02571,CLI-0100,2025-08-07,SKU-H01,442,Completed,7058.740000000001
ORD-02572,CLI-0088,2025-08-07,SKU-H01,54,Completed,862.38
ORD-02573,CLI-0017,2025-08-08,SKU-H01,381,Completed,6084.570000000001
ORD-02574,CLI-0023,2025-08-08,SKU-H01,357,Completed,5701.29
ORD-02575,CLI-0002,2025-08-08,SKU-003,164,Completed,11435.720000000001
ORD-02576,CLI-0033,2025-08-08,SKU-H01,361,Completed,5765.17
ORD-02577,CLI-0040,2025-08-08,SKU-H01,414,Completed,6611.58
ORD-02578,CLI-0091,2025-08-08,SKU-012,379,Completed,15398.77
ORD-02579,CLI-0036,2025-08-08,SKU-H01,266,Completed,4248.02
ORD-02580,CLI-0049,2025-08-08,SKU-009,486,Completed,25986.42
ORD-02581,CLI-0045,2025-08-08,SKU-007,285,Completed,25071.45
ORD-02582,CLI-0033,2025-08-08,SKU-007,161,Completed,14163.17
ORD-02583,CLI-0060,2025-08-08,SKU-010,204,Completed,5024.5199999999995
ORD-02584,CLI-0087,2025-08-08,SKU-006,316,Completed,18128.92
ORD-02585,CLI-0080,2025-08-08,SKU-016,253,Completed,44421.740000000005
ORD-02586,CLI-0075,2025-08-08,SKU-010,102,Completed,2512.2599999999998
ORD-02587,CLI-0001,2025-08-08,SKU-006,311,Completed,17842.07
ORD-02588,CLI-0085,2025-08-08,SKU-015,481,Completed,62698.35
ORD-02589,CLI-0048,2025-08-08,SKU-008,337,Completed,51746.350000000006
ORD-02590,CLI-0083,2025-08-08,SKU-H01,354,Completed,5653.38
ORD-02591,CLI-0078,2025-08-08,SKU-H01,194,Completed,3098.1800000000003
ORD-02592,CLI-0039,2025-08-08,SKU-H01,400,Completed,6388.0
ORD-02593,CLI-0014,2025-08-08,SKU-017,296,Completed,48159.2
ORD-02594,CLI-0009,2025-08-08,SKU-011,222,Completed,14441.099999999999
ORD-02595,CLI-0036,2025-08-08,SKU-018,377,Completed,17134.65
ORD-02596,CLI-0042,2025-08-08,SKU-008,491,Completed,75393.05
ORD-02597,CLI-0036,2025-08-08,SKU-004,183,Completed,19513.29
ORD-02598,CLI-0092,2025-08-09,SKU-H01,383,Completed,6116.51
ORD-02599,CLI-0039,2025-08-09,SKU-010,146,Completed,3595.98
ORD-02600,CLI-0020,2025-08-09,SKU-007,314,Completed,27622.579999999998
ORD-02601,CLI-0098,2025-08-09,SKU-Z99,173,Completed,86500.0
ORD-02602,CLI-0008,2025-08-09,SKU-H01,462,Completed,7378.14
ORD-02603,CLI-0077,2025-08-09,SKU-005,256,Completed,46704.64
ORD-02604,CLI-0085,2025-08-09,SKU-009,213,Completed,11389.11
ORD-02605,CLI-0088,2025-08-09,SKU-009,121,Completed,6469.87
ORD-02606,CLI-0093,2025-08-09,SKU-006,63,Completed,3614.31
ORD-02607,CLI-0084,2025-08-09,SKU-013,304,Completed,56738.56
ORD-02608,CLI-0038,2025-08-09,SKU-H01,182,Completed,2906.54
ORD-02609,CLI-0054,2025-08-09,SKU-011,257,Completed,16717.85
ORD-02610,CLI-0050,2025-08-09,SKU-008,427,Completed,65565.85
ORD-02611,CLI-0005,2025-08-09,SKU-017,348,Completed,56619.6
ORD-02612,CLI-0091,2025-08-09,SKU-015,342,Completed,44579.7
ORD-02613,CLI-0025,2025-08-09,SKU-H01,225,Completed,3593.25
ORD-02614,CLI-0093,2025-08-09,SKU-H01,415,Completed,6627.55
ORD-02615,CLI-0029,2025-08-09,SKU-019,401,Completed,72015.59
ORD-02616,CLI-0069,2025-08-09,SKU-005,376,Completed,68597.44
ORD-02617,CLI-0061,2025-08-09,SKU-017,393,Completed,63941.1
ORD-02618,CLI-0046,2025-08-09,SKU-H01,309,Completed,4934.7300000000005
ORD-02619,CLI-0039,2025-08-09,SKU-009,482,Completed,25772.54
ORD-02620,CLI-0022,2025-08-09,SKU-014,480,Completed,78499.2
ORD-02621,CLI-0085,2025-08-09,SKU-018,498,Completed,22634.100000000002
ORD-02622,CLI-0072,2025-08-09,SKU-H01,142,Completed,2267.7400000000002
ORD-02623,CLI-0038,2025-08-09,SKU-011,99,Completed,6439.95
ORD-02624,CLI-0061,2025-08-09,SKU-006,115,Completed,6597.549999999999
ORD-02625,CLI-0095,2025-08-09,SKU-H01,182,Completed,2906.54
ORD-02626,CLI-0093,2025-08-09,SKU-010,463,Completed,11403.689999999999
ORD-02627,CLI-0072,2025-08-09,SKU-010,440,Completed,10837.199999999999
ORD-02628,CLI-0088,2025-08-10,SKU-018,221,Completed,10044.45
ORD-02629,CLI-0084,2025-08-10,SKU-004,95,Completed,10129.85
ORD-02630,CLI-0029,2025-08-10,SKU-H01,231,Completed,3689.07
ORD-02631,CLI-0029,2025-08-10,SKU-H01,431,Completed,6883.070000000001
ORD-02632,CLI-0040,2025-08-10,SKU-002,265,Completed,34693.799999999996
ORD-02633,CLI-0043,2025-08-10,SKU-H01,240,Completed,3832.8
ORD-02634,CLI-0034,2025-08-10,SKU-013,349,Completed,65137.35999999999
ORD-02635,CLI-0038,2025-08-10,SKU-H01,287,Completed,4583.39
ORD-02636,CLI-0016,2025-08-10,SKU-018,290,Completed,13180.5
ORD-02637,CLI-0007,2025-08-10,SKU-019,493,Completed,88537.87
ORD-02638,CLI-0082,2025-08-10,SKU-008,348,Completed,53435.4
ORD-02639,CLI-0075,2025-08-10,SKU-018,367,Completed,16680.15
ORD-02640,CLI-0010,2025-08-10,SKU-013,291,Completed,54312.24
ORD-02641,CLI-0025,2025-08-10,SKU-006,306,Completed,17555.219999999998
ORD-02642,CLI-0016,2025-08-10,SKU-H01,494,Completed,7889.18
ORD-02643,CLI-0068,2025-08-11,SKU-003,202,Completed,14085.460000000001
ORD-02644,CLI-0053,2025-08-11,SKU-006,77,Completed,4417.49
ORD-02645,CLI-0020,2025-08-11,SKU-016,120,Completed,21069.600000000002
ORD-02646,CLI-0026,2025-08-11,SKU-004,225,Completed,23991.75
ORD-02647,CLI-0053,2025-08-11,SKU-017,341,Completed,55480.7
ORD-02648,CLI-0059,2025-08-11,SKU-010,123,Completed,3029.49
ORD-02649,CLI-0041,2025-08-11,SKU-H01,491,Completed,7841.27
ORD-02650,CLI-0092,2025-08-11,SKU-Z99,142,Completed,71000.0
ORD-02651,CLI-0100,2025-08-11,SKU-005,91,Completed,16602.04
ORD-02652,CLI-0063,2025-08-11,SKU-H01,220,Completed,3513.4
ORD-02653,CLI-0081,2025-08-11,SKU-009,140,Completed,7485.8
ORD-02654,CLI-0041,2025-08-11,SKU-H01,374,Completed,5972.780000000001
ORD-02655,CLI-0008,2025-08-11,SKU-009,52,Completed,2780.44
ORD-02656,CLI-0058,2025-08-11,SKU-004,190,Completed,20259.7
ORD-02657,CLI-0027,2025-08-11,SKU-002,439,Completed,57473.88
ORD-02658,CLI-0100,2025-08-11,SKU-018,136,Completed,6181.200000000001
ORD-02659,CLI-0074,2025-08-11,SKU-005,441,Completed,80456.04
ORD-02660,CLI-0021,2025-08-11,SKU-H01,300,Completed,4791.0
ORD-02661,CLI-0098,2025-08-11,SKU-003,449,Completed,31308.77
ORD-02662,CLI-0012,2025-08-11,SKU-017,116,Completed,18873.199999999997
ORD-02663,CLI-0079,2025-08-11,SKU-H01,272,Completed,4343.84
ORD-02664,CLI-0082,2025-08-11,SKU-H01,269,Completed,4295.93
ORD-02665,CLI-0055,2025-08-12,SKU-H01,294,Completed,4695.18
ORD-02666,CLI-0050,2025-08-12,SKU-H01,52,Completed,830.44
ORD-02667,CLI-0005,2025-08-12,SKU-015,323,Completed,42103.049999999996
ORD-02668,CLI-0026,2025-08-12,SKU-012,424,Completed,17227.120000000003
ORD-02669,CLI-0048,2025-08-12,SKU-H01,57,Completed,910.2900000000001
ORD-02670,CLI-0042,2025-08-12,SKU-011,437,Completed,28426.85
ORD-02671,CLI-0068,2025-08-12,SKU-H01,147,Completed,2347.59
ORD-02672,CLI-0003,2025-08-12,SKU-018,396,Completed,17998.2
ORD-02673,CLI-0001,2025-08-12,SKU-019,370,Completed,66448.3
ORD-02674,CLI-0094,2025-08-12,SKU-H01,177,Completed,2826.69
ORD-02675,CLI-0029,2025-08-12,SKU-015,405,Completed,52791.75
ORD-02676,CLI-0045,2025-08-12,SKU-013,209,Completed,39007.759999999995
ORD-02677,CLI-0017,2025-08-12,SKU-H01,102,Completed,1628.94
ORD-02678,CLI-0050,2025-08-12,SKU-H01,307,Completed,4902.79
ORD-02679,CLI-0076,2025-08-12,SKU-003,206,Completed,14364.380000000001
ORD-02680,CLI-0022,2025-08-12,SKU-013,83,Completed,15491.119999999999
ORD-02681,CLI-0006,2025-08-12,SKU-019,202,Completed,36277.18
ORD-02682,CLI-0038,2025-08-12,SKU-013,283,Completed,52819.119999999995
ORD-02683,CLI-0094,2025-08-12,SKU-015,316,Completed,41190.6
ORD-02684,CLI-0077,2025-08-12,SKU-008,318,Completed,48828.9
ORD-02685,CLI-0044,2025-08-12,SKU-015,272,Completed,35455.2
ORD-02686,CLI-0088,2025-08-12,SKU-013,118,Completed,22023.519999999997
ORD-02687,CLI-0063,2025-08-13,SKU-H01,233,Completed,3721.01
ORD-02688,CLI-0097,2025-08-13,SKU-006,146,Completed,8376.02
ORD-02689,CLI-0022,2025-08-13,SKU-014,465,Completed,76046.09999999999
ORD-02690,CLI-0052,2025-08-13,SKU-H01,59,Completed,942.23
ORD-02691,CLI-0030,2025-08-13,SKU-014,164,Completed,26820.559999999998
ORD-02692,CLI-0094,2025-08-13,SKU-H01,117,Completed,1868.49
ORD-02693,CLI-0028,2025-08-13,SKU-005,425,Completed,77537.0
ORD-02694,CLI-0003,2025-08-13,SKU-014,351,Completed,57402.53999999999
ORD-02695,CLI-0065,2025-08-13,SKU-H01,136,Completed,2171.92
ORD-02696,CLI-0016,2025-08-13,SKU-H01,237,Completed,3784.8900000000003
ORD-02697,CLI-0092,2025-08-13,SKU-002,383,Completed,50142.35999999999
ORD-02698,CLI-0005,2025-08-13,SKU-017,242,Completed,39373.399999999994
ORD-02699,CLI-0082,2025-08-13,SKU-H01,180,Completed,2874.6
ORD-02700,CLI-0099,2025-08-13,SKU-017,323,Completed,52552.1
ORD-02701,CLI-0080,2025-08-13,SKU-H01,74,Completed,1181.78
ORD-02702,CLI-0077,2025-08-13,SKU-Z99,74,Completed,37000.0
ORD-02703,CLI-0085,2025-08-13,SKU-018,105,Completed,4772.25
ORD-02704,CLI-0084,2025-08-13,SKU-004,478,Completed,50969.14
ORD-02705,CLI-0003,2025-08-13,SKU-005,74,Completed,13500.56
ORD-02706,CLI-0089,2025-08-13,SKU-004,109,Completed,11622.67
ORD-02707,CLI-0057,2025-08-14,SKU-009,244,Completed,13046.68
ORD-02708,CLI-0016,2025-08-14,SKU-H01,330,Completed,5270.1
ORD-02709,CLI-0033,2025-08-14,SKU-H01,292,Completed,4663.24
ORD-02710,CLI-0090,2025-08-14,SKU-H01,128,Completed,2044.16
ORD-02711,CLI-0027,2025-08-14,SKU-003,405,Completed,28240.65
ORD-02712,CLI-0088,2025-08-14,SKU-H01,372,Completed,5940.84
ORD-02713,CLI-0002,2025-08-14,SKU-008,204,Completed,31324.2
ORD-02714,CLI-0054,2025-08-14,SKU-Z99,388,Completed,194000.0
ORD-02715,CLI-0013,2025-08-14,SKU-H01,389,Completed,6212.33
ORD-02716,CLI-0067,2025-08-14,SKU-007,188,Completed,16538.36
ORD-02717,CLI-0080,2025-08-14,SKU-002,360,Completed,47131.2
ORD-02718,CLI-0090,2025-08-14,SKU-015,120,Completed,15642.0
ORD-02719,CLI-0054,2025-08-14,SKU-017,475,Completed,77282.5
ORD-02720,CLI-0014,2025-08-14,SKU-016,311,Completed,54605.380000000005
ORD-02721,CLI-0093,2025-08-14,SKU-019,366,Completed,65729.94
ORD-02722,CLI-0016,2025-08-14,SKU-H01,194,Completed,3098.1800000000003
ORD-02723,CLI-0015,2025-08-14,SKU-015,451,Completed,58787.85
ORD-02724,CLI-0014,2025-08-14,SKU-012,304,Completed,12351.52
ORD-02725,CLI-0026,2025-08-14,SKU-H01,361,Completed,5765.17
ORD-02726,CLI-0026,2025-08-14,SKU-018,448,Completed,20361.600000000002
ORD-02727,CLI-0034,2025-08-14,SKU-H01,475,Completed,7585.75
ORD-02728,CLI-0067,2025-08-14,SKU-010,153,Completed,3768.39
ORD-02729,CLI-0046,2025-08-14,SKU-H01,410,Completed,6547.7
ORD-02730,CLI-0038,2025-08-15,SKU-002,132,Completed,17281.44
ORD-02731,CLI-0006,2025-08-15,SKU-011,330,Completed,21466.5
ORD-02732,CLI-0064,2025-08-15,SKU-006,156,Completed,8949.72
ORD-02733,CLI-0089,2025-08-15,SKU-002,296,Completed,38752.32
ORD-02734,CLI-0043,2025-08-15,SKU-H01,170,Completed,2714.9
ORD-02735,CLI-0001,2025-08-15,SKU-015,56,Completed,7299.599999999999
ORD-02736,CLI-0086,2025-08-15,SKU-H01,95,Completed,1517.15
ORD-02737,CLI-0015,2025-08-15,SKU-002,477,Completed,62448.84
ORD-02738,CLI-0074,2025-08-15,SKU-017,392,Completed,63778.399999999994
ORD-02739,CLI-0064,2025-08-15,SKU-015,126,Completed,16424.1
ORD-02740,CLI-0012,2025-08-15,SKU-002,449,Completed,58783.079999999994
ORD-02741,CLI-0066,2025-08-15,SKU-013,88,Completed,16424.32
ORD-02742,CLI-0093,2025-08-15,SKU-014,420,Completed,68686.8
ORD-02743,CLI-0013,2025-08-15,SKU-016,181,Completed,31779.980000000003
ORD-02744,CLI-0083,2025-08-15,SKU-006,168,Completed,9638.16
ORD-02745,CLI-0059,2025-08-15,SKU-H01,201,Completed,3209.9700000000003
ORD-02746,CLI-0034,2025-08-15,SKU-H01,287,Completed,4583.39
ORD-02747,CLI-0007,2025-08-15,SKU-H01,101,Completed,1612.97
ORD-02748,CLI-0023,2025-08-15,SKU-007,497,Completed,43721.09
ORD-02749,CLI-0006,2025-08-15,SKU-H01,486,Completed,7761.42
ORD-02750,CLI-0038,2025-08-15,SKU-009,234,Completed,12511.98
ORD-02751,CLI-0087,2025-08-15,SKU-H01,210,Completed,3353.7000000000003
ORD-02752,CLI-0055,2025-08-15,SKU-H01,428,Completed,6835.16
ORD-02753,CLI-0013,2025-08-16,SKU-016,485,Completed,85156.3
ORD-02754,CLI-0098,2025-08-16,SKU-003,73,Completed,5090.29
ORD-02755,CLI-0002,2025-08-16,SKU-H01,486,Completed,7761.42
ORD-02756,CLI-0018,2025-08-16,SKU-015,389,Completed,50706.149999999994
ORD-02757,CLI-0083,2025-08-16,SKU-H01,137,Completed,2187.89
ORD-02758,CLI-0043,2025-08-16,SKU-011,233,Completed,15156.65
ORD-02759,CLI-0057,2025-08-16,SKU-013,368,Completed,68683.51999999999
ORD-02760,CLI-0035,2025-08-16,SKU-H01,499,Completed,7969.030000000001
ORD-02761,CLI-0094,2025-08-16,SKU-014,97,Completed,15863.38
ORD-02762,CLI-0048,2025-08-16,SKU-005,467,Completed,85199.48
ORD-02763,CLI-0044,2025-08-16,SKU-003,143,Completed,9971.390000000001
ORD-02764,CLI-0015,2025-08-16,SKU-H01,255,Completed,4072.3500000000004
ORD-02765,CLI-0052,2025-08-16,SKU-H01,283,Completed,4519.51
ORD-02766,CLI-0050,2025-08-17,SKU-018,403,Completed,18316.350000000002
ORD-02767,CLI-0062,2025-08-17,SKU-H01,459,Completed,7330.2300000000005
ORD-02768,CLI-0054,2025-08-17,SKU-006,382,Completed,21915.34
ORD-02769,CLI-0022,2025-08-17,SKU-006,107,Completed,6138.59
ORD-02770,CLI-0017,2025-08-17,SKU-007,406,Completed,35715.82
ORD-02771,CLI-0093,2025-08-17,SKU-H01,80,Completed,1277.6000000000001
ORD-02772,CLI-0021,2025-08-17,SKU-H01,103,Completed,1644.91
ORD-02773,CLI-0054,2025-08-17,SKU-011,352,Completed,22897.6
ORD-02774,CLI-0062,2025-08-17,SKU-H01,460,Completed,7346.200000000001
ORD-02775,CLI-0073,2025-08-17,SKU-H01,397,Completed,6340.09
ORD-02776,CLI-0057,2025-08-17,SKU-H01,142,Completed,2267.7400000000002
ORD-02777,CLI-0079,2025-08-17,SKU-003,244,Completed,17014.120000000003
ORD-02778,CLI-0100,2025-08-17,SKU-016,233,Completed,40910.14
ORD-02779,CLI-0079,2025-08-17,SKU-H01,64,Completed,1022.08
ORD-02780,CLI-0088,2025-08-17,SKU-H01,500,Completed,7985.0
ORD-02781,CLI-0094,2025-08-17,SKU-H01,116,Completed,1852.52
ORD-02782,CLI-0062,2025-08-17,SKU-012,299,Completed,12148.37
ORD-02783,CLI-0015,2025-08-17,SKU-009,260,Completed,13902.199999999999
ORD-02784,CLI-0006,2025-08-18,SKU-002,82,Completed,10735.439999999999
ORD-02785,CLI-0034,2025-08-18,SKU-012,385,Completed,15642.550000000001
ORD-02786,CLI-0041,2025-08-18,SKU-008,56,Completed,8598.800000000001
ORD-02787,CLI-0091,2025-08-18,SKU-017,494,Completed,80373.79999999999
ORD-02788,CLI-0087,2025-08-18,SKU-014,318,Completed,52005.719999999994
ORD-02789,CLI-0099,2025-08-18,SKU-H01,430,Completed,6867.1
ORD-02790,CLI-0074,2025-08-18,SKU-H01,420,Completed,6707.400000000001
ORD-02791,CLI-0073,2025-08-18,SKU-H01,164,Completed,2619.08
ORD-02792,CLI-0086,2025-08-18,SKU-H01,497,Completed,7937.09
ORD-02793,CLI-0044,2025-08-18,SKU-Z99,315,Completed,157500.0
ORD-02794,CLI-0067,2025-08-18,SKU-002,402,Completed,52629.84
ORD-02795,CLI-0090,2025-08-18,SKU-H01,366,Completed,5845.02
ORD-02796,CLI-0013,2025-08-18,SKU-013,271,Completed,50579.439999999995
ORD-02797,CLI-0085,2025-08-18,SKU-006,422,Completed,24210.14
ORD-02798,CLI-0032,2025-08-18,SKU-H01,296,Completed,4727.12
ORD-02799,CLI-0045,2025-08-18,SKU-H01,389,Completed,6212.33
ORD-02800,CLI-0087,2025-08-18,SKU-002,378,Completed,49487.759999999995
ORD-02801,CLI-0050,2025-08-18,SKU-012,126,Completed,5119.38
ORD-02802,CLI-0072,2025-08-18,SKU-H01,363,Completed,5797.110000000001
ORD-02803,CLI-0007,2025-08-18,SKU-H01,55,Completed,878.35
ORD-02804,CLI-0083,2025-08-18,SKU-005,130,Completed,23717.2
ORD-02805,CLI-0065,2025-08-18,SKU-H01,484,Completed,7729.4800000000005
ORD-02806,CLI-0061,2025-08-18,SKU-008,486,Completed,74625.3
ORD-02807,CLI-0064,2025-08-18,SKU-004,495,Completed,52781.85
ORD-02808,CLI-0010,2025-08-19,SKU-H01,434,Completed,6930.9800000000005
ORD-02809,CLI-0063,2025-08-19,SKU-018,214,Completed,9726.300000000001
ORD-02810,CLI-0031,2025-08-19,SKU-009,219,Completed,11709.93
ORD-02811,CLI-0036,2025-08-19,SKU-H01,75,Completed,1197.75
ORD-02812,CLI-0065,2025-08-19,SKU-006,164,Completed,9408.68
ORD-02813,CLI-0071,2025-08-19,SKU-013,379,Completed,70736.56
ORD-02814,CLI-0049,2025-08-19,SKU-011,256,Completed,16652.8
ORD-02815,CLI-0031,2025-08-19,SKU-H01,90,Completed,1437.3
ORD-02816,CLI-0059,2025-08-19,SKU-019,277,Completed,49746.43
ORD-02817,CLI-0074,2025-08-19,SKU-003,279,Completed,19454.670000000002
ORD-02818,CLI-0012,2025-08-19,SKU-H01,488,Completed,7793.360000000001
ORD-02819,CLI-0064,2025-08-19,SKU-H01,278,Completed,4439.66
ORD-02820,CLI-0041,2025-08-19,SKU-H01,110,Completed,1756.7
ORD-02821,CLI-0064,2025-08-19,SKU-014,431,Completed,70485.73999999999
ORD-02822,CLI-0084,2025-08-19,SKU-H01,59,Completed,942.23
ORD-02823,CLI-0052,2025-08-20,SKU-H01,261,Completed,4168.17
ORD-02824,CLI-0005,2025-08-20,SKU-015,335,Completed,43667.25
ORD-02825,CLI-0071,2025-08-20,SKU-H01,50,Completed,798.5
ORD-02826,CLI-0012,2025-08-20,SKU-H01,455,Completed,7266.35
ORD-02827,CLI-0078,2025-08-20,SKU-H01,366,Completed,5845.02
ORD-02828,CLI-0082,2025-08-20,SKU-H01,205,Completed,3273.85
ORD-02829,CLI-0066,2025-08-20,SKU-H01,337,Completed,5381.89
ORD-02830,CLI-0027,2025-08-20,SKU-010,385,Completed,9482.55
ORD-02831,CLI-0086,2025-08-20,SKU-H01,283,Completed,4519.51
ORD-02832,CLI-0044,2025-08-20,SKU-H01,236,Completed,3768.92
ORD-02833,CLI-0007,2025-08-20,SKU-013,468,Completed,87347.51999999999
ORD-02834,CLI-0029,2025-08-20,SKU-010,482,Completed,11871.66
ORD-02835,CLI-0059,2025-08-20,SKU-003,219,Completed,15270.87
ORD-02836,CLI-0099,2025-08-21,SKU-006,367,Completed,21054.79
ORD-02837,CLI-0077,2025-08-21,SKU-H01,292,Completed,4663.24
ORD-02838,CLI-0092,2025-08-21,SKU-004,386,Completed,41159.18
ORD-02839,CLI-0047,2025-08-21,SKU-005,416,Completed,75895.04
ORD-02840,CLI-0058,2025-08-21,SKU-H01,108,Completed,1724.76
ORD-02841,CLI-0013,2025-08-21,SKU-017,438,Completed,71262.59999999999
ORD-02842,CLI-0085,2025-08-21,SKU-H01,163,Completed,2603.11
ORD-02843,CLI-0001,2025-08-21,SKU-013,224,Completed,41807.36
ORD-02844,CLI-0046,2025-08-21,SKU-H01,474,Completed,7569.780000000001
ORD-02845,CLI-0082,2025-08-21,SKU-014,459,Completed,75064.86
ORD-02846,CLI-0038,2025-08-21,SKU-008,330,Completed,50671.50000000001
ORD-02847,CLI-0067,2025-08-21,SKU-015,241,Completed,31414.35
ORD-02848,CLI-0090,2025-08-21,SKU-H01,104,Completed,1660.88
ORD-02849,CLI-0006,2025-08-21,SKU-006,134,Completed,7687.58
ORD-02850,CLI-0064,2025-08-21,SKU-005,121,Completed,22075.239999999998
ORD-02851,CLI-0092,2025-08-21,SKU-011,430,Completed,27971.5
ORD-02852,CLI-0093,2025-08-21,SKU-006,259,Completed,14858.83
ORD-02853,CLI-0014,2025-08-21,SKU-006,180,Completed,10326.6
ORD-02854,CLI-0079,2025-08-21,SKU-002,150,Completed,19637.999999999996
ORD-02855,CLI-0025,2025-08-21,SKU-H01,111,Completed,1772.67
ORD-02856,CLI-0051,2025-08-21,SKU-004,160,Completed,17060.8
ORD-02857,CLI-0059,2025-08-21,SKU-H01,472,Completed,7537.84
ORD-02858,CLI-0025,2025-08-21,SKU-019,416,Completed,74709.44
ORD-02859,CLI-0044,2025-08-21,SKU-011,105,Completed,6830.25
ORD-02860,CLI-0097,2025-08-21,SKU-018,262,Completed,11907.900000000001
ORD-02861,CLI-0006,2025-08-21,SKU-H01,374,Completed,5972.780000000001
ORD-02862,CLI-0087,2025-08-21,SKU-016,351,Completed,61628.58
ORD-02863,CLI-0099,2025-08-22,SKU-014,280,Completed,45791.2
ORD-02864,CLI-0059,2025-08-22,SKU-010,387,Completed,9531.81
ORD-02865,CLI-0076,2025-08-22,SKU-008,308,Completed,47293.4
ORD-02866,CLI-0018,2025-08-22,SKU-H01,305,Completed,4870.85
ORD-02867,CLI-0001,2025-08-22,SKU-014,321,Completed,52496.34
ORD-02868,CLI-0095,2025-08-22,SKU-005,74,Completed,13500.56
ORD-02869,CLI-0071,2025-08-22,SKU-H01,271,Completed,4327.87
ORD-02870,CLI-0075,2025-08-22,SKU-H01,297,Completed,4743.09
ORD-02871,CLI-0066,2025-08-22,SKU-018,449,Completed,20407.050000000003
ORD-02872,CLI-0023,2025-08-22,SKU-015,404,Completed,52661.399999999994
ORD-02873,CLI-0075,2025-08-22,SKU-019,138,Completed,24783.420000000002
ORD-02874,CLI-0094,2025-08-22,SKU-008,467,Completed,71707.85
ORD-02875,CLI-0017,2025-08-22,SKU-H01,103,Completed,1644.91
ORD-02876,CLI-0085,2025-08-23,SKU-H01,357,Completed,5701.29
ORD-02877,CLI-0078,2025-08-23,SKU-H01,214,Completed,3417.58
ORD-02878,CLI-0065,2025-08-23,SKU-H01,246,Completed,3928.6200000000003
ORD-02879,CLI-0054,2025-08-23,SKU-H01,361,Completed,5765.17
ORD-02880,CLI-0089,2025-08-23,SKU-H01,440,Completed,7026.8
ORD-02881,CLI-0032,2025-08-23,SKU-002,190,Completed,24874.8
ORD-02882,CLI-0051,2025-08-23,SKU-018,225,Completed,10226.25
ORD-02883,CLI-0038,2025-08-23,SKU-002,281,Completed,36788.52
ORD-02884,CLI-0018,2025-08-23,SKU-016,120,Completed,21069.600000000002
ORD-02885,CLI-0053,2025-08-23,SKU-008,358,Completed,54970.9
ORD-02886,CLI-0090,2025-08-23,SKU-H01,433,Completed,6915.01
ORD-02887,CLI-0066,2025-08-23,SKU-H01,203,Completed,3241.9100000000003
ORD-02888,CLI-0090,2025-08-23,SKU-H01,330,Completed,5270.1
ORD-02889,CLI-0041,2025-08-23,SKU-H01,414,Completed,6611.58
ORD-02890,CLI-0095,2025-08-23,SKU-010,333,Completed,8201.789999999999
ORD-02891,CLI-0081,2025-08-23,SKU-H01,161,Completed,2571.17
ORD-02892,CLI-0026,2025-08-23,SKU-H01,157,Completed,2507.29
ORD-02893,CLI-0080,2025-08-23,SKU-H01,415,Completed,6627.55
ORD-02894,CLI-0038,2025-08-23,SKU-019,401,Completed,72015.59
ORD-02895,CLI-0045,2025-08-23,SKU-013,394,Completed,73536.15999999999
ORD-02896,CLI-0017,2025-08-23,SKU-012,413,Completed,16780.190000000002
ORD-02897,CLI-0084,2025-08-23,SKU-H01,141,Completed,2251.77
ORD-02898,CLI-0070,2025-08-24,SKU-013,405,Completed,75589.2
ORD-02899,CLI-0082,2025-08-24,SKU-013,215,Completed,40127.6
ORD-02900,CLI-0091,2025-08-24,SKU-008,109,Completed,16736.95
ORD-02901,CLI-0098,2025-08-24,SKU-Z99,230,Completed,115000.0
ORD-02902,CLI-0072,2025-08-24,SKU-H01,295,Completed,4711.150000000001
ORD-02903,CLI-0075,2025-08-24,SKU-018,342,Completed,15543.900000000001
ORD-02904,CLI-0086,2025-08-24,SKU-017,413,Completed,67195.09999999999
ORD-02905,CLI-0054,2025-08-24,SKU-H01,395,Completed,6308.150000000001
ORD-02906,CLI-0096,2025-08-24,SKU-003,480,Completed,33470.4
ORD-02907,CLI-0069,2025-08-24,SKU-019,196,Completed,35199.64
ORD-02908,CLI-0055,2025-08-24,SKU-H01,463,Completed,7394.110000000001
ORD-02909,CLI-0002,2025-08-24,SKU-006,317,Completed,18186.29
ORD-02910,CLI-0014,2025-08-24,SKU-019,62,Completed,11134.58
ORD-02911,CLI-0049,2025-08-24,SKU-006,124,Completed,7113.88
ORD-02912,CLI-0007,2025-08-24,SKU-H01,393,Completed,6276.21
ORD-02913,CLI-0008,2025-08-24,SKU-007,152,Completed,13371.44
ORD-02914,CLI-0035,2025-08-24,SKU-H01,434,Completed,6930.9800000000005
ORD-02915,CLI-0021,2025-08-24,SKU-005,196,Completed,35758.24
ORD-02916,CLI-0088,2025-08-24,SKU-H01,178,Completed,2842.6600000000003
ORD-02917,CLI-0019,2025-08-24,SKU-008,479,Completed,73550.45000000001
ORD-02918,CLI-0008,2025-08-24,SKU-005,403,Completed,73523.31999999999
ORD-02919,CLI-0038,2025-08-24,SKU-012,154,Completed,6257.02
ORD-02920,CLI-0097,2025-08-24,SKU-009,327,Completed,17484.69
ORD-02921,CLI-0005,2025-08-24,SKU-006,233,Completed,13367.21
ORD-02922,CLI-0058,2025-08-24,SKU-010,102,Completed,2512.2599999999998
ORD-02923,CLI-0079,2025-08-24,SKU-H01,494,Completed,7889.18
ORD-02924,CLI-0029,2025-08-25,SKU-007,430,Completed,37827.1
ORD-02925,CLI-0083,2025-08-25,SKU-H01,337,Completed,5381.89
ORD-02926,CLI-0050,2025-08-25,SKU-018,171,Completed,7771.950000000001
ORD-02927,CLI-0066,2025-08-25,SKU-H01,451,Completed,7202.47
ORD-02928,CLI-0090,2025-08-25,SKU-002,197,Completed,25791.239999999998
ORD-02929,CLI-0089,2025-08-25,SKU-011,390,Completed,25369.5
ORD-02930,CLI-0007,2025-08-25,SKU-003,245,Completed,17083.850000000002
ORD-02931,CLI-0050,2025-08-25,SKU-H01,263,Completed,4200.110000000001
ORD-02932,CLI-0088,2025-08-25,SKU-006,210,Completed,12047.699999999999
ORD-02933,CLI-0071,2025-08-25,SKU-009,77,Completed,4117.19
ORD-02934,CLI-0002,2025-08-25,SKU-011,430,Completed,27971.5
ORD-02935,CLI-0033,2025-08-25,SKU-H01,153,Completed,2443.4100000000003
ORD-02936,CLI-0080,2025-08-25,SKU-006,494,Completed,28340.78
ORD-02937,CLI-0100,2025-08-25,SKU-003,490,Completed,34167.700000000004
ORD-02938,CLI-0057,2025-08-25,SKU-010,474,Completed,11674.619999999999
ORD-02939,CLI-0029,2025-08-25,SKU-007,374,Completed,32900.78
ORD-02940,CLI-0091,2025-08-25,SKU-005,413,Completed,75347.72
ORD-02941,CLI-0083,2025-08-25,SKU-H01,238,Completed,3800.86
ORD-02942,CLI-0097,2025-08-25,SKU-H01,351,Completed,5605.47
ORD-02943,CLI-0070,2025-08-25,SKU-H01,428,Completed,6835.16
ORD-02944,CLI-0078,2025-08-25,SKU-H01,150,Completed,2395.5
ORD-02945,CLI-0100,2025-08-25,SKU-003,421,Completed,29356.33
ORD-02946,CLI-0025,2025-08-25,SKU-008,200,Completed,30710.000000000004
ORD-02947,CLI-0058,2025-08-25,SKU-H01,140,Completed,2235.8
ORD-02948,CLI-0088,2025-08-25,SKU-018,88,Completed,3999.6000000000004
ORD-02949,CLI-0024,2025-08-25,SKU-H01,138,Completed,2203.86
ORD-02950,CLI-0095,2025-08-25,SKU-013,313,Completed,58418.31999999999
ORD-02951,CLI-0049,2025-08-26,SKU-008,70,Completed,10748.5
ORD-02952,CLI-0055,2025-08-26,SKU-H01,192,Completed,3066.2400000000002
ORD-02953,CLI-0072,2025-08-26,SKU-H01,185,Completed,2954.4500000000003
ORD-02954,CLI-0017,2025-08-26,SKU-008,132,Completed,20268.600000000002
ORD-02955,CLI-0075,2025-08-26,SKU-H01,483,Completed,7713.51
ORD-02956,CLI-0033,2025-08-26,SKU-018,52,Completed,2363.4
ORD-02957,CLI-0043,2025-08-26,SKU-006,288,Completed,16522.559999999998
ORD-02958,CLI-0091,2025-08-26,SKU-018,129,Completed,5863.05
ORD-02959,CLI-0006,2025-08-26,SKU-H01,128,Completed,2044.16
ORD-02960,CLI-0042,2025-08-26,SKU-011,355,Completed,23092.75
ORD-02961,CLI-0007,2025-08-26,SKU-008,446,Completed,68483.3
ORD-02962,CLI-0081,2025-08-26,SKU-012,365,Completed,14829.95
ORD-02963,CLI-0085,2025-08-26,SKU-H01,204,Completed,3257.88
ORD-02964,CLI-0074,2025-08-27,SKU-010,331,Completed,8152.53
ORD-02965,CLI-0046,2025-08-27,SKU-004,87,Completed,9276.81
ORD-02966,CLI-0091,2025-08-27,SKU-012,212,Completed,8613.560000000001
ORD-02967,CLI-0068,2025-08-27,SKU-H01,162,Completed,2587.1400000000003
ORD-02968,CLI-0024,2025-08-27,SKU-016,316,Completed,55483.280000000006
ORD-02969,CLI-0009,2025-08-27,SKU-H01,452,Completed,7218.4400000000005
ORD-02970,CLI-0065,2025-08-27,SKU-014,131,Completed,21423.739999999998
ORD-02971,CLI-0054,2025-08-27,SKU-016,328,Completed,57590.240000000005
ORD-02972,CLI-0069,2025-08-27,SKU-014,256,Completed,41866.24
ORD-02973,CLI-0012,2025-08-27,SKU-005,228,Completed,41596.32
ORD-02974,CLI-0029,2025-08-27,SKU-003,159,Completed,11087.070000000002
ORD-02975,CLI-0085,2025-08-27,SKU-Z99,219,Completed,109500.0
ORD-02976,CLI-0043,2025-08-27,SKU-H01,234,Completed,3736.98
ORD-02977,CLI-0038,2025-08-27,SKU-006,161,Completed,9236.57
ORD-02978,CLI-0097,2025-08-27,SKU-010,366,Completed,9014.58
ORD-02979,CLI-0068,2025-08-27,SKU-011,293,Completed,19059.649999999998
ORD-02980,CLI-0072,2025-08-27,SKU-H01,471,Completed,7521.87
ORD-02981,CLI-0097,2025-08-27,SKU-009,382,Completed,20425.54
ORD-02982,CLI-0002,2025-08-27,SKU-014,108,Completed,17662.32
ORD-02983,CLI-0086,2025-08-27,SKU-H01,227,Completed,3625.19
ORD-02984,CLI-0058,2025-08-27,SKU-017,173,Completed,28147.1
ORD-02985,CLI-0083,2025-08-27,SKU-H01,364,Completed,5813.08
ORD-02986,CLI-0080,2025-08-27,SKU-H01,174,Completed,2778.78
ORD-02987,CLI-0006,2025-08-27,SKU-H01,399,Completed,6372.030000000001
ORD-02988,CLI-0042,2025-08-27,SKU-H01,245,Completed,3912.65
ORD-02989,CLI-0050,2025-08-28,SKU-017,181,Completed,29448.699999999997
ORD-02990,CLI-0070,2025-08-28,SKU-H01,420,Completed,6707.400000000001
ORD-02991,CLI-0037,2025-08-28,SKU-002,62,Completed,8117.039999999999
ORD-02992,CLI-0067,2025-08-28,SKU-H01,470,Completed,7505.900000000001
ORD-02993,CLI-0099,2025-08-28,SKU-008,241,Completed,37005.55
ORD-02994,CLI-0066,2025-08-28,SKU-007,461,Completed,40554.17
ORD-02995,CLI-0066,2025-08-28,SKU-H01,278,Completed,4439.66
ORD-02996,CLI-0063,2025-08-28,SKU-H01,72,Completed,1149.8400000000001
ORD-02997,CLI-0038,2025-08-28,SKU-016,383,Completed,67247.14
ORD-02998,CLI-0025,2025-08-28,SKU-H01,214,Completed,3417.58
ORD-02999,CLI-0066,2025-08-28,SKU-004,92,Completed,9809.96
ORD-03000,CLI-0013,2025-08-28,SKU-H01,135,Completed,2155.9500000000003
ORD-03001,CLI-0099,2025-08-28,SKU-013,325,Completed,60657.99999999999
ORD-03002,CLI-0001,2025-08-29,SKU-H01,370,Completed,5908.900000000001
ORD-03003,CLI-0009,2025-08-29,SKU-005,157,Completed,28643.079999999998
ORD-03004,CLI-0086,2025-08-29,SKU-H01,372,Completed,5940.84
ORD-03005,CLI-0100,2025-08-29,SKU-019,159,Completed,28554.81
ORD-03006,CLI-0088,2025-08-29,SKU-H01,267,Completed,4263.99
ORD-03007,CLI-0014,2025-08-29,SKU-013,155,Completed,28929.199999999997
ORD-03008,CLI-0069,2025-08-29,SKU-002,474,Completed,62056.079999999994
ORD-03009,CLI-0090,2025-08-29,SKU-H01,499,Completed,7969.030000000001
ORD-03010,CLI-0095,2025-08-29,SKU-014,446,Completed,72938.84
ORD-03011,CLI-0056,2025-08-29,SKU-H01,381,Completed,6084.570000000001
ORD-03012,CLI-0010,2025-08-29,SKU-016,432,Completed,75850.56000000001
ORD-03013,CLI-0088,2025-08-29,SKU-017,128,Completed,20825.6
ORD-03014,CLI-0004,2025-08-29,SKU-016,285,Completed,50040.3
ORD-03015,CLI-0092,2025-08-29,SKU-H01,219,Completed,3497.4300000000003
ORD-03016,CLI-0005,2025-08-29,SKU-013,94,Completed,17544.16
ORD-03017,CLI-0010,2025-08-29,SKU-002,77,Completed,10080.839999999998
ORD-03018,CLI-0023,2025-08-29,SKU-016,456,Completed,80064.48000000001
ORD-03019,CLI-0033,2025-08-29,SKU-009,335,Completed,17912.45
ORD-03020,CLI-0010,2025-08-29,SKU-015,344,Completed,44840.4
ORD-03021,CLI-0030,2025-08-29,SKU-005,182,Completed,33204.08
ORD-03022,CLI-0053,2025-08-29,SKU-006,248,Completed,14227.76
ORD-03023,CLI-0058,2025-08-29,SKU-H01,372,Completed,5940.84
ORD-03024,CLI-0052,2025-08-29,SKU-013,271,Completed,50579.439999999995
ORD-03025,CLI-0041,2025-08-29,SKU-002,58,Completed,7593.36
ORD-03026,CLI-0050,2025-08-29,SKU-005,394,Completed,71881.36
ORD-03027,CLI-0016,2025-08-29,SKU-013,323,Completed,60284.719999999994
ORD-03028,CLI-0001,2025-08-29,SKU-008,378,Completed,58041.9
ORD-03029,CLI-0009,2025-08-30,SKU-H01,437,Completed,6978.89
ORD-03030,CLI-0096,2025-08-30,SKU-007,349,Completed,30701.53
ORD-03031,CLI-0006,2025-08-30,SKU-002,408,Completed,53415.35999999999
ORD-03032,CLI-0010,2025-08-30,SKU-004,233,Completed,24844.789999999997
ORD-03033,CLI-0065,2025-08-30,SKU-H01,104,Completed,1660.88
ORD-03034,CLI-0038,2025-08-30,SKU-H01,452,Completed,7218.4400000000005
ORD-03035,CLI-0088,2025-08-30,SKU-H01,204,Completed,3257.88
ORD-03036,CLI-0078,2025-08-30,SKU-011,94,Completed,6114.7
ORD-03037,CLI-0037,2025-08-30,SKU-H01,441,Completed,7042.77
ORD-03038,CLI-0057,2025-08-30,SKU-002,245,Completed,32075.399999999998
ORD-03039,CLI-0051,2025-08-30,SKU-017,470,Completed,76469.0
ORD-03040,CLI-0085,2025-08-30,SKU-H01,65,Completed,1038.05
ORD-03041,CLI-0061,2025-08-30,SKU-005,130,Completed,23717.2
ORD-03042,CLI-0069,2025-08-30,SKU-013,162,Completed,30235.679999999997
ORD-03043,CLI-0018,2025-08-30,SKU-018,432,Completed,19634.4
ORD-03044,CLI-0051,2025-08-30,SKU-012,457,Completed,18567.91
ORD-03045,CLI-0070,2025-08-30,SKU-011,201,Completed,13075.05
ORD-03046,CLI-0082,2025-08-30,SKU-015,123,Completed,16033.05
ORD-03047,CLI-0039,2025-08-30,SKU-003,396,Completed,27613.08
ORD-03048,CLI-0094,2025-08-30,SKU-014,381,Completed,62308.74
ORD-03049,CLI-0048,2025-08-30,SKU-H01,55,Completed,878.35
ORD-03050,CLI-0071,2025-08-30,SKU-018,497,Completed,22588.65
ORD-03051,CLI-0072,2025-08-30,SKU-003,122,Completed,8507.060000000001
ORD-03052,CLI-0016,2025-08-30,SKU-006,71,Completed,4073.27
ORD-03053,CLI-0001,2025-08-30,SKU-H01,343,Completed,5477.71
ORD-03054,CLI-0077,2025-08-30,SKU-012,251,Completed,10198.130000000001
ORD-03055,CLI-0069,2025-08-30,SKU-H01,330,Completed,5270.1
ORD-03056,CLI-0011,2025-08-30,SKU-016,206,Completed,36169.48
ORD-03057,CLI-0027,2025-08-30,SKU-015,433,Completed,56441.549999999996
ORD-03058,CLI-0028,2025-08-31,SKU-H01,261,Completed,4168.17
ORD-03059,CLI-0083,2025-08-31,SKU-014,485,Completed,79316.9
ORD-03060,CLI-0066,2025-08-31,SKU-013,122,Completed,22770.079999999998
ORD-03061,CLI-0021,2025-08-31,SKU-009,144,Completed,7699.68
ORD-03062,CLI-0029,2025-08-31,SKU-H01,365,Completed,5829.05
ORD-03063,CLI-0033,2025-08-31,SKU-H01,149,Completed,2379.53
ORD-03064,CLI-0015,2025-08-31,SKU-H01,142,Completed,2267.7400000000002
ORD-03065,CLI-0086,2025-08-31,SKU-H01,459,Completed,7330.2300000000005
ORD-03066,CLI-0073,2025-08-31,SKU-017,486,Completed,79072.2
ORD-03067,CLI-0007,2025-08-31,SKU-H01,485,Completed,7745.450000000001
ORD-03068,CLI-0097,2025-08-31,SKU-015,331,Completed,43145.85
ORD-03069,CLI-0060,2025-08-31,SKU-H01,380,Completed,6068.6
ORD-03070,CLI-0071,2025-08-31,SKU-005,87,Completed,15872.28
ORD-03071,CLI-0038,2025-08-31,SKU-014,393,Completed,64271.219999999994
ORD-03072,CLI-0009,2025-08-31,SKU-016,178,Completed,31253.24
ORD-03073,CLI-0013,2025-08-31,SKU-H01,151,Completed,2411.4700000000003
ORD-03074,CLI-0093,2025-08-31,SKU-003,347,Completed,24196.31
ORD-03075,CLI-0063,2025-08-31,SKU-002,219,Completed,28671.479999999996
ORD-03076,CLI-0046,2025-08-31,SKU-H01,115,Completed,1836.5500000000002
ORD-03077,CLI-0086,2025-08-31,SKU-H01,385,Completed,6148.45
ORD-03078,CLI-0031,2025-08-31,SKU-003,101,Completed,7042.7300000000005
ORD-03079,CLI-0080,2025-09-01,SKU-002,85,Completed,11128.199999999999
ORD-03080,CLI-0025,2025-09-01,SKU-011,212,Completed,13790.599999999999
ORD-03081,CLI-0063,2025-09-01,SKU-H01,280,Completed,4471.6
ORD-03082,CLI-0043,2025-09-01,SKU-004,365,Completed,38919.95
ORD-03083,CLI-0085,2025-09-01,SKU-002,206,Completed,26969.519999999997
ORD-03084,CLI-0089,2025-09-01,SKU-012,349,Completed,14179.87
ORD-03085,CLI-0020,2025-09-01,SKU-016,339,Completed,59521.62
ORD-03086,CLI-0073,2025-09-01,SKU-006,236,Completed,13539.32
ORD-03087,CLI-0041,2025-09-01,SKU-013,269,Completed,50206.159999999996
ORD-03088,CLI-0022,2025-09-01,SKU-H01,52,Completed,830.44
ORD-03089,CLI-0041,2025-09-01,SKU-006,176,Completed,10097.119999999999
ORD-03090,CLI-0029,2025-09-01,SKU-H01,414,Completed,6611.58
ORD-03091,CLI-0095,2025-09-01,SKU-002,378,Completed,49487.759999999995
ORD-03092,CLI-0056,2025-09-01,SKU-012,191,Completed,7760.330000000001
ORD-03093,CLI-0047,2025-09-01,SKU-016,118,Completed,20718.440000000002
ORD-03094,CLI-0087,2025-09-01,SKU-H01,425,Completed,6787.25
ORD-03095,CLI-0043,2025-09-01,SKU-009,499,Completed,26681.53
ORD-03096,CLI-0062,2025-09-01,SKU-007,286,Completed,25159.42
ORD-03097,CLI-0058,2025-09-01,SKU-H01,233,Completed,3721.01
ORD-03098,CLI-0063,2025-09-02,SKU-H01,332,Completed,5302.04
ORD-03099,CLI-0014,2025-09-02,SKU-H01,139,Completed,2219.83
ORD-03100,CLI-0083,2025-09-02,SKU-H01,360,Completed,5749.2
ORD-03101,CLI-0011,2025-09-02,SKU-H01,480,Completed,7665.6
ORD-03102,CLI-0036,2025-09-02,SKU-H01,489,Completed,7809.33
ORD-03103,CLI-0018,2025-09-02,SKU-H01,325,Completed,5190.25
ORD-03104,CLI-0026,2025-09-02,SKU-012,184,Completed,7475.92
ORD-03105,CLI-0094,2025-09-02,SKU-007,370,Completed,32548.899999999998
ORD-03106,CLI-0010,2025-09-02,SKU-019,422,Completed,75786.98
ORD-03107,CLI-0010,2025-09-02,SKU-002,59,Completed,7724.279999999999
ORD-03108,CLI-0065,2025-09-02,SKU-012,373,Completed,15154.990000000002
ORD-03109,CLI-0004,2025-09-02,SKU-016,466,Completed,81820.28
ORD-03110,CLI-0075,2025-09-02,SKU-010,346,Completed,8521.98
ORD-03111,CLI-0052,2025-09-02,SKU-002,443,Completed,57997.56
ORD-03112,CLI-0076,2025-09-02,SKU-012,158,Completed,6419.54
ORD-03113,CLI-0005,2025-09-02,SKU-H01,332,Completed,5302.04
ORD-03114,CLI-0034,2025-09-02,SKU-H01,328,Completed,5238.16
ORD-03115,CLI-0070,2025-09-02,SKU-006,291,Completed,16694.67
ORD-03116,CLI-0084,2025-09-02,SKU-007,446,Completed,39234.62
ORD-03117,CLI-0047,2025-09-03,SKU-H01,250,Completed,3992.5
ORD-03118,CLI-0029,2025-09-03,SKU-018,445,Completed,20225.25
ORD-03119,CLI-0076,2025-09-03,SKU-011,425,Completed,27646.25
ORD-03120,CLI-0038,2025-09-03,SKU-004,118,Completed,12582.34
ORD-03121,CLI-0060,2025-09-03,SKU-018,306,Completed,13907.7
ORD-03122,CLI-0066,2025-09-03,SKU-003,96,Completed,6694.08
ORD-03123,CLI-0051,2025-09-03,SKU-019,236,Completed,42383.24
ORD-03124,CLI-0065,2025-09-03,SKU-005,55,Completed,10034.2
ORD-03125,CLI-0085,2025-09-03,SKU-H01,172,Completed,2746.84
ORD-03126,CLI-0079,2025-09-03,SKU-013,400,Completed,74656.0
ORD-03127,CLI-0022,2025-09-03,SKU-010,437,Completed,10763.31
ORD-03128,CLI-0066,2025-09-03,SKU-013,121,Completed,22583.44
ORD-03129,CLI-0058,2025-09-03,SKU-018,131,Completed,5953.950000000001
ORD-03130,CLI-0023,2025-09-03,SKU-013,339,Completed,63270.95999999999
ORD-03131,CLI-0085,2025-09-04,SKU-008,496,Completed,76160.8
ORD-03132,CLI-0019,2025-09-04,SKU-015,426,Completed,55529.1
ORD-03133,CLI-0094,2025-09-04,SKU-010,297,Completed,7315.11
ORD-03134,CLI-0046,2025-09-04,SKU-002,70,Completed,9164.4
ORD-03135,CLI-0029,2025-09-04,SKU-016,439,Completed,77079.62000000001
ORD-03136,CLI-0063,2025-09-04,SKU-H01,168,Completed,2682.96
ORD-03137,CLI-0009,2025-09-04,SKU-011,185,Completed,12034.25
ORD-03138,CLI-0048,2025-09-04,SKU-016,169,Completed,29673.02
ORD-03139,CLI-0006,2025-09-04,SKU-012,392,Completed,15926.960000000001
ORD-03140,CLI-0027,2025-09-04,SKU-011,315,Completed,20490.75
ORD-03141,CLI-0047,2025-09-04,SKU-012,248,Completed,10076.24
ORD-03142,CLI-0061,2025-09-04,SKU-003,282,Completed,19663.86
ORD-03143,CLI-0006,2025-09-04,SKU-016,70,Completed,12290.6
ORD-03144,CLI-0084,2025-09-04,SKU-H01,215,Completed,3433.55
ORD-03145,CLI-0014,2025-09-04,SKU-H01,410,Completed,6547.7
ORD-03146,CLI-0067,2025-09-04,SKU-H01,374,Completed,5972.780000000001
ORD-03147,CLI-0036,2025-09-04,SKU-006,477,Completed,27365.489999999998
ORD-03148,CLI-0095,2025-09-04,SKU-005,184,Completed,33568.96
ORD-03149,CLI-0075,2025-09-04,SKU-014,328,Completed,53641.119999999995
ORD-03150,CLI-0073,2025-09-04,SKU-002,139,Completed,18197.879999999997
ORD-03151,CLI-0049,2025-09-04,SKU-004,384,Completed,40945.92
ORD-03152,CLI-0049,2025-09-04,SKU-H01,237,Completed,3784.8900000000003
ORD-03153,CLI-0076,2025-09-04,SKU-002,384,Completed,50273.28
ORD-03154,CLI-0010,2025-09-04,SKU-009,314,Completed,16789.579999999998
ORD-03155,CLI-0033,2025-09-04,SKU-H01,242,Completed,3864.7400000000002
ORD-03156,CLI-0029,2025-09-04,SKU-H01,314,Completed,5014.58
ORD-03157,CLI-0052,2025-09-04,SKU-H01,230,Completed,3673.1000000000004
ORD-03158,CLI-0045,2025-09-04,SKU-H01,299,Completed,4775.03
ORD-03159,CLI-0078,2025-09-05,SKU-004,53,Completed,5651.389999999999
ORD-03160,CLI-0065,2025-09-05,SKU-H01,121,Completed,1932.3700000000001
ORD-03161,CLI-0057,2025-09-05,SKU-012,134,Completed,5444.42
ORD-03162,CLI-0030,2025-09-05,SKU-015,89,Completed,11601.15
ORD-03163,CLI-0066,2025-09-05,SKU-006,379,Completed,21743.23
ORD-03164,CLI-0036,2025-09-05,SKU-019,158,Completed,28375.22
ORD-03165,CLI-0020,2025-09-05,SKU-003,145,Completed,10110.85
ORD-03166,CLI-0021,2025-09-05,SKU-005,235,Completed,42873.4
ORD-03167,CLI-0078,2025-09-05,SKU-019,417,Completed,74889.03
ORD-03168,CLI-0016,2025-09-05,SKU-H01,388,Completed,6196.360000000001
ORD-03169,CLI-0030,2025-09-05,SKU-018,262,Completed,11907.900000000001
ORD-03170,CLI-0043,2025-09-05,SKU-H01,418,Completed,6675.46
ORD-03171,CLI-0015,2025-09-05,SKU-003,296,Completed,20640.08
ORD-03172,CLI-0087,2025-09-05,SKU-H01,295,Completed,4711.150000000001
ORD-03173,CLI-0062,2025-09-05,SKU-012,157,Completed,6378.910000000001
ORD-03174,CLI-0076,2025-09-05,SKU-008,132,Completed,20268.600000000002
ORD-03175,CLI-0083,2025-09-05,SKU-011,476,Completed,30963.8
ORD-03176,CLI-0053,2025-09-05,SKU-H01,61,Completed,974.1700000000001
ORD-03177,CLI-0032,2025-09-05,SKU-H01,72,Completed,1149.8400000000001
ORD-03178,CLI-0017,2025-09-05,SKU-H01,343,Completed,5477.71
ORD-03179,CLI-0076,2025-09-05,SKU-H01,132,Completed,2108.04
ORD-03180,CLI-0018,2025-09-05,SKU-018,372,Completed,16907.4
ORD-03181,CLI-0066,2025-09-05,SKU-H01,70,Completed,1117.9
ORD-03182,CLI-0074,2025-09-05,SKU-015,125,Completed,16293.75
ORD-03183,CLI-0008,2025-09-05,SKU-015,135,Completed,17597.25
ORD-03184,CLI-0024,2025-09-06,SKU-H01,314,Completed,5014.58
ORD-03185,CLI-0052,2025-09-06,SKU-009,356,Completed,19035.32
ORD-03186,CLI-0073,2025-09-06,SKU-H01,376,Completed,6004.72
ORD-03187,CLI-0003,2025-09-06,SKU-H01,499,Completed,7969.030000000001
ORD-03188,CLI-0093,2025-09-06,SKU-H01,422,Completed,6739.34
ORD-03189,CLI-0085,2025-09-06,SKU-007,470,Completed,41345.9
ORD-03190,CLI-0037,2025-09-06,SKU-002,93,Completed,12175.56
ORD-03191,CLI-0028,2025-09-06,SKU-006,279,Completed,16006.23
ORD-03192,CLI-0078,2025-09-06,SKU-005,291,Completed,53090.04
ORD-03193,CLI-0062,2025-09-06,SKU-H01,137,Completed,2187.89
ORD-03194,CLI-0029,2025-09-06,SKU-010,475,Completed,11699.25
ORD-03195,CLI-0053,2025-09-06,SKU-012,357,Completed,14504.910000000002
ORD-03196,CLI-0019,2025-09-06,SKU-H01,456,Completed,7282.320000000001
ORD-03197,CLI-0075,2025-09-06,SKU-H01,470,Completed,7505.900000000001
ORD-03198,CLI-0099,2025-09-06,SKU-011,143,Completed,9302.15
ORD-03199,CLI-0080,2025-09-06,SKU-H01,387,Completed,6180.39
ORD-03200,CLI-0066,2025-09-06,SKU-010,185,Completed,4556.55
ORD-03201,CLI-0022,2025-09-06,SKU-H01,420,Completed,6707.400000000001
ORD-03202,CLI-0059,2025-09-07,SKU-H01,355,Completed,5669.35
ORD-03203,CLI-0076,2025-09-07,SKU-H01,85,Completed,1357.45
ORD-03204,CLI-0030,2025-09-07,SKU-H01,243,Completed,3880.71
ORD-03205,CLI-0050,2025-09-07,SKU-008,117,Completed,17965.350000000002
ORD-03206,CLI-0014,2025-09-07,SKU-003,58,Completed,4044.34
ORD-03207,CLI-0026,2025-09-07,SKU-013,317,Completed,59164.88
ORD-03208,CLI-0065,2025-09-07,SKU-015,400,Completed,52140.0
ORD-03209,CLI-0054,2025-09-07,SKU-006,473,Completed,27136.01
ORD-03210,CLI-0020,2025-09-07,SKU-012,360,Completed,14626.800000000001
ORD-03211,CLI-0013,2025-09-07,SKU-H01,140,Completed,2235.8
ORD-03212,CLI-0061,2025-09-07,SKU-002,364,Completed,47654.88
ORD-03213,CLI-0077,2025-09-07,SKU-011,69,Completed,4488.45
ORD-03214,CLI-0069,2025-09-07,SKU-H01,307,Completed,4902.79
ORD-03215,CLI-0097,2025-09-07,SKU-007,110,Completed,9676.7
ORD-03216,CLI-0012,2025-09-07,SKU-H01,296,Completed,4727.12
ORD-03217,CLI-0085,2025-09-07,SKU-008,116,Completed,17811.800000000003
ORD-03218,CLI-0078,2025-09-07,SKU-016,326,Completed,57239.08
ORD-03219,CLI-0001,2025-09-07,SKU-016,446,Completed,78308.68000000001
ORD-03220,CLI-0087,2025-09-07,SKU-011,382,Completed,24849.1
ORD-03221,CLI-0056,2025-09-07,SKU-012,317,Completed,12879.710000000001
ORD-03222,CLI-0048,2025-09-08,SKU-006,497,Completed,28512.89
ORD-03223,CLI-0006,2025-09-08,SKU-007,407,Completed,35803.79
ORD-03224,CLI-0068,2025-09-08,SKU-H01,269,Completed,4295.93
ORD-03225,CLI-0030,2025-09-08,SKU-003,460,Completed,32075.800000000003
ORD-03226,CLI-0062,2025-09-08,SKU-003,454,Completed,31657.420000000002
ORD-03227,CLI-0099,2025-09-08,SKU-019,245,Completed,43999.55
ORD-03228,CLI-0045,2025-09-08,SKU-002,351,Completed,45952.92
ORD-03229,CLI-0095,2025-09-08,SKU-006,439,Completed,25185.43
ORD-03230,CLI-0090,2025-09-08,SKU-006,344,Completed,19735.28
ORD-03231,CLI-0013,2025-09-08,SKU-009,267,Completed,14276.49
ORD-03232,CLI-0018,2025-09-08,SKU-012,180,Completed,7313.400000000001
ORD-03233,CLI-0062,2025-09-08,SKU-H01,442,Completed,7058.740000000001
ORD-03234,CLI-0030,2025-09-08,SKU-005,489,Completed,89213.16
ORD-03235,CLI-0011,2025-09-08,SKU-014,195,Completed,31890.3
ORD-03236,CLI-0077,2025-09-08,SKU-003,498,Completed,34725.54
ORD-03237,CLI-0070,2025-09-08,SKU-H01,259,Completed,4136.2300000000005
ORD-03238,CLI-0033,2025-09-08,SKU-009,146,Completed,7806.62
ORD-03239,CLI-0001,2025-09-08,SKU-014,413,Completed,67542.01999999999
ORD-03240,CLI-0096,2025-09-08,SKU-H01,454,Completed,7250.38
ORD-03241,CLI-0001,2025-09-08,SKU-013,345,Completed,64390.799999999996
ORD-03242,CLI-0067,2025-09-08,SKU-014,110,Completed,17989.399999999998
ORD-03243,CLI-0067,2025-09-08,SKU-003,53,Completed,3695.69
ORD-03244,CLI-0049,2025-09-08,SKU-019,385,Completed,69142.15
ORD-03245,CLI-0089,2025-09-09,SKU-013,461,Completed,86041.04
ORD-03246,CLI-0041,2025-09-09,SKU-013,259,Completed,48339.759999999995
ORD-03247,CLI-0047,2025-09-09,SKU-012,104,Completed,4225.52
ORD-03248,CLI-0020,2025-09-09,SKU-H01,268,Completed,4279.96
ORD-03249,CLI-0084,2025-09-09,SKU-H01,349,Completed,5573.530000000001
ORD-03250,CLI-0033,2025-09-09,SKU-003,183,Completed,12760.59
ORD-03251,CLI-0069,2025-09-09,SKU-H01,266,Completed,4248.02
ORD-03252,CLI-0073,2025-09-09,SKU-002,237,Completed,31028.039999999997
ORD-03253,CLI-0079,2025-09-09,SKU-016,191,Completed,33535.78
ORD-03254,CLI-0088,2025-09-09,SKU-014,253,Completed,41375.619999999995
ORD-03255,CLI-0097,2025-09-09,SKU-009,154,Completed,8234.38
ORD-03256,CLI-0053,2025-09-09,SKU-015,332,Completed,43276.2
ORD-03257,CLI-0072,2025-09-09,SKU-013,297,Completed,55432.079999999994
ORD-03258,CLI-0023,2025-09-09,SKU-002,239,Completed,31289.879999999997
ORD-03259,CLI-0072,2025-09-09,SKU-H01,334,Completed,5333.9800000000005
ORD-03260,CLI-0062,2025-09-09,SKU-005,179,Completed,32656.76
ORD-03261,CLI-0074,2025-09-10,SKU-012,226,Completed,9182.380000000001
ORD-03262,CLI-0100,2025-09-10,SKU-003,411,Completed,28659.030000000002
ORD-03263,CLI-0051,2025-09-10,SKU-010,426,Completed,10492.38
ORD-03264,CLI-0018,2025-09-10,SKU-H01,487,Completed,7777.39
ORD-03265,CLI-0085,2025-09-10,SKU-012,110,Completed,4469.3
ORD-03266,CLI-0096,2025-09-10,SKU-014,167,Completed,27311.18
ORD-03267,CLI-0058,2025-09-10,SKU-011,450,Completed,29272.5
ORD-03268,CLI-0090,2025-09-10,SKU-019,132,Completed,23705.88
ORD-03269,CLI-0013,2025-09-10,SKU-015,159,Completed,20725.649999999998
ORD-03270,CLI-0066,2025-09-10,SKU-017,255,Completed,41488.5
ORD-03271,CLI-0044,2025-09-10,SKU-018,460,Completed,20907.0
ORD-03272,CLI-0071,2025-09-10,SKU-014,364,Completed,59528.56
ORD-03273,CLI-0090,2025-09-10,SKU-010,400,Completed,9852.0
ORD-03274,CLI-0091,2025-09-10,SKU-H01,76,Completed,1213.72
ORD-03275,CLI-0021,2025-09-10,SKU-004,249,Completed,26550.87
ORD-03276,CLI-0082,2025-09-10,SKU-007,52,Completed,4574.44
ORD-03277,CLI-0012,2025-09-10,SKU-H01,471,Completed,7521.87
ORD-03278,CLI-0019,2025-09-10,SKU-H01,291,Completed,4647.27
ORD-03279,CLI-0077,2025-09-10,SKU-019,272,Completed,48848.48
ORD-03280,CLI-0009,2025-09-11,SKU-017,184,Completed,29936.8
ORD-03281,CLI-0029,2025-09-11,SKU-015,239,Completed,31153.649999999998
ORD-03282,CLI-0011,2025-09-11,SKU-002,361,Completed,47262.119999999995
ORD-03283,CLI-0005,2025-09-11,SKU-H01,420,Completed,6707.400000000001
ORD-03284,CLI-0050,2025-09-11,SKU-H01,255,Completed,4072.3500000000004
ORD-03285,CLI-0079,2025-09-11,SKU-H01,385,Completed,6148.45
ORD-03286,CLI-0067,2025-09-11,SKU-H01,196,Completed,3130.1200000000003
ORD-03287,CLI-0092,2025-09-11,SKU-H01,355,Completed,5669.35
ORD-03288,CLI-0008,2025-09-11,SKU-017,446,Completed,72564.2
ORD-03289,CLI-0023,2025-09-11,SKU-011,377,Completed,24523.85
ORD-03290,CLI-0064,2025-09-11,SKU-H01,274,Completed,4375.78
ORD-03291,CLI-0002,2025-09-11,SKU-H01,153,Completed,2443.4100000000003
ORD-03292,CLI-0037,2025-09-12,SKU-005,149,Completed,27183.56
ORD-03293,CLI-0005,2025-09-12,SKU-H01,451,Completed,7202.47
ORD-03294,CLI-0077,2025-09-12,SKU-018,311,Completed,14134.95
ORD-03295,CLI-0067,2025-09-12,SKU-002,407,Completed,53284.439999999995
ORD-03296,CLI-0030,2025-09-12,SKU-002,364,Completed,47654.88
ORD-03297,CLI-0022,2025-09-12,SKU-H01,395,Completed,6308.150000000001
ORD-03298,CLI-0005,2025-09-12,SKU-H01,234,Completed,3736.98
ORD-03299,CLI-0031,2025-09-12,SKU-009,385,Completed,20585.95
ORD-03300,CLI-0001,2025-09-12,SKU-012,130,Completed,5281.900000000001
ORD-03301,CLI-0012,2025-09-12,SKU-010,191,Completed,4704.33
ORD-03302,CLI-0100,2025-09-12,SKU-H01,254,Completed,4056.38
ORD-03303,CLI-0046,2025-09-12,SKU-007,392,Completed,34484.24
ORD-03304,CLI-0051,2025-09-12,SKU-007,257,Completed,22608.29
ORD-03305,CLI-0076,2025-09-12,SKU-016,152,Completed,26688.160000000003
ORD-03306,CLI-0067,2025-09-12,SKU-H01,57,Completed,910.2900000000001
ORD-03307,CLI-0095,2025-09-12,SKU-H01,410,Completed,6547.7
ORD-03308,CLI-0009,2025-09-12,SKU-008,96,Completed,14740.800000000001
ORD-03309,CLI-0071,2025-09-12,SKU-009,195,Completed,10426.65
ORD-03310,CLI-0093,2025-09-12,SKU-004,474,Completed,50542.619999999995
ORD-03311,CLI-0072,2025-09-12,SKU-003,348,Completed,24266.04
ORD-03312,CLI-0045,2025-09-12,SKU-004,227,Completed,24205.01
ORD-03313,CLI-0036,2025-09-12,SKU-016,165,Completed,28970.7
ORD-03314,CLI-0078,2025-09-12,SKU-003,149,Completed,10389.77
ORD-03315,CLI-0059,2025-09-12,SKU-018,256,Completed,11635.2
ORD-03316,CLI-0074,2025-09-12,SKU-005,52,Completed,9486.88
ORD-03317,CLI-0034,2025-09-12,SKU-018,139,Completed,6317.55
ORD-03318,CLI-0065,2025-09-13,SKU-015,104,Completed,13556.4
ORD-03319,CLI-0072,2025-09-13,SKU-H01,87,Completed,1389.39
ORD-03320,CLI-0065,2025-09-13,SKU-016,200,Completed,35116.0
ORD-03321,CLI-0044,2025-09-13,SKU-H01,109,Completed,1740.73
ORD-03322,CLI-0066,2025-09-13,SKU-018,181,Completed,8226.45
ORD-03323,CLI-0069,2025-09-13,SKU-009,466,Completed,24917.02
ORD-03324,CLI-0074,2025-09-13,SKU-H01,178,Completed,2842.6600000000003
ORD-03325,CLI-0089,2025-09-13,SKU-009,276,Completed,14757.72
ORD-03326,CLI-0049,2025-09-13,SKU-019,338,Completed,60701.42
ORD-03327,CLI-0062,2025-09-13,SKU-H01,444,Completed,7090.68
ORD-03328,CLI-0032,2025-09-13,SKU-006,437,Completed,25070.69
ORD-03329,CLI-0044,2025-09-13,SKU-012,447,Completed,18161.61
ORD-03330,CLI-0059,2025-09-13,SKU-014,398,Completed,65088.92
ORD-03331,CLI-0059,2025-09-13,SKU-002,350,Completed,45821.99999999999
ORD-03332,CLI-0004,2025-09-13,SKU-H01,296,Completed,4727.12
ORD-03333,CLI-0015,2025-09-13,SKU-H01,182,Completed,2906.54
ORD-03334,CLI-0009,2025-09-13,SKU-007,245,Completed,21552.65
ORD-03335,CLI-0082,2025-09-13,SKU-003,453,Completed,31587.690000000002
ORD-03336,CLI-0029,2025-09-13,SKU-018,396,Completed,17998.2
ORD-03337,CLI-0090,2025-09-13,SKU-H01,167,Completed,2666.9900000000002
ORD-03338,CLI-0041,2025-09-13,SKU-010,261,Completed,6428.429999999999
ORD-03339,CLI-0046,2025-09-13,SKU-H01,314,Completed,5014.58
ORD-03340,CLI-0069,2025-09-13,SKU-H01,54,Completed,862.38
ORD-03341,CLI-0032,2025-09-14,SKU-003,197,Completed,13736.810000000001
ORD-03342,CLI-0012,2025-09-14,SKU-003,254,Completed,17711.420000000002
ORD-03343,CLI-0087,2025-09-14,SKU-010,433,Completed,10664.789999999999
ORD-03344,CLI-0044,2025-09-14,SKU-017,88,Completed,14317.599999999999
ORD-03345,CLI-0071,2025-09-14,SKU-009,141,Completed,7539.2699999999995
ORD-03346,CLI-0061,2025-09-14,SKU-018,210,Completed,9544.5
ORD-03347,CLI-0046,2025-09-14,SKU-016,161,Completed,28268.38
ORD-03348,CLI-0074,2025-09-14,SKU-007,187,Completed,16450.39
ORD-03349,CLI-0024,2025-09-14,SKU-015,432,Completed,56311.2
ORD-03350,CLI-0088,2025-09-14,SKU-009,147,Completed,7860.09
ORD-03351,CLI-0064,2025-09-14,SKU-H01,427,Completed,6819.1900000000005
ORD-03352,CLI-0026,2025-09-14,SKU-012,170,Completed,6907.1
ORD-03353,CLI-0095,2025-09-14,SKU-H01,173,Completed,2762.81
ORD-03354,CLI-0034,2025-09-14,SKU-007,155,Completed,13635.35
ORD-03355,CLI-0030,2025-09-14,SKU-011,153,Completed,9952.65
ORD-03356,CLI-0032,2025-09-14,SKU-H01,478,Completed,7633.66
ORD-03357,CLI-0080,2025-09-14,SKU-H01,232,Completed,3705.04
ORD-03358,CLI-0020,2025-09-14,SKU-017,448,Completed,72889.59999999999
ORD-03359,CLI-0016,2025-09-15,SKU-008,90,Completed,13819.500000000002
ORD-03360,CLI-0087,2025-09-15,SKU-H01,389,Completed,6212.33
ORD-03361,CLI-0064,2025-09-15,SKU-010,364,Completed,8965.32
ORD-03362,CLI-0001,2025-09-15,SKU-008,441,Completed,67715.55
ORD-03363,CLI-0070,2025-09-15,SKU-005,71,Completed,12953.24
ORD-03364,CLI-0062,2025-09-15,SKU-019,240,Completed,43101.6
ORD-03365,CLI-0080,2025-09-15,SKU-010,211,Completed,5196.929999999999
ORD-03366,CLI-0064,2025-09-15,SKU-H01,344,Completed,5493.68
ORD-03367,CLI-0036,2025-09-15,SKU-014,301,Completed,49225.54
ORD-03368,CLI-0024,2025-09-15,SKU-016,441,Completed,77430.78
ORD-03369,CLI-0066,2025-09-15,SKU-H01,193,Completed,3082.21
ORD-03370,CLI-0051,2025-09-15,SKU-H01,163,Completed,2603.11
ORD-03371,CLI-0097,2025-09-15,SKU-H01,345,Completed,5509.650000000001
ORD-03372,CLI-0007,2025-09-16,SKU-010,319,Completed,7856.969999999999
ORD-03373,CLI-0055,2025-09-16,SKU-008,294,Completed,45143.700000000004
ORD-03374,CLI-0070,2025-09-16,SKU-008,66,Completed,10134.300000000001
ORD-03375,CLI-0065,2025-09-16,SKU-018,227,Completed,10317.150000000001
ORD-03376,CLI-0051,2025-09-16,SKU-013,490,Completed,91453.59999999999
ORD-03377,CLI-0088,2025-09-16,SKU-H01,447,Completed,7138.59
ORD-03378,CLI-0023,2025-09-16,SKU-H01,284,Completed,4535.4800000000005
ORD-03379,CLI-0016,2025-09-16,SKU-003,407,Completed,28380.11
ORD-03380,CLI-0067,2025-09-16,SKU-H01,285,Completed,4551.45
ORD-03381,CLI-0041,2025-09-16,SKU-010,402,Completed,9901.26
ORD-03382,CLI-0002,2025-09-16,SKU-017,56,Completed,9111.199999999999
ORD-03383,CLI-0087,2025-09-16,SKU-H01,157,Completed,2507.29
ORD-03384,CLI-0049,2025-09-16,SKU-006,347,Completed,19907.39
ORD-03385,CLI-0013,2025-09-16,SKU-013,216,Completed,40314.24
ORD-03386,CLI-0079,2025-09-17,SKU-002,491,Completed,64281.719999999994
ORD-03387,CLI-0034,2025-09-17,SKU-H01,145,Completed,2315.65
ORD-03388,CLI-0071,2025-09-17,SKU-004,184,Completed,19619.92
ORD-03389,CLI-0031,2025-09-17,SKU-H01,187,Completed,2986.3900000000003
ORD-03390,CLI-0061,2025-09-17,SKU-018,363,Completed,16498.350000000002
ORD-03391,CLI-0044,2025-09-17,SKU-H01,237,Completed,3784.8900000000003
ORD-03392,CLI-0024,2025-09-17,SKU-003,305,Completed,21267.65
ORD-03393,CLI-0055,2025-09-17,SKU-005,157,Completed,28643.079999999998
ORD-03394,CLI-0054,2025-09-17,SKU-019,408,Completed,73272.72
ORD-03395,CLI-0097,2025-09-17,SKU-H01,240,Completed,3832.8
ORD-03396,CLI-0047,2025-09-17,SKU-H01,487,Completed,7777.39
ORD-03397,CLI-0052,2025-09-17,SKU-H01,193,Completed,3082.21
ORD-03398,CLI-0058,2025-09-17,SKU-H01,142,Completed,2267.7400000000002
ORD-03399,CLI-0074,2025-09-17,SKU-H01,117,Completed,1868.49
ORD-03400,CLI-0074,2025-09-17,SKU-009,401,Completed,21441.47
ORD-03401,CLI-0030,2025-09-17,SKU-H01,466,Completed,7442.02
ORD-03402,CLI-0013,2025-09-17,SKU-H01,419,Completed,6691.43
ORD-03403,CLI-0035,2025-09-17,SKU-015,461,Completed,60091.35
ORD-03404,CLI-0031,2025-09-17,SKU-H01,334,Completed,5333.9800000000005
ORD-03405,CLI-0056,2025-09-17,SKU-H01,488,Completed,7793.360000000001
ORD-03406,CLI-0049,2025-09-17,SKU-H01,150,Completed,2395.5
ORD-03407,CLI-0095,2025-09-18,SKU-019,126,Completed,22628.34
ORD-03408,CLI-0061,2025-09-18,SKU-H01,462,Completed,7378.14
ORD-03409,CLI-0002,2025-09-18,SKU-017,140,Completed,22778.0
ORD-03410,CLI-0054,2025-09-18,SKU-013,305,Completed,56925.2
ORD-03411,CLI-0018,2025-09-18,SKU-H01,484,Completed,7729.4800000000005
ORD-03412,CLI-0081,2025-09-18,SKU-019,314,Completed,56391.26
ORD-03413,CLI-0069,2025-09-18,SKU-H01,418,Completed,6675.46
ORD-03414,CLI-0041,2025-09-18,SKU-H01,452,Completed,7218.4400000000005
ORD-03415,CLI-0063,2025-09-18,SKU-015,203,Completed,26461.05
ORD-03416,CLI-0033,2025-09-18,SKU-011,337,Completed,21921.85
ORD-03417,CLI-0073,2025-09-18,SKU-008,74,Completed,11362.7
ORD-03418,CLI-0051,2025-09-18,SKU-H01,100,Completed,1597.0
ORD-03419,CLI-0089,2025-09-18,SKU-004,133,Completed,14181.789999999999
ORD-03420,CLI-0008,2025-09-18,SKU-013,160,Completed,29862.399999999998
ORD-03421,CLI-0061,2025-09-19,SKU-H01,479,Completed,7649.63
ORD-03422,CLI-0081,2025-09-19,SKU-H01,99,Completed,1581.03
ORD-03423,CLI-0058,2025-09-19,SKU-H01,431,Completed,6883.070000000001
ORD-03424,CLI-0043,2025-09-19,SKU-H01,183,Completed,2922.51
ORD-03425,CLI-0047,2025-09-19,SKU-016,234,Completed,41085.72
ORD-03426,CLI-0072,2025-09-19,SKU-003,335,Completed,23359.550000000003
ORD-03427,CLI-0033,2025-09-19,SKU-019,226,Completed,40587.340000000004
ORD-03428,CLI-0003,2025-09-19,SKU-H01,260,Completed,4152.2
ORD-03429,CLI-0016,2025-09-19,SKU-011,229,Completed,14896.449999999999
ORD-03430,CLI-0087,2025-09-19,SKU-H01,360,Completed,5749.2
ORD-03431,CLI-0026,2025-09-19,SKU-H01,345,Completed,5509.650000000001
ORD-03432,CLI-0074,2025-09-19,SKU-H01,382,Completed,6100.54
ORD-03433,CLI-0084,2025-09-19,SKU-H01,325,Completed,5190.25
ORD-03434,CLI-0023,2025-09-19,SKU-006,449,Completed,25759.129999999997
ORD-03435,CLI-0037,2025-09-19,SKU-Z99,231,Completed,115500.0
ORD-03436,CLI-0042,2025-09-19,SKU-010,394,Completed,9704.22
ORD-03437,CLI-0066,2025-09-19,SKU-H01,299,Completed,4775.03
ORD-03438,CLI-0100,2025-09-19,SKU-H01,427,Completed,6819.1900000000005
ORD-03439,CLI-0011,2025-09-20,SKU-H01,245,Completed,3912.65
ORD-03440,CLI-0079,2025-09-20,SKU-006,196,Completed,11244.519999999999
ORD-03441,CLI-0060,2025-09-20,SKU-013,373,Completed,69616.72
ORD-03442,CLI-0019,2025-09-20,SKU-018,494,Completed,22452.300000000003
ORD-03443,CLI-0022,2025-09-20,SKU-H01,377,Completed,6020.6900000000005
ORD-03444,CLI-0044,2025-09-20,SKU-005,265,Completed,48346.6
ORD-03445,CLI-0081,2025-09-20,SKU-004,363,Completed,38706.689999999995
ORD-03446,CLI-0074,2025-09-20,SKU-009,257,Completed,13741.789999999999
ORD-03447,CLI-0010,2025-09-20,SKU-006,90,Completed,5163.3
ORD-03448,CLI-0021,2025-09-20,SKU-010,225,Completed,5541.75
ORD-03449,CLI-0030,2025-09-20,SKU-009,210,Completed,11228.699999999999
ORD-03450,CLI-0041,2025-09-20,SKU-H01,384,Completed,6132.4800000000005
ORD-03451,CLI-0038,2025-09-20,SKU-014,413,Completed,67542.01999999999
ORD-03452,CLI-0035,2025-09-20,SKU-H01,359,Completed,5733.2300000000005
ORD-03453,CLI-0083,2025-09-20,SKU-011,252,Completed,16392.6
ORD-03454,CLI-0035,2025-09-20,SKU-002,277,Completed,36264.84
ORD-03455,CLI-0100,2025-09-20,SKU-005,491,Completed,89578.04
ORD-03456,CLI-0047,2025-09-20,SKU-017,432,Completed,70286.4
ORD-03457,CLI-0076,2025-09-20,SKU-016,316,Completed,55483.280000000006
ORD-03458,CLI-0058,2025-09-20,SKU-014,261,Completed,42683.939999999995
ORD-03459,CLI-0022,2025-09-20,SKU-005,144,Completed,26271.36
ORD-03460,CLI-0003,2025-09-20,SKU-012,114,Completed,4631.820000000001
ORD-03461,CLI-0094,2025-09-20,SKU-005,170,Completed,31014.8
ORD-03462,CLI-0085,2025-09-20,SKU-016,178,Completed,31253.24
ORD-03463,CLI-0027,2025-09-21,SKU-002,135,Completed,17674.199999999997
ORD-03464,CLI-0051,2025-09-21,SKU-019,102,Completed,18318.18
ORD-03465,CLI-0013,2025-09-21,SKU-018,82,Completed,3726.9
ORD-03466,CLI-0061,2025-09-21,SKU-012,330,Completed,13407.900000000001
ORD-03467,CLI-0007,2025-09-21,SKU-H01,63,Completed,1006.11
ORD-03468,CLI-0099,2025-09-21,SKU-H01,253,Completed,4040.4100000000003
ORD-03469,CLI-0068,2025-09-21,SKU-015,441,Completed,57484.35
ORD-03470,CLI-0011,2025-09-21,SKU-H01,103,Completed,1644.91
ORD-03471,CLI-0034,2025-09-21,SKU-015,366,Completed,47708.1
ORD-03472,CLI-0020,2025-09-21,SKU-004,93,Completed,9916.59
ORD-03473,CLI-0084,2025-09-21,SKU-002,249,Completed,32599.079999999998
ORD-03474,CLI-0040,2025-09-21,SKU-017,167,Completed,27170.899999999998
ORD-03475,CLI-0095,2025-09-22,SKU-008,195,Completed,29942.250000000004
ORD-03476,CLI-0057,2025-09-22,SKU-007,370,Completed,32548.899999999998
ORD-03477,CLI-0017,2025-09-22,SKU-006,117,Completed,6712.29
ORD-03478,CLI-0068,2025-09-22,SKU-H01,479,Completed,7649.63
ORD-03479,CLI-0022,2025-09-22,SKU-013,64,Completed,11944.96
ORD-03480,CLI-0005,2025-09-22,SKU-H01,389,Completed,6212.33
ORD-03481,CLI-0046,2025-09-22,SKU-018,490,Completed,22270.5
ORD-03482,CLI-0042,2025-09-22,SKU-017,492,Completed,80048.4
ORD-03483,CLI-0061,2025-09-22,SKU-H01,289,Completed,4615.33
ORD-03484,CLI-0070,2025-09-22,SKU-012,189,Completed,7679.070000000001
ORD-03485,CLI-0071,2025-09-22,SKU-007,277,Completed,24367.69
ORD-03486,CLI-0018,2025-09-22,SKU-H01,407,Completed,6499.79
ORD-03487,CLI-0070,2025-09-22,SKU-019,140,Completed,25142.600000000002
ORD-03488,CLI-0076,2025-09-22,SKU-H01,355,Completed,5669.35
ORD-03489,CLI-0059,2025-09-22,SKU-H01,373,Completed,5956.81
ORD-03490,CLI-0096,2025-09-22,SKU-005,375,Completed,68415.0
ORD-03491,CLI-0073,2025-09-22,SKU-005,272,Completed,49623.68
ORD-03492,CLI-0082,2025-09-23,SKU-007,377,Completed,33164.69
ORD-03493,CLI-0069,2025-09-23,SKU-012,208,Completed,8451.04
ORD-03494,CLI-0045,2025-09-23,SKU-008,296,Completed,45450.8
ORD-03495,CLI-0070,2025-09-23,SKU-008,166,Completed,25489.300000000003
ORD-03496,CLI-0012,2025-09-23,SKU-H01,276,Completed,4407.72
ORD-03497,CLI-0040,2025-09-23,SKU-H01,237,Completed,3784.8900000000003
ORD-03498,CLI-0053,2025-09-23,SKU-H01,183,Completed,2922.51
ORD-03499,CLI-0020,2025-09-23,SKU-H01,205,Completed,3273.85
ORD-03500,CLI-0002,2025-09-23,SKU-006,50,Completed,2868.5
ORD-03501,CLI-0067,2025-09-23,SKU-H01,467,Completed,7457.990000000001
ORD-03502,CLI-0098,2025-09-23,SKU-H01,484,Completed,7729.4800000000005
ORD-03503,CLI-0018,2025-09-23,SKU-H01,226,Completed,3609.2200000000003
ORD-03504,CLI-0037,2025-09-23,SKU-018,290,Completed,13180.5
ORD-03505,CLI-0069,2025-09-23,SKU-018,54,Completed,2454.3
ORD-03506,CLI-0089,2025-09-23,SKU-008,301,Completed,46218.55
ORD-03507,CLI-0097,2025-09-23,SKU-018,294,Completed,13362.300000000001
ORD-03508,CLI-0039,2025-09-23,SKU-013,54,Completed,10078.56
ORD-03509,CLI-0099,2025-09-23,SKU-007,270,Completed,23751.9
ORD-03510,CLI-0038,2025-09-23,SKU-H01,355,Completed,5669.35
ORD-03511,CLI-0030,2025-09-23,SKU-013,457,Completed,85294.48
ORD-03512,CLI-0001,2025-09-23,SKU-011,330,Completed,21466.5
ORD-03513,CLI-0048,2025-09-23,SKU-008,146,Completed,22418.300000000003
ORD-03514,CLI-0053,2025-09-23,SKU-012,337,Completed,13692.310000000001
ORD-03515,CLI-0056,2025-09-23,SKU-005,252,Completed,45974.88
ORD-03516,CLI-0032,2025-09-23,SKU-011,133,Completed,8651.65
ORD-03517,CLI-0092,2025-09-23,SKU-018,427,Completed,19407.15
ORD-03518,CLI-0050,2025-09-24,SKU-H01,474,Completed,7569.780000000001
ORD-03519,CLI-0049,2025-09-24,SKU-011,162,Completed,10538.1
ORD-03520,CLI-0034,2025-09-24,SKU-004,90,Completed,9596.699999999999
ORD-03521,CLI-0055,2025-09-24,SKU-010,370,Completed,9113.1
ORD-03522,CLI-0031,2025-09-24,SKU-013,314,Completed,58604.96
ORD-03523,CLI-0098,2025-09-24,SKU-H01,459,Completed,7330.2300000000005
ORD-03524,CLI-0079,2025-09-24,SKU-009,463,Completed,24756.61
ORD-03525,CLI-0089,2025-09-24,SKU-H01,400,Completed,6388.0
ORD-03526,CLI-0035,2025-09-24,SKU-010,195,Completed,4802.849999999999
ORD-03527,CLI-0084,2025-09-24,SKU-004,430,Completed,45850.9
ORD-03528,CLI-0069,2025-09-24,SKU-013,464,Completed,86600.95999999999
ORD-03529,CLI-0035,2025-09-24,SKU-H01,261,Completed,4168.17
ORD-03530,CLI-0025,2025-09-24,SKU-008,486,Completed,74625.3
ORD-03531,CLI-0009,2025-09-24,SKU-H01,143,Completed,2283.71
ORD-03532,CLI-0018,2025-09-24,SKU-015,198,Completed,25809.3
ORD-03533,CLI-0015,2025-09-24,SKU-018,376,Completed,17089.2
ORD-03534,CLI-0059,2025-09-24,SKU-Z99,366,Completed,183000.0
ORD-03535,CLI-0058,2025-09-24,SKU-014,189,Completed,30909.059999999998
ORD-03536,CLI-0090,2025-09-24,SKU-012,368,Completed,14951.84
ORD-03537,CLI-0063,2025-09-24,SKU-H01,146,Completed,2331.62
ORD-03538,CLI-0042,2025-09-24,SKU-H01,59,Completed,942.23
ORD-03539,CLI-0020,2025-09-24,SKU-004,75,Completed,7997.25
ORD-03540,CLI-0069,2025-09-24,SKU-013,61,Completed,11385.039999999999
ORD-03541,CLI-0024,2025-09-24,SKU-017,102,Completed,16595.399999999998
ORD-03542,CLI-0037,2025-09-24,SKU-H01,187,Completed,2986.3900000000003
ORD-03543,CLI-0017,2025-09-24,SKU-017,416,Completed,67683.2
ORD-03544,CLI-0057,2025-09-24,SKU-011,422,Completed,27451.1
ORD-03545,CLI-0002,2025-09-24,SKU-008,169,Completed,25949.95
ORD-03546,CLI-0012,2025-09-24,SKU-H01,127,Completed,2028.19
ORD-03547,CLI-0002,2025-09-24,SKU-H01,302,Completed,4822.9400000000005
ORD-03548,CLI-0044,2025-09-25,SKU-007,265,Completed,23312.05
ORD-03549,CLI-0040,2025-09-25,SKU-009,452,Completed,24168.44
ORD-03550,CLI-0064,2025-09-25,SKU-H01,240,Completed,3832.8
ORD-03551,CLI-0060,2025-09-25,SKU-006,406,Completed,23292.219999999998
ORD-03552,CLI-0005,2025-09-25,SKU-015,219,Completed,28546.649999999998
ORD-03553,CLI-0011,2025-09-25,SKU-015,481,Completed,62698.35
ORD-03554,CLI-0097,2025-09-25,SKU-018,124,Completed,5635.8
ORD-03555,CLI-0008,2025-09-25,SKU-H01,186,Completed,2970.42
ORD-03556,CLI-0100,2025-09-25,SKU-H01,250,Completed,3992.5
ORD-03557,CLI-0010,2025-09-25,SKU-012,328,Completed,13326.640000000001
ORD-03558,CLI-0061,2025-09-25,SKU-002,142,Completed,18590.64
ORD-03559,CLI-0025,2025-09-25,SKU-H01,480,Completed,7665.6
ORD-03560,CLI-0033,2025-09-25,SKU-H01,468,Completed,7473.96
ORD-03561,CLI-0049,2025-09-25,SKU-002,474,Completed,62056.079999999994
ORD-03562,CLI-0002,2025-09-25,SKU-H01,112,Completed,1788.64
ORD-03563,CLI-0099,2025-09-25,SKU-H01,415,Completed,6627.55
ORD-03564,CLI-0050,2025-09-26,SKU-H01,444,Completed,7090.68
ORD-03565,CLI-0057,2025-09-26,SKU-H01,176,Completed,2810.7200000000003
ORD-03566,CLI-0095,2025-09-26,SKU-009,67,Completed,3582.49
ORD-03567,CLI-0026,2025-09-26,SKU-008,285,Completed,43761.75
ORD-03568,CLI-0095,2025-09-26,SKU-009,444,Completed,23740.68
ORD-03569,CLI-0013,2025-09-26,SKU-H01,316,Completed,5046.52
ORD-03570,CLI-0086,2025-09-26,SKU-H01,156,Completed,2491.32
ORD-03571,CLI-0061,2025-09-26,SKU-008,249,Completed,38233.950000000004
ORD-03572,CLI-0088,2025-09-26,SKU-008,209,Completed,32091.95
ORD-03573,CLI-0042,2025-09-26,SKU-005,131,Completed,23899.64
ORD-03574,CLI-0081,2025-09-26,SKU-H01,422,Completed,6739.34
ORD-03575,CLI-0006,2025-09-26,SKU-017,431,Completed,70123.7
ORD-03576,CLI-0071,2025-09-26,SKU-H01,316,Completed,5046.52
ORD-03577,CLI-0016,2025-09-26,SKU-003,179,Completed,12481.67
ORD-03578,CLI-0062,2025-09-26,SKU-010,376,Completed,9260.88
ORD-03579,CLI-0039,2025-09-26,SKU-006,151,Completed,8662.869999999999
ORD-03580,CLI-0047,2025-09-26,SKU-H01,76,Completed,1213.72
ORD-03581,CLI-0015,2025-09-27,SKU-003,170,Completed,11854.1
ORD-03582,CLI-0082,2025-09-27,SKU-014,272,Completed,44482.88
ORD-03583,CLI-0042,2025-09-27,SKU-H01,57,Completed,910.2900000000001
ORD-03584,CLI-0022,2025-09-27,SKU-H01,456,Completed,7282.320000000001
ORD-03585,CLI-0036,2025-09-27,SKU-H01,349,Completed,5573.530000000001
ORD-03586,CLI-0016,2025-09-27,SKU-015,252,Completed,32848.2
ORD-03587,CLI-0032,2025-09-27,SKU-H01,54,Completed,862.38
ORD-03588,CLI-0006,2025-09-27,SKU-Z99,347,Completed,173500.0
ORD-03589,CLI-0089,2025-09-27,SKU-006,293,Completed,16809.41
ORD-03590,CLI-0089,2025-09-27,SKU-019,355,Completed,63754.450000000004
ORD-03591,CLI-0020,2025-09-27,SKU-018,240,Completed,10908.0
ORD-03592,CLI-0099,2025-09-27,SKU-003,95,Completed,6624.35
ORD-03593,CLI-0032,2025-09-27,SKU-H01,130,Completed,2076.1
ORD-03594,CLI-0064,2025-09-27,SKU-H01,96,Completed,1533.1200000000001
ORD-03595,CLI-0088,2025-09-27,SKU-H01,366,Completed,5845.02
ORD-03596,CLI-0044,2025-09-27,SKU-011,438,Completed,28491.899999999998
ORD-03597,CLI-0008,2025-09-28,SKU-H01,80,Completed,1277.6000000000001
ORD-03598,CLI-0046,2025-09-28,SKU-H01,380,Completed,6068.6
ORD-03599,CLI-0020,2025-09-28,SKU-003,409,Completed,28519.570000000003
ORD-03600,CLI-0069,2025-09-28,SKU-017,455,Completed,74028.5
ORD-03601,CLI-0014,2025-09-28,SKU-H01,114,Completed,1820.5800000000002
ORD-03602,CLI-0063,2025-09-28,SKU-H01,169,Completed,2698.9300000000003
ORD-03603,CLI-0041,2025-09-28,SKU-H01,335,Completed,5349.95
ORD-03604,CLI-0083,2025-09-28,SKU-017,437,Completed,71099.9
ORD-03605,CLI-0045,2025-09-28,SKU-009,462,Completed,24703.14
ORD-03606,CLI-0057,2025-09-28,SKU-H01,425,Completed,6787.25
ORD-03607,CLI-0025,2025-09-28,SKU-H01,60,Completed,958.2
ORD-03608,CLI-0089,2025-09-28,SKU-H01,243,Completed,3880.71
ORD-03609,CLI-0046,2025-09-28,SKU-H01,420,Completed,6707.400000000001
ORD-03610,CLI-0018,2025-09-28,SKU-018,178,Completed,8090.1
ORD-03611,CLI-0006,2025-09-28,SKU-013,298,Completed,55618.719999999994
ORD-03612,CLI-0091,2025-09-28,SKU-003,274,Completed,19106.02
ORD-03613,CLI-0072,2025-09-28,SKU-016,200,Completed,35116.0
ORD-03614,CLI-0070,2025-09-28,SKU-H01,406,Completed,6483.820000000001
ORD-03615,CLI-0063,2025-09-28,SKU-011,147,Completed,9562.35
ORD-03616,CLI-0073,2025-09-28,SKU-015,145,Completed,18900.75
ORD-03617,CLI-0070,2025-09-28,SKU-H01,228,Completed,3641.1600000000003
ORD-03618,CLI-0042,2025-09-28,SKU-012,424,Completed,17227.120000000003
ORD-03619,CLI-0060,2025-09-28,SKU-H01,190,Completed,3034.3
ORD-03620,CLI-0077,2025-09-28,SKU-H01,490,Completed,7825.3
ORD-03621,CLI-0071,2025-09-28,SKU-H01,132,Completed,2108.04
ORD-03622,CLI-0009,2025-09-28,SKU-003,321,Completed,22383.33
ORD-03623,CLI-0020,2025-09-28,SKU-012,280,Completed,11376.400000000001
ORD-03624,CLI-0038,2025-09-28,SKU-018,469,Completed,21316.050000000003
ORD-03625,CLI-0034,2025-09-28,SKU-008,327,Completed,50210.850000000006
ORD-03626,CLI-0047,2025-09-28,SKU-016,282,Completed,49513.560000000005
ORD-03627,CLI-0100,2025-09-29,SKU-014,376,Completed,61491.03999999999
ORD-03628,CLI-0065,2025-09-29,SKU-H01,244,Completed,3896.6800000000003
ORD-03629,CLI-0094,2025-09-29,SKU-004,144,Completed,15354.72
ORD-03630,CLI-0003,2025-09-29,SKU-H01,367,Completed,5860.99
ORD-03631,CLI-0047,2025-09-29,SKU-010,447,Completed,11009.609999999999
ORD-03632,CLI-0080,2025-09-29,SKU-018,172,Completed,7817.400000000001
ORD-03633,CLI-0042,2025-09-29,SKU-H01,419,Completed,6691.43
ORD-03634,CLI-0009,2025-09-29,SKU-012,387,Completed,15723.810000000001
ORD-03635,CLI-0069,2025-09-29,SKU-009,469,Completed,25077.43
ORD-03636,CLI-0050,2025-09-29,SKU-007,147,Completed,12931.59
ORD-03637,CLI-0088,2025-09-30,SKU-H01,304,Completed,4854.88
ORD-03638,CLI-0099,2025-09-30,SKU-H01,332,Completed,5302.04
ORD-03639,CLI-0020,2025-09-30,SKU-H01,363,Completed,5797.110000000001
ORD-03640,CLI-0037,2025-09-30,SKU-H01,215,Completed,3433.55
ORD-03641,CLI-0053,2025-09-30,SKU-H01,378,Completed,6036.66
ORD-03642,CLI-0042,2025-09-30,SKU-007,106,Completed,9324.82
ORD-03643,CLI-0013,2025-09-30,SKU-H01,317,Completed,5062.49
ORD-03644,CLI-0085,2025-09-30,SKU-016,84,Completed,14748.720000000001
ORD-03645,CLI-0006,2025-09-30,SKU-005,477,Completed,87023.88
ORD-03646,CLI-0017,2025-09-30,SKU-011,141,Completed,9172.05
ORD-03647,CLI-0005,2025-09-30,SKU-002,153,Completed,20030.76
ORD-03648,CLI-0014,2025-09-30,SKU-006,298,Completed,17096.26
ORD-03649,CLI-0025,2025-09-30,SKU-018,100,Completed,4545.0
ORD-03650,CLI-0005,2025-09-30,SKU-H01,342,Completed,5461.74
ORD-03651,CLI-0083,2025-09-30,SKU-H01,478,Completed,7633.66
ORD-03652,CLI-0050,2025-09-30,SKU-013,386,Completed,72043.04
ORD-03653,CLI-0063,2025-09-30,SKU-H01,319,Completed,5094.43
ORD-03654,CLI-0080,2025-09-30,SKU-H01,409,Completed,6531.7300000000005
ORD-03655,CLI-0076,2025-09-30,SKU-H01,181,Completed,2890.57
ORD-03656,CLI-0007,2025-09-30,SKU-H01,237,Completed,3784.8900000000003
ORD-03657,CLI-0029,2025-09-30,SKU-007,360,Completed,31669.2
ORD-03658,CLI-0092,2025-09-30,SKU-H01,86,Completed,1373.42
ORD-03659,CLI-0002,2025-09-30,SKU-017,156,Completed,25381.199999999997
ORD-03660,CLI-0084,2025-09-30,SKU-013,301,Completed,56178.64
ORD-03661,CLI-0011,2025-09-30,SKU-011,289,Completed,18799.45
ORD-03662,CLI-0082,2025-09-30,SKU-008,81,Completed,12437.550000000001
ORD-03663,CLI-0072,2025-10-01,SKU-016,430,Completed,75499.40000000001
ORD-03664,CLI-0054,2025-10-01,SKU-H01,470,Completed,7505.900000000001
ORD-03665,CLI-0048,2025-10-01,SKU-016,456,Completed,80064.48000000001
ORD-03666,CLI-0091,2025-10-01,SKU-013,79,Completed,14744.56
ORD-03667,CLI-0079,2025-10-01,SKU-012,186,Completed,7557.18
ORD-03668,CLI-0068,2025-10-01,SKU-006,70,Completed,4015.8999999999996
ORD-03669,CLI-0094,2025-10-01,SKU-H01,86,Completed,1373.42
ORD-03670,CLI-0039,2025-10-01,SKU-002,89,Completed,11651.88
ORD-03671,CLI-0028,2025-10-01,SKU-014,315,Completed,51515.1
ORD-03672,CLI-0013,2025-10-01,SKU-H01,101,Completed,1612.97
ORD-03673,CLI-0093,2025-10-01,SKU-013,168,Completed,31355.519999999997
ORD-03674,CLI-0069,2025-10-01,SKU-H01,247,Completed,3944.59
ORD-03675,CLI-0025,2025-10-01,SKU-H01,148,Completed,2363.56
ORD-03676,CLI-0068,2025-10-01,SKU-H01,386,Completed,6164.42
ORD-03677,CLI-0032,2025-10-01,SKU-H01,341,Completed,5445.77
ORD-03678,CLI-0081,2025-10-01,SKU-005,141,Completed,25724.04
ORD-03679,CLI-0072,2025-10-01,SKU-H01,433,Completed,6915.01
ORD-03680,CLI-0072,2025-10-01,SKU-019,262,Completed,47052.58
ORD-03681,CLI-0096,2025-10-01,SKU-007,104,Completed,9148.88
ORD-03682,CLI-0099,2025-10-01,SKU-H01,376,Completed,6004.72
ORD-03683,CLI-0074,2025-10-01,SKU-010,233,Completed,5738.79
ORD-03684,CLI-0090,2025-10-02,SKU-017,390,Completed,63452.99999999999
ORD-03685,CLI-0055,2025-10-02,SKU-012,103,Completed,4184.89
ORD-03686,CLI-0022,2025-10-02,SKU-H01,455,Completed,7266.35
ORD-03687,CLI-0024,2025-10-02,SKU-017,331,Completed,53853.7
ORD-03688,CLI-0052,2025-10-02,SKU-014,308,Completed,50370.32
ORD-03689,CLI-0044,2025-10-02,SKU-H01,386,Completed,6164.42
ORD-03690,CLI-0021,2025-10-02,SKU-H01,323,Completed,5158.31
ORD-03691,CLI-0077,2025-10-02,SKU-006,276,Completed,15834.119999999999
ORD-03692,CLI-0046,2025-10-02,SKU-H01,211,Completed,3369.67
ORD-03693,CLI-0071,2025-10-02,SKU-015,216,Completed,28155.6
ORD-03694,CLI-0048,2025-10-02,SKU-H01,261,Completed,4168.17
ORD-03695,CLI-0098,2025-10-02,SKU-017,374,Completed,60849.799999999996
ORD-03696,CLI-0056,2025-10-02,SKU-007,472,Completed,41521.84
ORD-03697,CLI-0093,2025-10-02,SKU-H01,215,Completed,3433.55
ORD-03698,CLI-0078,2025-10-02,SKU-H01,173,Completed,2762.81
ORD-03699,CLI-0073,2025-10-02,SKU-007,329,Completed,28942.13
ORD-03700,CLI-0028,2025-10-02,SKU-013,242,Completed,45166.88
ORD-03701,CLI-0099,2025-10-02,SKU-013,331,Completed,61777.84
ORD-03702,CLI-0096,2025-10-02,SKU-H01,180,Completed,2874.6
ORD-03703,CLI-0047,2025-10-02,SKU-H01,281,Completed,4487.570000000001
ORD-03704,CLI-0058,2025-10-02,SKU-H01,253,Completed,4040.4100000000003
ORD-03705,CLI-0001,2025-10-02,SKU-010,421,Completed,10369.23
ORD-03706,CLI-0005,2025-10-02,SKU-H01,195,Completed,3114.15
ORD-03707,CLI-0077,2025-10-02,SKU-002,58,Completed,7593.36
ORD-03708,CLI-0018,2025-10-03,SKU-008,204,Completed,31324.2
ORD-03709,CLI-0001,2025-10-03,SKU-018,203,Completed,9226.35
ORD-03710,CLI-0029,2025-10-03,SKU-H01,159,Completed,2539.23
ORD-03711,CLI-0041,2025-10-03,SKU-H01,61,Completed,974.1700000000001
ORD-03712,CLI-0099,2025-10-03,SKU-009,470,Completed,25130.899999999998
ORD-03713,CLI-0089,2025-10-03,SKU-008,471,Completed,72322.05
ORD-03714,CLI-0036,2025-10-03,SKU-H01,333,Completed,5318.01
ORD-03715,CLI-0066,2025-10-03,SKU-018,334,Completed,15180.300000000001
ORD-03716,CLI-0074,2025-10-03,SKU-015,342,Completed,44579.7
ORD-03717,CLI-0020,2025-10-03,SKU-H01,98,Completed,1565.0600000000002
ORD-03718,CLI-0005,2025-10-03,SKU-H01,285,Completed,4551.45
ORD-03719,CLI-0046,2025-10-03,SKU-005,129,Completed,23534.76
ORD-03720,CLI-0018,2025-10-03,SKU-013,185,Completed,34528.399999999994
ORD-03721,CLI-0047,2025-10-03,SKU-H01,348,Completed,5557.56
ORD-03722,CLI-0032,2025-10-03,SKU-010,169,Completed,4162.47
ORD-03723,CLI-0033,2025-10-03,SKU-009,465,Completed,24863.55
ORD-03724,CLI-0039,2025-10-03,SKU-H01,97,Completed,1549.0900000000001
ORD-03725,CLI-0074,2025-10-03,SKU-010,254,Completed,6256.0199999999995
ORD-03726,CLI-0073,2025-10-03,SKU-018,161,Completed,7317.450000000001
ORD-03727,CLI-0094,2025-10-03,SKU-H01,89,Completed,1421.3300000000002
ORD-03728,CLI-0093,2025-10-03,SKU-H01,216,Completed,3449.52
ORD-03729,CLI-0062,2025-10-03,SKU-003,138,Completed,9622.74
ORD-03730,CLI-0063,2025-10-03,SKU-017,472,Completed,76794.4
ORD-03731,CLI-0089,2025-10-03,SKU-019,409,Completed,73452.31
ORD-03732,CLI-0074,2025-10-03,SKU-003,469,Completed,32703.370000000003
ORD-03733,CLI-0013,2025-10-03,SKU-012,354,Completed,14383.02
ORD-03734,CLI-0039,2025-10-04,SKU-006,69,Completed,3958.5299999999997
ORD-03735,CLI-0094,2025-10-04,SKU-006,463,Completed,26562.309999999998
ORD-03736,CLI-0074,2025-10-04,SKU-H01,245,Completed,3912.65
ORD-03737,CLI-0011,2025-10-04,SKU-H01,449,Completed,7170.530000000001
ORD-03738,CLI-0008,2025-10-04,SKU-H01,444,Completed,7090.68
ORD-03739,CLI-0043,2025-10-04,SKU-006,228,Completed,13080.359999999999
ORD-03740,CLI-0056,2025-10-04,SKU-H01,263,Completed,4200.110000000001
ORD-03741,CLI-0016,2025-10-04,SKU-017,495,Completed,80536.5
ORD-03742,CLI-0099,2025-10-04,SKU-H01,166,Completed,2651.02
ORD-03743,CLI-0096,2025-10-04,SKU-H01,384,Completed,6132.4800000000005
ORD-03744,CLI-0078,2025-10-04,SKU-005,55,Completed,10034.2
ORD-03745,CLI-0082,2025-10-04,SKU-011,448,Completed,29142.399999999998
ORD-03746,CLI-0081,2025-10-04,SKU-H01,245,Completed,3912.65
ORD-03747,CLI-0007,2025-10-04,SKU-H01,206,Completed,3289.82
ORD-03748,CLI-0068,2025-10-04,SKU-019,71,Completed,12750.89
ORD-03749,CLI-0041,2025-10-04,SKU-H01,326,Completed,5206.22
ORD-03750,CLI-0073,2025-10-04,SKU-H01,126,Completed,2012.22
ORD-03751,CLI-0042,2025-10-04,SKU-015,307,Completed,40017.45
ORD-03752,CLI-0090,2025-10-04,SKU-H01,163,Completed,2603.11
ORD-03753,CLI-0020,2025-10-04,SKU-003,75,Completed,5229.75
ORD-03754,CLI-0087,2025-10-04,SKU-H01,424,Completed,6771.280000000001
ORD-03755,CLI-0051,2025-10-04,SKU-H01,278,Completed,4439.66
ORD-03756,CLI-0097,2025-10-04,SKU-H01,354,Completed,5653.38
ORD-03757,CLI-0074,2025-10-04,SKU-H01,308,Completed,4918.76
ORD-03758,CLI-0012,2025-10-04,SKU-H01,163,Completed,2603.11
ORD-03759,CLI-0056,2025-10-04,SKU-H01,198,Completed,3162.06
ORD-03760,CLI-0051,2025-10-04,SKU-013,125,Completed,23330.0
ORD-03761,CLI-0017,2025-10-04,SKU-H01,222,Completed,3545.34
ORD-03762,CLI-0011,2025-10-04,SKU-003,293,Completed,20430.89
ORD-03763,CLI-0074,2025-10-04,SKU-017,431,Completed,70123.7
ORD-03764,CLI-0071,2025-10-05,SKU-009,254,Completed,13581.38
ORD-03765,CLI-0034,2025-10-05,SKU-H01,93,Completed,1485.21
ORD-03766,CLI-0052,2025-10-05,SKU-018,306,Completed,13907.7
ORD-03767,CLI-0056,2025-10-05,SKU-H01,446,Completed,7122.62
ORD-03768,CLI-0090,2025-10-05,SKU-H01,116,Completed,1852.52
ORD-03769,CLI-0098,2025-10-05,SKU-013,119,Completed,22210.16
ORD-03770,CLI-0062,2025-10-05,SKU-005,336,Completed,61299.84
ORD-03771,CLI-0026,2025-10-05,SKU-003,299,Completed,20849.27
ORD-03772,CLI-0051,2025-10-05,SKU-H01,383,Completed,6116.51
ORD-03773,CLI-0074,2025-10-05,SKU-006,150,Completed,8605.5
ORD-03774,CLI-0072,2025-10-05,SKU-H01,365,Completed,5829.05
ORD-03775,CLI-0032,2025-10-06,SKU-017,174,Completed,28309.8
ORD-03776,CLI-0010,2025-10-06,SKU-H01,186,Completed,2970.42
ORD-03777,CLI-0100,2025-10-06,SKU-016,270,Completed,47406.600000000006
ORD-03778,CLI-0042,2025-10-06,SKU-006,400,Completed,22948.0
ORD-03779,CLI-0074,2025-10-06,SKU-015,95,Completed,12383.25
ORD-03780,CLI-0015,2025-10-06,SKU-011,393,Completed,25564.649999999998
ORD-03781,CLI-0053,2025-10-06,SKU-011,266,Completed,17303.3
ORD-03782,CLI-0047,2025-10-06,SKU-H01,228,Completed,3641.1600000000003
ORD-03783,CLI-0025,2025-10-06,SKU-H01,214,Completed,3417.58
ORD-03784,CLI-0045,2025-10-06,SKU-H01,354,Completed,5653.38
ORD-03785,CLI-0084,2025-10-06,SKU-015,62,Completed,8081.7
ORD-03786,CLI-0099,2025-10-06,SKU-014,206,Completed,33689.24
ORD-03787,CLI-0022,2025-10-06,SKU-003,229,Completed,15968.17
ORD-03788,CLI-0079,2025-10-06,SKU-H01,470,Completed,7505.900000000001
ORD-03789,CLI-0057,2025-10-06,SKU-H01,369,Completed,5892.93
ORD-03790,CLI-0019,2025-10-06,SKU-008,275,Completed,42226.25
ORD-03791,CLI-0006,2025-10-06,SKU-003,468,Completed,32633.640000000003
ORD-03792,CLI-0030,2025-10-06,SKU-013,152,Completed,28369.28
ORD-03793,CLI-0088,2025-10-06,SKU-Z99,241,Completed,120500.0
ORD-03794,CLI-0020,2025-10-06,SKU-H01,437,Completed,6978.89
ORD-03795,CLI-0094,2025-10-06,SKU-003,486,Completed,33888.78
ORD-03796,CLI-0011,2025-10-06,SKU-002,107,Completed,14008.439999999999
ORD-03797,CLI-0095,2025-10-06,SKU-H01,77,Completed,1229.69
ORD-03798,CLI-0032,2025-10-06,SKU-H01,367,Completed,5860.99
ORD-03799,CLI-0019,2025-10-06,SKU-H01,494,Completed,7889.18
ORD-03800,CLI-0037,2025-10-06,SKU-016,57,Completed,10008.060000000001
ORD-03801,CLI-0089,2025-10-07,SKU-002,461,Completed,60354.119999999995
ORD-03802,CLI-0015,2025-10-07,SKU-004,206,Completed,21965.78
ORD-03803,CLI-0058,2025-10-07,SKU-017,291,Completed,47345.7
ORD-03804,CLI-0003,2025-10-07,SKU-013,219,Completed,40874.159999999996
ORD-03805,CLI-0027,2025-10-07,SKU-H01,428,Completed,6835.16
ORD-03806,CLI-0069,2025-10-07,SKU-007,158,Completed,13899.26
ORD-03807,CLI-0027,2025-10-07,SKU-003,329,Completed,22941.170000000002
ORD-03808,CLI-0067,2025-10-07,SKU-014,434,Completed,70976.36
ORD-03809,CLI-0034,2025-10-07,SKU-011,330,Completed,21466.5
ORD-03810,CLI-0062,2025-10-07,SKU-010,368,Completed,9063.84
ORD-03811,CLI-0094,2025-10-07,SKU-H01,122,Completed,1948.3400000000001
ORD-03812,CLI-0089,2025-10-07,SKU-014,407,Completed,66560.78
ORD-03813,CLI-0086,2025-10-07,SKU-H01,59,Completed,942.23
ORD-03814,CLI-0049,2025-10-07,SKU-H01,348,Completed,5557.56
ORD-03815,CLI-0085,2025-10-07,SKU-H01,319,Completed,5094.43
ORD-03816,CLI-0006,2025-10-07,SKU-H01,180,Completed,2874.6
ORD-03817,CLI-0022,2025-10-07,SKU-H01,80,Completed,1277.6000000000001
ORD-03818,CLI-0037,2025-10-07,SKU-015,152,Completed,19813.2
ORD-03819,CLI-0090,2025-10-07,SKU-018,366,Completed,16634.7
ORD-03820,CLI-0035,2025-10-07,SKU-H01,77,Completed,1229.69
ORD-03821,CLI-0084,2025-10-08,SKU-H01,54,Completed,862.38
ORD-03822,CLI-0009,2025-10-08,SKU-H01,248,Completed,3960.56
ORD-03823,CLI-0085,2025-10-08,SKU-H01,188,Completed,3002.36
ORD-03824,CLI-0085,2025-10-08,SKU-H01,486,Completed,7761.42
ORD-03825,CLI-0085,2025-10-08,SKU-018,234,Completed,10635.300000000001
ORD-03826,CLI-0014,2025-10-08,SKU-H01,59,Completed,942.23
ORD-03827,CLI-0038,2025-10-08,SKU-002,494,Completed,64674.479999999996
ORD-03828,CLI-0084,2025-10-08,SKU-H01,247,Completed,3944.59
ORD-03829,CLI-0030,2025-10-08,SKU-015,244,Completed,31805.399999999998
ORD-03830,CLI-0066,2025-10-08,SKU-012,413,Completed,16780.190000000002
ORD-03831,CLI-0013,2025-10-08,SKU-018,211,Completed,9589.95
ORD-03832,CLI-0063,2025-10-08,SKU-013,493,Completed,92013.51999999999
ORD-03833,CLI-0077,2025-10-08,SKU-H01,322,Completed,5142.34
ORD-03834,CLI-0012,2025-10-08,SKU-H01,145,Completed,2315.65
ORD-03835,CLI-0026,2025-10-08,SKU-011,306,Completed,19905.3
ORD-03836,CLI-0059,2025-10-08,SKU-H01,337,Completed,5381.89
ORD-03837,CLI-0092,2025-10-08,SKU-007,61,Completed,5366.17
ORD-03838,CLI-0006,2025-10-08,SKU-H01,176,Completed,2810.7200000000003
ORD-03839,CLI-0068,2025-10-08,SKU-H01,206,Completed,3289.82
ORD-03840,CLI-0043,2025-10-08,SKU-006,300,Completed,17211.0
ORD-03841,CLI-0051,2025-10-08,SKU-007,431,Completed,37915.07
ORD-03842,CLI-0021,2025-10-08,SKU-012,59,Completed,2397.17
ORD-03843,CLI-0045,2025-10-08,SKU-H01,400,Completed,6388.0
ORD-03844,CLI-0046,2025-10-08,SKU-005,231,Completed,42143.64
ORD-03845,CLI-0039,2025-10-09,SKU-H01,170,Completed,2714.9
ORD-03846,CLI-0065,2025-10-09,SKU-H01,191,Completed,3050.27
ORD-03847,CLI-0008,2025-10-09,SKU-002,370,Completed,48440.399999999994
ORD-03848,CLI-0033,2025-10-09,SKU-H01,499,Completed,7969.030000000001
ORD-03849,CLI-0050,2025-10-09,SKU-H01,467,Completed,7457.990000000001
ORD-03850,CLI-0004,2025-10-09,SKU-H01,334,Completed,5333.9800000000005
ORD-03851,CLI-0036,2025-10-09,SKU-H01,165,Completed,2635.05
ORD-03852,CLI-0020,2025-10-09,SKU-H01,224,Completed,3577.28
ORD-03853,CLI-0051,2025-10-09,SKU-H01,386,Completed,6164.42
ORD-03854,CLI-0018,2025-10-09,SKU-H01,94,Completed,1501.18
ORD-03855,CLI-0094,2025-10-09,SKU-H01,245,Completed,3912.65
ORD-03856,CLI-0067,2025-10-09,SKU-008,397,Completed,60959.350000000006
ORD-03857,CLI-0079,2025-10-09,SKU-H01,496,Completed,7921.12
ORD-03858,CLI-0081,2025-10-09,SKU-H01,401,Completed,6403.97
ORD-03859,CLI-0030,2025-10-09,SKU-H01,263,Completed,4200.110000000001
ORD-03860,CLI-0031,2025-10-09,SKU-010,343,Completed,8448.09
ORD-03861,CLI-0020,2025-10-09,SKU-016,268,Completed,47055.44
ORD-03862,CLI-0040,2025-10-09,SKU-012,359,Completed,14586.17
ORD-03863,CLI-0043,2025-10-09,SKU-011,279,Completed,18148.95
ORD-03864,CLI-0070,2025-10-09,SKU-004,117,Completed,12475.71
ORD-03865,CLI-0027,2025-10-09,SKU-010,384,Completed,9457.92
ORD-03866,CLI-0018,2025-10-09,SKU-006,347,Completed,19907.39
ORD-03867,CLI-0070,2025-10-09,SKU-H01,400,Completed,6388.0
ORD-03868,CLI-0026,2025-10-09,SKU-H01,491,Completed,7841.27
ORD-03869,CLI-0018,2025-10-09,SKU-H01,208,Completed,3321.76
ORD-03870,CLI-0089,2025-10-09,SKU-017,411,Completed,66869.7
ORD-03871,CLI-0068,2025-10-09,SKU-006,119,Completed,6827.03
ORD-03872,CLI-0056,2025-10-09,SKU-012,444,Completed,18039.72
ORD-03873,CLI-0019,2025-10-09,SKU-H01,385,Completed,6148.45
ORD-03874,CLI-0073,2025-10-09,SKU-002,130,Completed,17019.6
ORD-03875,CLI-0009,2025-10-10,SKU-H01,335,Completed,5349.95
ORD-03876,CLI-0069,2025-10-10,SKU-H01,418,Completed,6675.46
ORD-03877,CLI-0016,2025-10-10,SKU-015,144,Completed,18770.399999999998
ORD-03878,CLI-0041,2025-10-10,SKU-007,479,Completed,42137.63
ORD-03879,CLI-0019,2025-10-10,SKU-H01,422,Completed,6739.34
ORD-03880,CLI-0004,2025-10-10,SKU-014,441,Completed,72121.14
ORD-03881,CLI-0041,2025-10-10,SKU-H01,500,Completed,7985.0
ORD-03882,CLI-0053,2025-10-10,SKU-019,260,Completed,46693.4
ORD-03883,CLI-0039,2025-10-10,SKU-H01,276,Completed,4407.72
ORD-03884,CLI-0096,2025-10-10,SKU-H01,470,Completed,7505.900000000001
ORD-03885,CLI-0082,2025-10-10,SKU-H01,428,Completed,6835.16
ORD-03886,CLI-0036,2025-10-10,SKU-H01,127,Completed,2028.19
ORD-03887,CLI-0100,2025-10-10,SKU-H01,146,Completed,2331.62
ORD-03888,CLI-0014,2025-10-10,SKU-009,117,Completed,6255.99
ORD-03889,CLI-0024,2025-10-10,SKU-016,63,Completed,11061.54
ORD-03890,CLI-0098,2025-10-10,SKU-013,363,Completed,67750.31999999999
ORD-03891,CLI-0079,2025-10-10,SKU-H01,186,Completed,2970.42
ORD-03892,CLI-0078,2025-10-10,SKU-006,340,Completed,19505.8
ORD-03893,CLI-0079,2025-10-10,SKU-H01,168,Completed,2682.96
ORD-03894,CLI-0077,2025-10-10,SKU-H01,168,Completed,2682.96
ORD-03895,CLI-0088,2025-10-11,SKU-009,63,Completed,3368.61
ORD-03896,CLI-0046,2025-10-11,SKU-006,90,Completed,5163.3
ORD-03897,CLI-0089,2025-10-11,SKU-H01,449,Completed,7170.530000000001
ORD-03898,CLI-0062,2025-10-11,SKU-H01,118,Completed,1884.46
ORD-03899,CLI-0065,2025-10-11,SKU-019,483,Completed,86741.97
ORD-03900,CLI-0078,2025-10-11,SKU-H01,290,Completed,4631.3
ORD-03901,CLI-0092,2025-10-11,SKU-003,382,Completed,26636.86
ORD-03902,CLI-0048,2025-10-11,SKU-005,144,Completed,26271.36
ORD-03903,CLI-0050,2025-10-11,SKU-H01,301,Completed,4806.97
ORD-03904,CLI-0061,2025-10-11,SKU-H01,120,Completed,1916.4
ORD-03905,CLI-0021,2025-10-11,SKU-H01,148,Completed,2363.56
ORD-03906,CLI-0029,2025-10-11,SKU-013,66,Completed,12318.24
ORD-03907,CLI-0053,2025-10-11,SKU-005,441,Completed,80456.04
ORD-03908,CLI-0002,2025-10-11,SKU-009,188,Completed,10052.36
ORD-03909,CLI-0053,2025-10-11,SKU-019,163,Completed,29273.170000000002
ORD-03910,CLI-0096,2025-10-11,SKU-013,393,Completed,73349.51999999999
ORD-03911,CLI-0026,2025-10-11,SKU-003,437,Completed,30472.010000000002
ORD-03912,CLI-0009,2025-10-12,SKU-003,140,Completed,9762.2
ORD-03913,CLI-0057,2025-10-12,SKU-008,493,Completed,75700.15000000001
ORD-03914,CLI-0079,2025-10-12,SKU-010,300,Completed,7389.0
ORD-03915,CLI-0089,2025-10-12,SKU-005,216,Completed,39407.04
ORD-03916,CLI-0059,2025-10-12,SKU-009,176,Completed,9410.72
ORD-03917,CLI-0055,2025-10-12,SKU-H01,257,Completed,4104.29
ORD-03918,CLI-0100,2025-10-12,SKU-002,71,Completed,9295.32
ORD-03919,CLI-0078,2025-10-12,SKU-H01,426,Completed,6803.22
ORD-03920,CLI-0049,2025-10-12,SKU-H01,418,Completed,6675.46
ORD-03921,CLI-0041,2025-10-12,SKU-H01,251,Completed,4008.4700000000003
ORD-03922,CLI-0079,2025-10-12,SKU-008,430,Completed,66026.5
ORD-03923,CLI-0074,2025-10-12,SKU-005,354,Completed,64583.76
ORD-03924,CLI-0069,2025-10-12,SKU-H01,318,Completed,5078.46
ORD-03925,CLI-0083,2025-10-12,SKU-004,498,Completed,53101.74
ORD-03926,CLI-0091,2025-10-12,SKU-004,452,Completed,48196.759999999995
ORD-03927,CLI-0005,2025-10-12,SKU-H01,316,Completed,5046.52
ORD-03928,CLI-0058,2025-10-13,SKU-009,283,Completed,15132.01
ORD-03929,CLI-0006,2025-10-13,SKU-013,499,Completed,93133.35999999999
ORD-03930,CLI-0032,2025-10-13,SKU-013,315,Completed,58791.6
ORD-03931,CLI-0069,2025-10-13,SKU-008,252,Completed,38694.600000000006
ORD-03932,CLI-0095,2025-10-13,SKU-005,70,Completed,12770.8
ORD-03933,CLI-0072,2025-10-13,SKU-H01,248,Completed,3960.56
ORD-03934,CLI-0067,2025-10-13,SKU-H01,441,Completed,7042.77
ORD-03935,CLI-0081,2025-10-13,SKU-H01,75,Completed,1197.75
ORD-03936,CLI-0025,2025-10-13,SKU-019,199,Completed,35738.41
ORD-03937,CLI-0057,2025-10-13,SKU-H01,253,Completed,4040.4100000000003
ORD-03938,CLI-0039,2025-10-13,SKU-H01,446,Completed,7122.62
ORD-03939,CLI-0037,2025-10-13,SKU-016,286,Completed,50215.880000000005
ORD-03940,CLI-0022,2025-10-13,SKU-018,266,Completed,12089.7
ORD-03941,CLI-0079,2025-10-14,SKU-013,77,Completed,14371.279999999999
ORD-03942,CLI-0089,2025-10-14,SKU-H01,314,Completed,5014.58
ORD-03943,CLI-0019,2025-10-14,SKU-H01,287,Completed,4583.39
ORD-03944,CLI-0083,2025-10-14,SKU-H01,281,Completed,4487.570000000001
ORD-03945,CLI-0012,2025-10-14,SKU-H01,419,Completed,6691.43
ORD-03946,CLI-0065,2025-10-14,SKU-H01,107,Completed,1708.79
ORD-03947,CLI-0024,2025-10-14,SKU-003,448,Completed,31239.04
ORD-03948,CLI-0075,2025-10-14,SKU-018,406,Completed,18452.7
ORD-03949,CLI-0070,2025-10-14,SKU-H01,119,Completed,1900.43
ORD-03950,CLI-0051,2025-10-14,SKU-009,261,Completed,13955.67
ORD-03951,CLI-0042,2025-10-14,SKU-009,280,Completed,14971.6
ORD-03952,CLI-0004,2025-10-14,SKU-H01,141,Completed,2251.77
ORD-03953,CLI-0059,2025-10-14,SKU-009,352,Completed,18821.44
ORD-03954,CLI-0092,2025-10-14,SKU-H01,153,Completed,2443.4100000000003
ORD-03955,CLI-0059,2025-10-14,SKU-H01,96,Completed,1533.1200000000001
ORD-03956,CLI-0033,2025-10-14,SKU-011,215,Completed,13985.75
ORD-03957,CLI-0089,2025-10-14,SKU-H01,382,Completed,6100.54
ORD-03958,CLI-0092,2025-10-14,SKU-Z99,457,Completed,228500.0
ORD-03959,CLI-0021,2025-10-14,SKU-H01,417,Completed,6659.490000000001
ORD-03960,CLI-0012,2025-10-15,SKU-007,108,Completed,9500.76
ORD-03961,CLI-0091,2025-10-15,SKU-002,280,Completed,36657.6
ORD-03962,CLI-0082,2025-10-15,SKU-H01,235,Completed,3752.9500000000003
ORD-03963,CLI-0011,2025-10-15,SKU-H01,318,Completed,5078.46
ORD-03964,CLI-0091,2025-10-15,SKU-008,246,Completed,37773.3
ORD-03965,CLI-0094,2025-10-15,SKU-014,455,Completed,74410.7
ORD-03966,CLI-0066,2025-10-15,SKU-015,363,Completed,47317.049999999996
ORD-03967,CLI-0021,2025-10-15,SKU-004,243,Completed,25911.09
ORD-03968,CLI-0071,2025-10-15,SKU-013,244,Completed,45540.159999999996
ORD-03969,CLI-0006,2025-10-15,SKU-010,443,Completed,10911.09
ORD-03970,CLI-0022,2025-10-15,SKU-011,221,Completed,14376.05
ORD-03971,CLI-0073,2025-10-15,SKU-004,496,Completed,52888.479999999996
ORD-03972,CLI-0085,2025-10-15,SKU-009,491,Completed,26253.77
ORD-03973,CLI-0021,2025-10-16,SKU-014,494,Completed,80788.76
ORD-03974,CLI-0019,2025-10-16,SKU-H01,141,Completed,2251.77
ORD-03975,CLI-0099,2025-10-16,SKU-014,414,Completed,67705.56
ORD-03976,CLI-0007,2025-10-16,SKU-007,264,Completed,23224.079999999998
ORD-03977,CLI-0040,2025-10-16,SKU-H01,208,Completed,3321.76
ORD-03978,CLI-0094,2025-10-16,SKU-H01,443,Completed,7074.71
ORD-03979,CLI-0058,2025-10-16,SKU-H01,197,Completed,3146.09
ORD-03980,CLI-0081,2025-10-16,SKU-006,142,Completed,8146.54
ORD-03981,CLI-0016,2025-10-16,SKU-015,117,Completed,15250.949999999999
ORD-03982,CLI-0026,2025-10-16,SKU-H01,51,Completed,814.47
ORD-03983,CLI-0080,2025-10-16,SKU-014,441,Completed,72121.14
ORD-03984,CLI-0033,2025-10-16,SKU-016,56,Completed,9832.480000000001
ORD-03985,CLI-0059,2025-10-16,SKU-H01,304,Completed,4854.88
ORD-03986,CLI-0064,2025-10-16,SKU-015,328,Completed,42754.799999999996
ORD-03987,CLI-0078,2025-10-17,SKU-Z99,302,Completed,151000.0
ORD-03988,CLI-0031,2025-10-17,SKU-011,161,Completed,10473.05
ORD-03989,CLI-0076,2025-10-17,SKU-013,387,Completed,72229.68
ORD-03990,CLI-0061,2025-10-17,SKU-Z99,282,Completed,141000.0
ORD-03991,CLI-0053,2025-10-17,SKU-008,276,Completed,42379.8
ORD-03992,CLI-0011,2025-10-17,SKU-H01,357,Completed,5701.29
ORD-03993,CLI-0077,2025-10-17,SKU-015,53,Completed,6908.549999999999
ORD-03994,CLI-0032,2025-10-17,SKU-008,330,Completed,50671.50000000001
ORD-03995,CLI-0036,2025-10-17,SKU-007,367,Completed,32284.989999999998
ORD-03996,CLI-0081,2025-10-17,SKU-H01,335,Completed,5349.95
ORD-03997,CLI-0007,2025-10-18,SKU-012,144,Completed,5850.72
ORD-03998,CLI-0019,2025-10-18,SKU-H01,78,Completed,1245.66
ORD-03999,CLI-0084,2025-10-18,SKU-017,228,Completed,37095.6
ORD-04000,CLI-0005,2025-10-18,SKU-H01,124,Completed,1980.28
ORD-04001,CLI-0005,2025-10-18,SKU-H01,391,Completed,6244.27
ORD-04002,CLI-0074,2025-10-18,SKU-003,479,Completed,33400.670000000006
ORD-04003,CLI-0078,2025-10-18,SKU-H01,202,Completed,3225.94
ORD-04004,CLI-0043,2025-10-18,SKU-010,94,Completed,2315.22
ORD-04005,CLI-0007,2025-10-18,SKU-017,105,Completed,17083.5
ORD-04006,CLI-0054,2025-10-18,SKU-015,141,Completed,18379.35
ORD-04007,CLI-0021,2025-10-18,SKU-H01,394,Completed,6292.18
ORD-04008,CLI-0037,2025-10-18,SKU-H01,362,Completed,5781.14
ORD-04009,CLI-0085,2025-10-18,SKU-014,404,Completed,66070.16
ORD-04010,CLI-0090,2025-10-18,SKU-017,354,Completed,57595.799999999996
ORD-04011,CLI-0074,2025-10-18,SKU-003,453,Completed,31587.690000000002
ORD-04012,CLI-0072,2025-10-18,SKU-005,140,Completed,25541.6
ORD-04013,CLI-0096,2025-10-19,SKU-H01,346,Completed,5525.62
ORD-04014,CLI-0047,2025-10-19,SKU-017,68,Completed,11063.599999999999
ORD-04015,CLI-0012,2025-10-19,SKU-009,443,Completed,23687.21
ORD-04016,CLI-0039,2025-10-19,SKU-H01,215,Completed,3433.55
ORD-04017,CLI-0048,2025-10-19,SKU-H01,244,Completed,3896.6800000000003
ORD-04018,CLI-0009,2025-10-19,SKU-016,438,Completed,76904.04000000001
ORD-04019,CLI-0055,2025-10-19,SKU-H01,481,Completed,7681.570000000001
ORD-04020,CLI-0071,2025-10-19,SKU-H01,83,Completed,1325.51
ORD-04021,CLI-0038,2025-10-19,SKU-006,291,Completed,16694.67
ORD-04022,CLI-0018,2025-10-19,SKU-H01,112,Completed,1788.64
ORD-04023,CLI-0089,2025-10-19,SKU-H01,490,Completed,7825.3
ORD-04024,CLI-0036,2025-10-19,SKU-014,218,Completed,35651.72
ORD-04025,CLI-0068,2025-10-19,SKU-017,261,Completed,42464.7
ORD-04026,CLI-0068,2025-10-19,SKU-014,157,Completed,25675.78
ORD-04027,CLI-0090,2025-10-19,SKU-017,157,Completed,25543.899999999998
ORD-04028,CLI-0079,2025-10-19,SKU-006,79,Completed,4532.23
ORD-04029,CLI-0014,2025-10-19,SKU-014,342,Completed,55930.68
ORD-04030,CLI-0094,2025-10-19,SKU-H01,372,Completed,5940.84
ORD-04031,CLI-0068,2025-10-19,SKU-010,94,Completed,2315.22
ORD-04032,CLI-0062,2025-10-19,SKU-019,420,Completed,75427.8
ORD-04033,CLI-0089,2025-10-19,SKU-H01,359,Completed,5733.2300000000005
ORD-04034,CLI-0091,2025-10-19,SKU-H01,197,Completed,3146.09
ORD-04035,CLI-0055,2025-10-19,SKU-004,361,Completed,38493.43
ORD-04036,CLI-0041,2025-10-19,SKU-H01,182,Completed,2906.54
ORD-04037,CLI-0074,2025-10-20,SKU-H01,369,Completed,5892.93
ORD-04038,CLI-0046,2025-10-20,SKU-015,116,Completed,15120.599999999999
ORD-04039,CLI-0079,2025-10-20,SKU-019,338,Completed,60701.42
ORD-04040,CLI-0064,2025-10-20,SKU-002,316,Completed,41370.719999999994
ORD-04041,CLI-0094,2025-10-20,SKU-H01,373,Completed,5956.81
ORD-04042,CLI-0064,2025-10-20,SKU-H01,302,Completed,4822.9400000000005
ORD-04043,CLI-0024,2025-10-20,SKU-016,362,Completed,63559.96000000001
ORD-04044,CLI-0030,2025-10-20,SKU-003,412,Completed,28728.760000000002
ORD-04045,CLI-0038,2025-10-20,SKU-H01,149,Completed,2379.53
ORD-04046,CLI-0001,2025-10-20,SKU-004,110,Completed,11729.3
ORD-04047,CLI-0004,2025-10-20,SKU-H01,288,Completed,4599.360000000001
ORD-04048,CLI-0081,2025-10-20,SKU-004,457,Completed,48729.909999999996
ORD-04049,CLI-0016,2025-10-20,SKU-016,427,Completed,74972.66
ORD-04050,CLI-0027,2025-10-20,SKU-007,459,Completed,40378.229999999996
ORD-04051,CLI-0079,2025-10-20,SKU-010,262,Completed,6453.0599999999995
ORD-04052,CLI-0053,2025-10-20,SKU-H01,73,Completed,1165.81
ORD-04053,CLI-0043,2025-10-20,SKU-012,229,Completed,9304.27
ORD-04054,CLI-0072,2025-10-20,SKU-010,462,Completed,11379.06
ORD-04055,CLI-0082,2025-10-20,SKU-H01,158,Completed,2523.26
ORD-04056,CLI-0002,2025-10-20,SKU-007,377,Completed,33164.69
ORD-04057,CLI-0026,2025-10-20,SKU-H01,403,Completed,6435.91
ORD-04058,CLI-0037,2025-10-20,SKU-014,180,Completed,29437.199999999997
ORD-04059,CLI-0009,2025-10-20,SKU-002,207,Completed,27100.44
ORD-04060,CLI-0039,2025-10-20,SKU-Z99,309,Completed,154500.0
ORD-04061,CLI-0071,2025-10-20,SKU-H01,215,Completed,3433.55
ORD-04062,CLI-0099,2025-10-20,SKU-013,53,Completed,9891.92
ORD-04063,CLI-0088,2025-10-21,SKU-010,220,Completed,5418.599999999999
ORD-04064,CLI-0044,2025-10-21,SKU-013,252,Completed,47033.28
ORD-04065,CLI-0093,2025-10-21,SKU-H01,341,Completed,5445.77
ORD-04066,CLI-0079,2025-10-21,SKU-004,64,Completed,6824.32
ORD-04067,CLI-0023,2025-10-21,SKU-014,149,Completed,24367.46
ORD-04068,CLI-0043,2025-10-21,SKU-H01,476,Completed,7601.72
ORD-04069,CLI-0044,2025-10-21,SKU-H01,394,Completed,6292.18
ORD-04070,CLI-0062,2025-10-21,SKU-006,292,Completed,16752.04
ORD-04071,CLI-0005,2025-10-21,SKU-005,380,Completed,69327.2
ORD-04072,CLI-0018,2025-10-21,SKU-H01,296,Completed,4727.12
ORD-04073,CLI-0020,2025-10-21,SKU-H01,371,Completed,5924.87
ORD-04074,CLI-0059,2025-10-21,SKU-H01,492,Completed,7857.240000000001
ORD-04075,CLI-0069,2025-10-21,SKU-013,221,Completed,41247.439999999995
ORD-04076,CLI-0053,2025-10-22,SKU-009,430,Completed,22992.1
ORD-04077,CLI-0008,2025-10-22,SKU-015,477,Completed,62176.95
ORD-04078,CLI-0067,2025-10-22,SKU-019,203,Completed,36456.770000000004
ORD-04079,CLI-0073,2025-10-22,SKU-004,421,Completed,44891.229999999996
ORD-04080,CLI-0087,2025-10-22,SKU-H01,211,Completed,3369.67
ORD-04081,CLI-0072,2025-10-22,SKU-H01,324,Completed,5174.280000000001
ORD-04082,CLI-0003,2025-10-22,SKU-H01,156,Completed,2491.32
ORD-04083,CLI-0074,2025-10-22,SKU-018,400,Completed,18180.0
ORD-04084,CLI-0043,2025-10-22,SKU-005,459,Completed,83739.95999999999
ORD-04085,CLI-0046,2025-10-22,SKU-H01,83,Completed,1325.51
ORD-04086,CLI-0020,2025-10-22,SKU-H01,193,Completed,3082.21
ORD-04087,CLI-0004,2025-10-22,SKU-008,223,Completed,34241.65
ORD-04088,CLI-0049,2025-10-22,SKU-009,370,Completed,19783.899999999998
ORD-04089,CLI-0069,2025-10-22,SKU-H01,481,Completed,7681.570000000001
ORD-04090,CLI-0022,2025-10-22,SKU-019,342,Completed,61419.78
ORD-04091,CLI-0078,2025-10-22,SKU-006,249,Completed,14285.13
ORD-04092,CLI-0024,2025-10-22,SKU-H01,354,Completed,5653.38
ORD-04093,CLI-0015,2025-10-22,SKU-017,492,Completed,80048.4
ORD-04094,CLI-0097,2025-10-22,SKU-H01,207,Completed,3305.79
ORD-04095,CLI-0091,2025-10-22,SKU-017,489,Completed,79560.29999999999
ORD-04096,CLI-0041,2025-10-22,SKU-Z99,413,Completed,206500.0
ORD-04097,CLI-0005,2025-10-22,SKU-011,189,Completed,12294.449999999999
ORD-04098,CLI-0053,2025-10-22,SKU-013,94,Completed,17544.16
ORD-04099,CLI-0064,2025-10-22,SKU-H01,499,Completed,7969.030000000001
ORD-04100,CLI-0048,2025-10-23,SKU-018,281,Completed,12771.45
ORD-04101,CLI-0039,2025-10-23,SKU-005,160,Completed,29190.4
ORD-04102,CLI-0068,2025-10-23,SKU-012,204,Completed,8288.52
ORD-04103,CLI-0023,2025-10-23,SKU-017,107,Completed,17408.899999999998
ORD-04104,CLI-0048,2025-10-23,SKU-019,451,Completed,80995.09
ORD-04105,CLI-0005,2025-10-23,SKU-015,448,Completed,58396.799999999996
ORD-04106,CLI-0026,2025-10-23,SKU-H01,97,Completed,1549.0900000000001
ORD-04107,CLI-0057,2025-10-23,SKU-019,309,Completed,55493.31
ORD-04108,CLI-0004,2025-10-23,SKU-008,459,Completed,70479.45000000001
ORD-04109,CLI-0062,2025-10-23,SKU-018,306,Completed,13907.7
ORD-04110,CLI-0020,2025-10-23,SKU-010,147,Completed,3620.6099999999997
ORD-04111,CLI-0044,2025-10-23,SKU-H01,297,Completed,4743.09
ORD-04112,CLI-0094,2025-10-23,SKU-H01,497,Completed,7937.09
ORD-04113,CLI-0068,2025-10-23,SKU-006,208,Completed,11932.96
ORD-04114,CLI-0100,2025-10-23,SKU-013,217,Completed,40500.88
ORD-04115,CLI-0019,2025-10-23,SKU-H01,443,Completed,7074.71
ORD-04116,CLI-0013,2025-10-23,SKU-007,470,Completed,41345.9
ORD-04117,CLI-0087,2025-10-24,SKU-H01,117,Completed,1868.49
ORD-04118,CLI-0027,2025-10-24,SKU-014,420,Completed,68686.8
ORD-04119,CLI-0005,2025-10-24,SKU-004,285,Completed,30389.55
ORD-04120,CLI-0050,2025-10-24,SKU-H01,415,Completed,6627.55
ORD-04121,CLI-0067,2025-10-24,SKU-H01,109,Completed,1740.73
ORD-04122,CLI-0001,2025-10-24,SKU-H01,209,Completed,3337.73
ORD-04123,CLI-0006,2025-10-24,SKU-005,401,Completed,73158.44
ORD-04124,CLI-0077,2025-10-24,SKU-H01,496,Completed,7921.12
ORD-04125,CLI-0012,2025-10-24,SKU-H01,220,Completed,3513.4
ORD-04126,CLI-0060,2025-10-24,SKU-018,73,Completed,3317.8500000000004
ORD-04127,CLI-0014,2025-10-24,SKU-016,316,Completed,55483.280000000006
ORD-04128,CLI-0099,2025-10-24,SKU-003,387,Completed,26985.510000000002
ORD-04129,CLI-0096,2025-10-24,SKU-019,209,Completed,37534.31
ORD-04130,CLI-0003,2025-10-24,SKU-H01,345,Completed,5509.650000000001
ORD-04131,CLI-0098,2025-10-24,SKU-008,209,Completed,32091.95
ORD-04132,CLI-0082,2025-10-24,SKU-008,157,Completed,24107.350000000002
ORD-04133,CLI-0042,2025-10-24,SKU-003,152,Completed,10598.960000000001
ORD-04134,CLI-0025,2025-10-24,SKU-H01,196,Completed,3130.1200000000003
ORD-04135,CLI-0036,2025-10-24,SKU-003,322,Completed,22453.06
ORD-04136,CLI-0041,2025-10-24,SKU-002,445,Completed,58259.399999999994
ORD-04137,CLI-0057,2025-10-24,SKU-012,393,Completed,15967.59
ORD-04138,CLI-0016,2025-10-24,SKU-H01,189,Completed,3018.33
ORD-04139,CLI-0020,2025-10-24,SKU-H01,130,Completed,2076.1
ORD-04140,CLI-0036,2025-10-24,SKU-H01,108,Completed,1724.76
ORD-04141,CLI-0002,2025-10-24,SKU-H01,368,Completed,5876.96
ORD-04142,CLI-0072,2025-10-24,SKU-005,313,Completed,57103.72
ORD-04143,CLI-0027,2025-10-25,SKU-H01,327,Completed,5222.1900000000005
ORD-04144,CLI-0045,2025-10-25,SKU-016,331,Completed,58116.98
ORD-04145,CLI-0041,2025-10-25,SKU-H01,188,Completed,3002.36
ORD-04146,CLI-0019,2025-10-25,SKU-H01,410,Completed,6547.7
ORD-04147,CLI-0037,2025-10-25,SKU-010,343,Completed,8448.09
ORD-04148,CLI-0032,2025-10-25,SKU-H01,137,Completed,2187.89
ORD-04149,CLI-0010,2025-10-25,SKU-008,209,Completed,32091.95
ORD-04150,CLI-0079,2025-10-25,SKU-011,223,Completed,14506.15
ORD-04151,CLI-0070,2025-10-25,SKU-H01,277,Completed,4423.6900000000005
ORD-04152,CLI-0007,2025-10-25,SKU-H01,116,Completed,1852.52
ORD-04153,CLI-0004,2025-10-25,SKU-H01,291,Completed,4647.27
ORD-04154,CLI-0087,2025-10-25,SKU-H01,75,Completed,1197.75
ORD-04155,CLI-0014,2025-10-25,SKU-H01,246,Completed,3928.6200000000003
ORD-04156,CLI-0012,2025-10-26,SKU-H01,268,Completed,4279.96
ORD-04157,CLI-0051,2025-10-26,SKU-H01,141,Completed,2251.77
ORD-04158,CLI-0091,2025-10-26,SKU-005,355,Completed,64766.2
ORD-04159,CLI-0076,2025-10-26,SKU-010,372,Completed,9162.359999999999
ORD-04160,CLI-0089,2025-10-26,SKU-007,408,Completed,35891.76
ORD-04161,CLI-0058,2025-10-26,SKU-H01,365,Completed,5829.05
ORD-04162,CLI-0046,2025-10-26,SKU-H01,209,Completed,3337.73
ORD-04163,CLI-0043,2025-10-26,SKU-016,468,Completed,82171.44
ORD-04164,CLI-0026,2025-10-26,SKU-006,415,Completed,23808.55
ORD-04165,CLI-0098,2025-10-26,SKU-016,393,Completed,69002.94
ORD-04166,CLI-0069,2025-10-26,SKU-H01,90,Completed,1437.3
ORD-04167,CLI-0073,2025-10-27,SKU-008,117,Completed,17965.350000000002
ORD-04168,CLI-0012,2025-10-27,SKU-005,466,Completed,85017.04
ORD-04169,CLI-0090,2025-10-27,SKU-H01,289,Completed,4615.33
ORD-04170,CLI-0013,2025-10-27,SKU-004,283,Completed,30176.289999999997
ORD-04171,CLI-0040,2025-10-27,SKU-005,400,Completed,72976.0
ORD-04172,CLI-0083,2025-10-27,SKU-H01,413,Completed,6595.610000000001
ORD-04173,CLI-0099,2025-10-27,SKU-H01,288,Completed,4599.360000000001
ORD-04174,CLI-0061,2025-10-27,SKU-013,168,Completed,31355.519999999997
ORD-04175,CLI-0029,2025-10-27,SKU-017,123,Completed,20012.1
ORD-04176,CLI-0079,2025-10-27,SKU-H01,182,Completed,2906.54
ORD-04177,CLI-0047,2025-10-27,SKU-H01,250,Completed,3992.5
ORD-04178,CLI-0024,2025-10-27,SKU-H01,408,Completed,6515.76
ORD-04179,CLI-0086,2025-10-27,SKU-010,219,Completed,5393.969999999999
ORD-04180,CLI-0042,2025-10-27,SKU-H01,282,Completed,4503.54
ORD-04181,CLI-0063,2025-10-27,SKU-019,65,Completed,11673.35
ORD-04182,CLI-0009,2025-10-27,SKU-H01,293,Completed,4679.21
ORD-04183,CLI-0015,2025-10-27,SKU-H01,229,Completed,3657.13
ORD-04184,CLI-0062,2025-10-27,SKU-008,286,Completed,43915.3
ORD-04185,CLI-0022,2025-10-27,SKU-014,194,Completed,31726.76
ORD-04186,CLI-0099,2025-10-27,SKU-004,228,Completed,24311.64
ORD-04187,CLI-0078,2025-10-27,SKU-002,344,Completed,45036.479999999996
ORD-04188,CLI-0017,2025-10-27,SKU-Z99,310,Completed,155000.0
ORD-04189,CLI-0014,2025-10-27,SKU-H01,257,Completed,4104.29
ORD-04190,CLI-0092,2025-10-27,SKU-017,457,Completed,74353.9
ORD-04191,CLI-0042,2025-10-28,SKU-H01,334,Completed,5333.9800000000005
ORD-04192,CLI-0084,2025-10-28,SKU-013,86,Completed,16051.039999999999
ORD-04193,CLI-0039,2025-10-28,SKU-008,322,Completed,49443.100000000006
ORD-04194,CLI-0060,2025-10-28,SKU-H01,255,Completed,4072.3500000000004
ORD-04195,CLI-0076,2025-10-28,SKU-016,261,Completed,45826.380000000005
ORD-04196,CLI-0031,2025-10-28,SKU-H01,367,Completed,5860.99
ORD-04197,CLI-0032,2025-10-28,SKU-H01,330,Completed,5270.1
ORD-04198,CLI-0021,2025-10-28,SKU-007,296,Completed,26039.12
ORD-04199,CLI-0050,2025-10-28,SKU-H01,83,Completed,1325.51
ORD-04200,CLI-0044,2025-10-28,SKU-008,156,Completed,23953.800000000003
ORD-04201,CLI-0089,2025-10-28,SKU-H01,352,Completed,5621.4400000000005
ORD-04202,CLI-0056,2025-10-28,SKU-H01,451,Completed,7202.47
ORD-04203,CLI-0056,2025-10-28,SKU-H01,340,Completed,5429.8
ORD-04204,CLI-0070,2025-10-29,SKU-H01,405,Completed,6467.85
ORD-04205,CLI-0031,2025-10-29,SKU-003,138,Completed,9622.74
ORD-04206,CLI-0085,2025-10-29,SKU-012,392,Completed,15926.960000000001
ORD-04207,CLI-0010,2025-10-29,SKU-017,428,Completed,69635.59999999999
ORD-04208,CLI-0092,2025-10-29,SKU-015,343,Completed,44710.049999999996
ORD-04209,CLI-0063,2025-10-29,SKU-H01,108,Completed,1724.76
ORD-04210,CLI-0076,2025-10-29,SKU-003,355,Completed,24754.15
ORD-04211,CLI-0060,2025-10-29,SKU-H01,216,Completed,3449.52
ORD-04212,CLI-0072,2025-10-29,SKU-H01,99,Completed,1581.03
ORD-04213,CLI-0057,2025-10-29,SKU-005,140,Completed,25541.6
ORD-04214,CLI-0040,2025-10-29,SKU-H01,257,Completed,4104.29
ORD-04215,CLI-0009,2025-10-29,SKU-H01,356,Completed,5685.320000000001
ORD-04216,CLI-0014,2025-10-29,SKU-018,400,Completed,18180.0
ORD-04217,CLI-0077,2025-10-29,SKU-004,444,Completed,47343.72
ORD-04218,CLI-0049,2025-10-29,SKU-003,217,Completed,15131.410000000002
ORD-04219,CLI-0064,2025-10-29,SKU-H01,380,Completed,6068.6
ORD-04220,CLI-0085,2025-10-29,SKU-H01,81,Completed,1293.5700000000002
ORD-04221,CLI-0012,2025-10-29,SKU-016,161,Completed,28268.38
ORD-04222,CLI-0018,2025-10-29,SKU-H01,347,Completed,5541.59
ORD-04223,CLI-0097,2025-10-29,SKU-002,375,Completed,49094.99999999999
ORD-04224,CLI-0097,2025-10-30,SKU-H01,125,Completed,1996.25
ORD-04225,CLI-0085,2025-10-30,SKU-004,126,Completed,13435.38
ORD-04226,CLI-0058,2025-10-30,SKU-H01,322,Completed,5142.34
ORD-04227,CLI-0038,2025-10-30,SKU-014,249,Completed,40721.46
ORD-04228,CLI-0079,2025-10-30,SKU-014,345,Completed,56421.299999999996
ORD-04229,CLI-0058,2025-10-30,SKU-013,150,Completed,27995.999999999996
ORD-04230,CLI-0027,2025-10-30,SKU-H01,398,Completed,6356.06
ORD-04231,CLI-0041,2025-10-30,SKU-015,203,Completed,26461.05
ORD-04232,CLI-0073,2025-10-30,SKU-006,456,Completed,26160.719999999998
ORD-04233,CLI-0087,2025-10-30,SKU-H01,205,Completed,3273.85
ORD-04234,CLI-0092,2025-10-31,SKU-008,226,Completed,34702.3
ORD-04235,CLI-0012,2025-10-31,SKU-H01,348,Completed,5557.56
ORD-04236,CLI-0002,2025-10-31,SKU-H01,363,Completed,5797.110000000001
ORD-04237,CLI-0066,2025-10-31,SKU-012,256,Completed,10401.28
ORD-04238,CLI-0017,2025-10-31,SKU-H01,486,Completed,7761.42
ORD-04239,CLI-0038,2025-10-31,SKU-008,81,Completed,12437.550000000001
ORD-04240,CLI-0048,2025-10-31,SKU-H01,331,Completed,5286.070000000001
ORD-04241,CLI-0007,2025-10-31,SKU-015,50,Completed,6517.5
ORD-04242,CLI-0091,2025-10-31,SKU-018,336,Completed,15271.2
ORD-04243,CLI-0046,2025-10-31,SKU-016,106,Completed,18611.48
ORD-04244,CLI-0037,2025-10-31,SKU-H01,493,Completed,7873.21
ORD-04245,CLI-0004,2025-10-31,SKU-H01,170,Completed,2714.9
ORD-04246,CLI-0056,2025-10-31,SKU-004,409,Completed,43611.67
ORD-04247,CLI-0076,2025-10-31,SKU-H01,251,Completed,4008.4700000000003
ORD-04248,CLI-0081,2025-10-31,SKU-H01,212,Completed,3385.6400000000003
ORD-04249,CLI-0092,2025-10-31,SKU-006,245,Completed,14055.65
ORD-04250,CLI-0052,2025-10-31,SKU-005,245,Completed,44697.8
ORD-04251,CLI-0056,2025-10-31,SKU-Z99,329,Completed,164500.0
ORD-04252,CLI-0028,2025-10-31,SKU-H01,389,Completed,6212.33
ORD-04253,CLI-0023,2025-10-31,SKU-H01,293,Completed,4679.21
ORD-04254,CLI-0018,2025-10-31,SKU-H01,146,Completed,2331.62
ORD-04255,CLI-0072,2025-10-31,SKU-017,246,Completed,40024.2
ORD-04256,CLI-0047,2025-10-31,SKU-013,480,Completed,89587.2
ORD-04257,CLI-0020,2025-11-01,SKU-014,197,Completed,32217.379999999997
ORD-04258,CLI-0086,2025-11-01,SKU-017,114,Completed,18547.8
ORD-04259,CLI-0018,2025-11-01,SKU-005,55,Completed,10034.2
ORD-04260,CLI-0010,2025-11-01,SKU-003,381,Completed,26567.13
ORD-04261,CLI-0003,2025-11-01,SKU-H01,123,Completed,1964.3100000000002
ORD-04262,CLI-0093,2025-11-01,SKU-007,299,Completed,26303.03
ORD-04263,CLI-0085,2025-11-01,SKU-003,273,Completed,19036.29
ORD-04264,CLI-0018,2025-11-01,SKU-003,93,Completed,6484.89
ORD-04265,CLI-0018,2025-11-01,SKU-018,378,Completed,17180.100000000002
ORD-04266,CLI-0054,2025-11-01,SKU-019,490,Completed,87999.1
ORD-04267,CLI-0059,2025-11-01,SKU-014,453,Completed,74083.62
ORD-04268,CLI-0090,2025-11-01,SKU-012,359,Completed,14586.17
ORD-04269,CLI-0055,2025-11-01,SKU-010,369,Completed,9088.47
ORD-04270,CLI-0024,2025-11-01,SKU-H01,282,Completed,4503.54
ORD-04271,CLI-0066,2025-11-01,SKU-H01,267,Completed,4263.99
ORD-04272,CLI-0071,2025-11-01,SKU-010,469,Completed,11551.47
ORD-04273,CLI-0058,2025-11-01,SKU-012,246,Completed,9994.980000000001
ORD-04274,CLI-0046,2025-11-01,SKU-H01,165,Completed,2635.05
ORD-04275,CLI-0024,2025-11-01,SKU-018,267,Completed,12135.150000000001
ORD-04276,CLI-0078,2025-11-01,SKU-H01,53,Completed,846.4100000000001
ORD-04277,CLI-0074,2025-11-01,SKU-H01,305,Completed,4870.85
ORD-04278,CLI-0094,2025-11-01,SKU-010,171,Completed,4211.73
ORD-04279,CLI-0092,2025-11-01,SKU-H01,306,Completed,4886.820000000001
ORD-04280,CLI-0053,2025-11-02,SKU-H01,329,Completed,5254.13
ORD-04281,CLI-0074,2025-11-02,SKU-H01,237,Completed,3784.8900000000003
ORD-04282,CLI-0005,2025-11-02,SKU-013,69,Completed,12878.16
ORD-04283,CLI-0073,2025-11-02,SKU-002,297,Completed,38883.24
ORD-04284,CLI-0091,2025-11-02,SKU-009,238,Completed,12725.86
ORD-04285,CLI-0015,2025-11-02,SKU-007,347,Completed,30525.59
ORD-04286,CLI-0062,2025-11-02,SKU-H01,403,Completed,6435.91
ORD-04287,CLI-0011,2025-11-02,SKU-019,122,Completed,21909.98
ORD-04288,CLI-0094,2025-11-02,SKU-H01,424,Completed,6771.280000000001
ORD-04289,CLI-0068,2025-11-02,SKU-019,489,Completed,87819.51
ORD-04290,CLI-0097,2025-11-02,SKU-006,448,Completed,25701.76
ORD-04291,CLI-0036,2025-11-02,SKU-019,288,Completed,51721.92
ORD-04292,CLI-0067,2025-11-02,SKU-H01,90,Completed,1437.3
ORD-04293,CLI-0067,2025-11-02,SKU-004,362,Completed,38600.06
ORD-04294,CLI-0012,2025-11-02,SKU-H01,175,Completed,2794.75
ORD-04295,CLI-0061,2025-11-02,SKU-H01,372,Completed,5940.84
ORD-04296,CLI-0095,2025-11-02,SKU-008,389,Completed,59730.950000000004
ORD-04297,CLI-0086,2025-11-02,SKU-H01,89,Completed,1421.3300000000002
ORD-04298,CLI-0070,2025-11-03,SKU-007,458,Completed,40290.26
ORD-04299,CLI-0075,2025-11-03,SKU-H01,209,Completed,3337.73
ORD-04300,CLI-0079,2025-11-03,SKU-H01,77,Completed,1229.69
ORD-04301,CLI-0044,2025-11-03,SKU-013,323,Completed,60284.719999999994
ORD-04302,CLI-0100,2025-11-03,SKU-003,55,Completed,3835.15
ORD-04303,CLI-0061,2025-11-03,SKU-008,282,Completed,43301.100000000006
ORD-04304,CLI-0066,2025-11-03,SKU-009,290,Completed,15506.3
ORD-04305,CLI-0074,2025-11-03,SKU-015,425,Completed,55398.75
ORD-04306,CLI-0043,2025-11-03,SKU-H01,265,Completed,4232.05
ORD-04307,CLI-0046,2025-11-03,SKU-010,458,Completed,11280.539999999999
ORD-04308,CLI-0038,2025-11-03,SKU-019,198,Completed,35558.82
ORD-04309,CLI-0022,2025-11-03,SKU-012,68,Completed,2762.84
ORD-04310,CLI-0089,2025-11-03,SKU-004,355,Completed,37853.65
ORD-04311,CLI-0096,2025-11-03,SKU-009,205,Completed,10961.35
ORD-04312,CLI-0094,2025-11-03,SKU-012,451,Completed,18324.13
ORD-04313,CLI-0073,2025-11-03,SKU-008,183,Completed,28099.65
ORD-04314,CLI-0008,2025-11-03,SKU-H01,372,Completed,5940.84
ORD-04315,CLI-0061,2025-11-03,SKU-H01,346,Completed,5525.62
ORD-04316,CLI-0022,2025-11-03,SKU-014,343,Completed,56094.219999999994
ORD-04317,CLI-0007,2025-11-03,SKU-H01,386,Completed,6164.42
ORD-04318,CLI-0038,2025-11-03,SKU-012,464,Completed,18852.32
ORD-04319,CLI-0095,2025-11-03,SKU-H01,369,Completed,5892.93
ORD-04320,CLI-0004,2025-11-03,SKU-005,196,Completed,35758.24
ORD-04321,CLI-0063,2025-11-03,SKU-H01,92,Completed,1469.24
ORD-04322,CLI-0017,2025-11-03,SKU-H01,308,Completed,4918.76
ORD-04323,CLI-0010,2025-11-03,SKU-018,485,Completed,22043.25
ORD-04324,CLI-0036,2025-11-03,SKU-016,179,Completed,31428.820000000003
ORD-04325,CLI-0017,2025-11-03,SKU-009,365,Completed,19516.55
ORD-04326,CLI-0036,2025-11-03,SKU-003,190,Completed,13248.7
ORD-04327,CLI-0033,2025-11-03,SKU-010,57,Completed,1403.9099999999999
ORD-04328,CLI-0078,2025-11-04,SKU-008,139,Completed,21343.45
ORD-04329,CLI-0076,2025-11-04,SKU-007,428,Completed,37651.159999999996
ORD-04330,CLI-0020,2025-11-04,SKU-H01,387,Completed,6180.39
ORD-04331,CLI-0058,2025-11-04,SKU-009,239,Completed,12779.33
ORD-04332,CLI-0023,2025-11-04,SKU-013,183,Completed,34155.119999999995
ORD-04333,CLI-0090,2025-11-04,SKU-Z99,170,Completed,85000.0
ORD-04334,CLI-0063,2025-11-04,SKU-H01,142,Completed,2267.7400000000002
ORD-04335,CLI-0068,2025-11-04,SKU-012,491,Completed,19949.33
ORD-04336,CLI-0005,2025-11-04,SKU-007,225,Completed,19793.25
ORD-04337,CLI-0011,2025-11-04,SKU-003,124,Completed,8646.52
ORD-04338,CLI-0077,2025-11-04,SKU-H01,470,Completed,7505.900000000001
ORD-04339,CLI-0020,2025-11-04,SKU-002,478,Completed,62579.759999999995
ORD-04340,CLI-0064,2025-11-04,SKU-H01,435,Completed,6946.950000000001
ORD-04341,CLI-0099,2025-11-05,SKU-H01,246,Completed,3928.6200000000003
ORD-04342,CLI-0031,2025-11-05,SKU-012,388,Completed,15764.44
ORD-04343,CLI-0057,2025-11-05,SKU-011,421,Completed,27386.05
ORD-04344,CLI-0082,2025-11-05,SKU-007,135,Completed,11875.95
ORD-04345,CLI-0027,2025-11-05,SKU-018,345,Completed,15680.250000000002
ORD-04346,CLI-0094,2025-11-05,SKU-H01,481,Completed,7681.570000000001
ORD-04347,CLI-0045,2025-11-05,SKU-H01,77,Completed,1229.69
ORD-04348,CLI-0083,2025-11-05,SKU-009,185,Completed,9891.949999999999
ORD-04349,CLI-0097,2025-11-05,SKU-H01,469,Completed,7489.93
ORD-04350,CLI-0015,2025-11-05,SKU-H01,76,Completed,1213.72
ORD-04351,CLI-0022,2025-11-05,SKU-H01,287,Completed,4583.39
ORD-04352,CLI-0052,2025-11-05,SKU-H01,293,Completed,4679.21
ORD-04353,CLI-0039,2025-11-05,SKU-015,293,Completed,38192.549999999996
ORD-04354,CLI-0096,2025-11-05,SKU-H01,435,Completed,6946.950000000001
ORD-04355,CLI-0069,2025-11-05,SKU-004,169,Completed,18020.469999999998
ORD-04356,CLI-0049,2025-11-05,SKU-H01,399,Completed,6372.030000000001
ORD-04357,CLI-0091,2025-11-05,SKU-011,249,Completed,16197.449999999999
ORD-04358,CLI-0061,2025-11-05,SKU-H01,184,Completed,2938.48
ORD-04359,CLI-0019,2025-11-05,SKU-012,321,Completed,13042.230000000001
ORD-04360,CLI-0056,2025-11-05,SKU-002,56,Completed,7331.5199999999995
ORD-04361,CLI-0037,2025-11-05,SKU-H01,458,Completed,7314.26
ORD-04362,CLI-0058,2025-11-05,SKU-005,245,Completed,44697.8
ORD-04363,CLI-0087,2025-11-05,SKU-H01,211,Completed,3369.67
ORD-04364,CLI-0088,2025-11-06,SKU-003,71,Completed,4950.83
ORD-04365,CLI-0013,2025-11-06,SKU-H01,322,Completed,5142.34
ORD-04366,CLI-0082,2025-11-06,SKU-017,231,Completed,37583.7
ORD-04367,CLI-0056,2025-11-06,SKU-H01,362,Completed,5781.14
ORD-04368,CLI-0084,2025-11-06,SKU-010,489,Completed,12044.07
ORD-04369,CLI-0035,2025-11-06,SKU-H01,221,Completed,3529.3700000000003
ORD-04370,CLI-0035,2025-11-06,SKU-H01,186,Completed,2970.42
ORD-04371,CLI-0013,2025-11-06,SKU-002,180,Completed,23565.6
ORD-04372,CLI-0084,2025-11-06,SKU-017,349,Completed,56782.299999999996
ORD-04373,CLI-0051,2025-11-06,SKU-H01,286,Completed,4567.42
ORD-04374,CLI-0099,2025-11-06,SKU-H01,395,Completed,6308.150000000001
ORD-04375,CLI-0096,2025-11-06,SKU-H01,173,Completed,2762.81
ORD-04376,CLI-0094,2025-11-06,SKU-H01,394,Completed,6292.18
ORD-04377,CLI-0076,2025-11-06,SKU-H01,444,Completed,7090.68
ORD-04378,CLI-0025,2025-11-06,SKU-007,316,Completed,27798.52
ORD-04379,CLI-0044,2025-11-06,SKU-H01,396,Completed,6324.12
ORD-04380,CLI-0089,2025-11-06,SKU-H01,142,Completed,2267.7400000000002
ORD-04381,CLI-0041,2025-11-06,SKU-011,330,Completed,21466.5
ORD-04382,CLI-0002,2025-11-06,SKU-H01,394,Completed,6292.18
ORD-04383,CLI-0002,2025-11-06,SKU-H01,475,Completed,7585.75
ORD-04384,CLI-0009,2025-11-06,SKU-H01,56,Completed,894.32
ORD-04385,CLI-0053,2025-11-06,SKU-009,100,Completed,5347.0
ORD-04386,CLI-0068,2025-11-06,SKU-H01,103,Completed,1644.91
ORD-04387,CLI-0088,2025-11-06,SKU-004,278,Completed,29643.14
ORD-04388,CLI-0045,2025-11-06,SKU-H01,162,Completed,2587.1400000000003
ORD-04389,CLI-0093,2025-11-06,SKU-007,195,Completed,17154.15
ORD-04390,CLI-0025,2025-11-07,SKU-H01,67,Completed,1069.99
ORD-04391,CLI-0004,2025-11-07,SKU-008,367,Completed,56352.850000000006
ORD-04392,CLI-0012,2025-11-07,SKU-014,79,Completed,12919.66
ORD-04393,CLI-0077,2025-11-07,SKU-008,386,Completed,59270.3
ORD-04394,CLI-0028,2025-11-07,SKU-H01,356,Completed,5685.320000000001
ORD-04395,CLI-0082,2025-11-07,SKU-H01,112,Completed,1788.64
ORD-04396,CLI-0091,2025-11-07,SKU-H01,111,Completed,1772.67
ORD-04397,CLI-0012,2025-11-07,SKU-H01,488,Completed,7793.360000000001
ORD-04398,CLI-0078,2025-11-07,SKU-H01,116,Completed,1852.52
ORD-04399,CLI-0049,2025-11-07,SKU-013,386,Completed,72043.04
ORD-04400,CLI-0098,2025-11-07,SKU-H01,381,Completed,6084.570000000001
ORD-04401,CLI-0073,2025-11-07,SKU-003,461,Completed,32145.530000000002
ORD-04402,CLI-0024,2025-11-07,SKU-007,106,Completed,9324.82
ORD-04403,CLI-0090,2025-11-07,SKU-007,144,Completed,12667.68
ORD-04404,CLI-0033,2025-11-07,SKU-H01,200,Completed,3194.0
ORD-04405,CLI-0060,2025-11-07,SKU-015,388,Completed,50575.799999999996
ORD-04406,CLI-0010,2025-11-07,SKU-H01,377,Completed,6020.6900000000005
ORD-04407,CLI-0059,2025-11-07,SKU-011,191,Completed,12424.55
ORD-04408,CLI-0089,2025-11-08,SKU-013,391,Completed,72976.23999999999
ORD-04409,CLI-0099,2025-11-08,SKU-011,444,Completed,28882.199999999997
ORD-04410,CLI-0042,2025-11-08,SKU-007,181,Completed,15922.57
ORD-04411,CLI-0021,2025-11-08,SKU-H01,449,Completed,7170.530000000001
ORD-04412,CLI-0010,2025-11-08,SKU-H01,191,Completed,3050.27
ORD-04413,CLI-0100,2025-11-08,SKU-008,81,Completed,12437.550000000001
ORD-04414,CLI-0049,2025-11-08,SKU-H01,248,Completed,3960.56
ORD-04415,CLI-0043,2025-11-08,SKU-016,80,Completed,14046.400000000001
ORD-04416,CLI-0034,2025-11-08,SKU-H01,466,Completed,7442.02
ORD-04417,CLI-0034,2025-11-08,SKU-H01,141,Completed,2251.77
ORD-04418,CLI-0057,2025-11-08,SKU-H01,85,Completed,1357.45
ORD-04419,CLI-0063,2025-11-08,SKU-H01,152,Completed,2427.44
ORD-04420,CLI-0079,2025-11-08,SKU-006,251,Completed,14399.869999999999
ORD-04421,CLI-0023,2025-11-08,SKU-011,380,Completed,24719.0
ORD-04422,CLI-0063,2025-11-08,SKU-010,105,Completed,2586.15
ORD-04423,CLI-0019,2025-11-08,SKU-014,326,Completed,53314.04
ORD-04424,CLI-0099,2025-11-08,SKU-016,270,Completed,47406.600000000006
ORD-04425,CLI-0028,2025-11-08,SKU-014,364,Completed,59528.56
ORD-04426,CLI-0083,2025-11-08,SKU-H01,104,Completed,1660.88
ORD-04427,CLI-0057,2025-11-08,SKU-012,416,Completed,16902.08
ORD-04428,CLI-0034,2025-11-08,SKU-H01,102,Completed,1628.94
ORD-04429,CLI-0005,2025-11-08,SKU-H01,87,Completed,1389.39
ORD-04430,CLI-0010,2025-11-08,SKU-009,342,Completed,18286.739999999998
ORD-04431,CLI-0100,2025-11-09,SKU-H01,278,Completed,4439.66
ORD-04432,CLI-0003,2025-11-09,SKU-H01,304,Completed,4854.88
ORD-04433,CLI-0020,2025-11-09,SKU-H01,384,Completed,6132.4800000000005
ORD-04434,CLI-0082,2025-11-09,SKU-H01,50,Completed,798.5
ORD-04435,CLI-0005,2025-11-09,SKU-017,390,Completed,63452.99999999999
ORD-04436,CLI-0050,2025-11-09,SKU-H01,186,Completed,2970.42
ORD-04437,CLI-0020,2025-11-09,SKU-H01,408,Completed,6515.76
ORD-04438,CLI-0043,2025-11-09,SKU-002,250,Completed,32729.999999999996
ORD-04439,CLI-0074,2025-11-09,SKU-H01,51,Completed,814.47
ORD-04440,CLI-0066,2025-11-09,SKU-017,412,Completed,67032.4
ORD-04441,CLI-0099,2025-11-09,SKU-H01,301,Completed,4806.97
ORD-04442,CLI-0062,2025-11-09,SKU-005,273,Completed,49806.12
ORD-04443,CLI-0052,2025-11-09,SKU-010,482,Completed,11871.66
ORD-04444,CLI-0094,2025-11-09,SKU-018,449,Completed,20407.050000000003
ORD-04445,CLI-0009,2025-11-09,SKU-008,326,Completed,50057.3
ORD-04446,CLI-0029,2025-11-09,SKU-014,51,Completed,8340.539999999999
ORD-04447,CLI-0050,2025-11-09,SKU-H01,402,Completed,6419.9400000000005
ORD-04448,CLI-0100,2025-11-09,SKU-H01,296,Completed,4727.12
ORD-04449,CLI-0073,2025-11-10,SKU-H01,324,Completed,5174.280000000001
ORD-04450,CLI-0046,2025-11-10,SKU-016,220,Completed,38627.600000000006
ORD-04451,CLI-0088,2025-11-10,SKU-H01,205,Completed,3273.85
ORD-04452,CLI-0052,2025-11-10,SKU-H01,78,Completed,1245.66
ORD-04453,CLI-0081,2025-11-10,SKU-H01,381,Completed,6084.570000000001
ORD-04454,CLI-0012,2025-11-10,SKU-H01,237,Completed,3784.8900000000003
ORD-04455,CLI-0069,2025-11-10,SKU-H01,486,Completed,7761.42
ORD-04456,CLI-0044,2025-11-10,SKU-019,91,Completed,16342.69
ORD-04457,CLI-0059,2025-11-10,SKU-002,439,Completed,57473.88
ORD-04458,CLI-0099,2025-11-10,SKU-009,198,Completed,10587.06
ORD-04459,CLI-0083,2025-11-10,SKU-011,153,Completed,9952.65
ORD-04460,CLI-0023,2025-11-10,SKU-H01,333,Completed,5318.01
ORD-04461,CLI-0006,2025-11-10,SKU-H01,246,Completed,3928.6200000000003
ORD-04462,CLI-0039,2025-11-11,SKU-H01,406,Completed,6483.820000000001
ORD-04463,CLI-0050,2025-11-11,SKU-H01,104,Completed,1660.88
ORD-04464,CLI-0081,2025-11-11,SKU-009,402,Completed,21494.94
ORD-04465,CLI-0046,2025-11-11,SKU-H01,299,Completed,4775.03
ORD-04466,CLI-0011,2025-11-11,SKU-H01,373,Completed,5956.81
ORD-04467,CLI-0057,2025-11-11,SKU-005,426,Completed,77719.44
ORD-04468,CLI-0025,2025-11-11,SKU-017,121,Completed,19686.699999999997
ORD-04469,CLI-0005,2025-11-11,SKU-014,148,Completed,24203.92
ORD-04470,CLI-0004,2025-11-11,SKU-014,418,Completed,68359.72
ORD-04471,CLI-0076,2025-11-11,SKU-014,172,Completed,28128.879999999997
ORD-04472,CLI-0063,2025-11-11,SKU-H01,249,Completed,3976.53
ORD-04473,CLI-0009,2025-11-11,SKU-013,455,Completed,84921.2
ORD-04474,CLI-0070,2025-11-11,SKU-H01,379,Completed,6052.63
ORD-04475,CLI-0040,2025-11-11,SKU-009,305,Completed,16308.35
ORD-04476,CLI-0069,2025-11-11,SKU-009,477,Completed,25505.19
ORD-04477,CLI-0058,2025-11-11,SKU-H01,58,Completed,926.26
ORD-04478,CLI-0044,2025-11-12,SKU-013,78,Completed,14557.919999999998
ORD-04479,CLI-0044,2025-11-12,SKU-017,453,Completed,73703.09999999999
ORD-04480,CLI-0093,2025-11-12,SKU-H01,71,Completed,1133.8700000000001
ORD-04481,CLI-0052,2025-11-12,SKU-014,110,Completed,17989.399999999998
ORD-04482,CLI-0028,2025-11-12,SKU-H01,463,Completed,7394.110000000001
ORD-04483,CLI-0084,2025-11-12,SKU-008,391,Completed,60038.05
ORD-04484,CLI-0067,2025-11-12,SKU-004,284,Completed,30282.92
ORD-04485,CLI-0087,2025-11-12,SKU-006,495,Completed,28398.149999999998
ORD-04486,CLI-0069,2025-11-12,SKU-018,126,Completed,5726.700000000001
ORD-04487,CLI-0095,2025-11-12,SKU-016,346,Completed,60750.68000000001
ORD-04488,CLI-0030,2025-11-12,SKU-013,86,Completed,16051.039999999999
ORD-04489,CLI-0095,2025-11-13,SKU-H01,122,Completed,1948.3400000000001
ORD-04490,CLI-0063,2025-11-13,SKU-017,384,Completed,62476.799999999996
ORD-04491,CLI-0003,2025-11-13,SKU-H01,291,Completed,4647.27
ORD-04492,CLI-0080,2025-11-13,SKU-015,73,Completed,9515.55
ORD-04493,CLI-0032,2025-11-13,SKU-H01,409,Completed,6531.7300000000005
ORD-04494,CLI-0084,2025-11-13,SKU-H01,116,Completed,1852.52
ORD-04495,CLI-0002,2025-11-13,SKU-010,138,Completed,3398.94
ORD-04496,CLI-0081,2025-11-13,SKU-H01,75,Completed,1197.75
ORD-04497,CLI-0040,2025-11-13,SKU-H01,470,Completed,7505.900000000001
ORD-04498,CLI-0013,2025-11-13,SKU-H01,283,Completed,4519.51
ORD-04499,CLI-0079,2025-11-13,SKU-H01,137,Completed,2187.89
ORD-04500,CLI-0009,2025-11-14,SKU-H01,468,Completed,7473.96
ORD-04501,CLI-0014,2025-11-14,SKU-H01,108,Completed,1724.76
ORD-04502,CLI-0064,2025-11-14,SKU-003,354,Completed,24684.420000000002
ORD-04503,CLI-0079,2025-11-14,SKU-H01,162,Completed,2587.1400000000003
ORD-04504,CLI-0009,2025-11-14,SKU-010,461,Completed,11354.43
ORD-04505,CLI-0026,2025-11-14,SKU-H01,268,Completed,4279.96
ORD-04506,CLI-0044,2025-11-14,SKU-018,465,Completed,21134.25
ORD-04507,CLI-0095,2025-11-14,SKU-016,397,Completed,69705.26000000001
ORD-04508,CLI-0052,2025-11-14,SKU-H01,216,Completed,3449.52
ORD-04509,CLI-0016,2025-11-14,SKU-013,400,Completed,74656.0
ORD-04510,CLI-0074,2025-11-14,SKU-014,329,Completed,53804.659999999996
ORD-04511,CLI-0018,2025-11-14,SKU-019,214,Completed,38432.26
ORD-04512,CLI-0028,2025-11-14,SKU-008,441,Completed,67715.55
ORD-04513,CLI-0006,2025-11-14,SKU-H01,353,Completed,5637.41
ORD-04514,CLI-0023,2025-11-14,SKU-009,221,Completed,11816.869999999999
ORD-04515,CLI-0009,2025-11-14,SKU-008,111,Completed,17044.050000000003
ORD-04516,CLI-0036,2025-11-14,SKU-009,122,Completed,6523.34
ORD-04517,CLI-0097,2025-11-14,SKU-H01,262,Completed,4184.14
ORD-04518,CLI-0022,2025-11-14,SKU-016,406,Completed,71285.48000000001
ORD-04519,CLI-0048,2025-11-14,SKU-019,333,Completed,59803.47
ORD-04520,CLI-0022,2025-11-14,SKU-H01,274,Completed,4375.78
ORD-04521,CLI-0032,2025-11-14,SKU-H01,347,Completed,5541.59
ORD-04522,CLI-0006,2025-11-14,SKU-H01,118,Completed,1884.46
ORD-04523,CLI-0013,2025-11-14,SKU-014,455,Completed,74410.7
ORD-04524,CLI-0081,2025-11-14,SKU-010,363,Completed,8940.69
ORD-04525,CLI-0049,2025-11-14,SKU-009,448,Completed,23954.559999999998
ORD-04526,CLI-0021,2025-11-14,SKU-002,58,Completed,7593.36
ORD-04527,CLI-0063,2025-11-14,SKU-007,91,Completed,8005.2699999999995
ORD-04528,CLI-0001,2025-11-15,SKU-H01,141,Completed,2251.77
ORD-04529,CLI-0012,2025-11-15,SKU-004,411,Completed,43824.93
ORD-04530,CLI-0084,2025-11-15,SKU-013,353,Completed,65883.92
ORD-04531,CLI-0037,2025-11-15,SKU-019,263,Completed,47232.17
ORD-04532,CLI-0089,2025-11-15,SKU-018,463,Completed,21043.350000000002
ORD-04533,CLI-0099,2025-11-15,SKU-018,293,Completed,13316.85
ORD-04534,CLI-0089,2025-11-15,SKU-002,114,Completed,14924.88
ORD-04535,CLI-0027,2025-11-15,SKU-004,123,Completed,13115.49
ORD-04536,CLI-0082,2025-11-15,SKU-011,188,Completed,12229.4
ORD-04537,CLI-0067,2025-11-15,SKU-017,280,Completed,45556.0
ORD-04538,CLI-0031,2025-11-16,SKU-H01,139,Completed,2219.83
ORD-04539,CLI-0079,2025-11-16,SKU-H01,404,Completed,6451.88
ORD-04540,CLI-0005,2025-11-16,SKU-H01,355,Completed,5669.35
ORD-04541,CLI-0024,2025-11-16,SKU-008,417,Completed,64030.350000000006
ORD-04542,CLI-0064,2025-11-16,SKU-H01,363,Completed,5797.110000000001
ORD-04543,CLI-0012,2025-11-16,SKU-H01,371,Completed,5924.87
ORD-04544,CLI-0039,2025-11-16,SKU-H01,228,Completed,3641.1600000000003
ORD-04545,CLI-0054,2025-11-16,SKU-H01,52,Completed,830.44
ORD-04546,CLI-0072,2025-11-16,SKU-016,170,Completed,29848.600000000002
ORD-04547,CLI-0025,2025-11-16,SKU-H01,110,Completed,1756.7
ORD-04548,CLI-0068,2025-11-16,SKU-011,98,Completed,6374.9
ORD-04549,CLI-0080,2025-11-16,SKU-009,235,Completed,12565.449999999999
ORD-04550,CLI-0098,2025-11-16,SKU-016,326,Completed,57239.08
ORD-04551,CLI-0065,2025-11-16,SKU-H01,162,Completed,2587.1400000000003
ORD-04552,CLI-0060,2025-11-16,SKU-019,444,Completed,79737.96
ORD-04553,CLI-0081,2025-11-16,SKU-007,387,Completed,34044.39
ORD-04554,CLI-0027,2025-11-16,SKU-Z99,191,Completed,95500.0
ORD-04555,CLI-0007,2025-11-16,SKU-017,149,Completed,24242.3
ORD-04556,CLI-0015,2025-11-16,SKU-H01,457,Completed,7298.29
ORD-04557,CLI-0020,2025-11-16,SKU-H01,400,Completed,6388.0
ORD-04558,CLI-0061,2025-11-16,SKU-H01,304,Completed,4854.88
ORD-04559,CLI-0023,2025-11-16,SKU-005,131,Completed,23899.64
ORD-04560,CLI-0086,2025-11-16,SKU-H01,72,Completed,1149.8400000000001
ORD-04561,CLI-0083,2025-11-17,SKU-H01,236,Completed,3768.92
ORD-04562,CLI-0037,2025-11-17,SKU-003,157,Completed,10947.61
ORD-04563,CLI-0056,2025-11-17,SKU-H01,178,Completed,2842.6600000000003
ORD-04564,CLI-0043,2025-11-17,SKU-H01,365,Completed,5829.05
ORD-04565,CLI-0098,2025-11-17,SKU-002,282,Completed,36919.439999999995
ORD-04566,CLI-0006,2025-11-17,SKU-H01,103,Completed,1644.91
ORD-04567,CLI-0095,2025-11-17,SKU-H01,76,Completed,1213.72
ORD-04568,CLI-0069,2025-11-17,SKU-004,140,Completed,14928.199999999999
ORD-04569,CLI-0021,2025-11-17,SKU-003,452,Completed,31517.960000000003
ORD-04570,CLI-0004,2025-11-17,SKU-016,298,Completed,52322.840000000004
ORD-04571,CLI-0066,2025-11-17,SKU-005,109,Completed,19885.96
ORD-04572,CLI-0031,2025-11-18,SKU-004,419,Completed,44677.97
ORD-04573,CLI-0057,2025-11-18,SKU-002,353,Completed,46214.759999999995
ORD-04574,CLI-0075,2025-11-18,SKU-014,216,Completed,35324.64
ORD-04575,CLI-0054,2025-11-18,SKU-017,151,Completed,24567.699999999997
ORD-04576,CLI-0096,2025-11-18,SKU-015,396,Completed,51618.6
ORD-04577,CLI-0042,2025-11-18,SKU-010,167,Completed,4113.21
ORD-04578,CLI-0100,2025-11-18,SKU-H01,106,Completed,1692.8200000000002
ORD-04579,CLI-0042,2025-11-18,SKU-H01,166,Completed,2651.02
ORD-04580,CLI-0013,2025-11-18,SKU-H01,171,Completed,2730.87
ORD-04581,CLI-0095,2025-11-18,SKU-018,261,Completed,11862.45
ORD-04582,CLI-0026,2025-11-18,SKU-009,242,Completed,12939.74
ORD-04583,CLI-0029,2025-11-18,SKU-012,87,Completed,3534.8100000000004
ORD-04584,CLI-0075,2025-11-19,SKU-H01,298,Completed,4759.06
ORD-04585,CLI-0007,2025-11-19,SKU-015,273,Completed,35585.549999999996
ORD-04586,CLI-0019,2025-11-19,SKU-H01,160,Completed,2555.2000000000003
ORD-04587,CLI-0079,2025-11-19,SKU-H01,282,Completed,4503.54
ORD-04588,CLI-0023,2025-11-19,SKU-H01,248,Completed,3960.56
ORD-04589,CLI-0048,2025-11-19,SKU-007,119,Completed,10468.43
ORD-04590,CLI-0059,2025-11-19,SKU-004,418,Completed,44571.34
ORD-04591,CLI-0025,2025-11-19,SKU-016,373,Completed,65491.340000000004
ORD-04592,CLI-0046,2025-11-19,SKU-H01,188,Completed,3002.36
ORD-04593,CLI-0026,2025-11-19,SKU-006,221,Completed,12678.769999999999
ORD-04594,CLI-0017,2025-11-19,SKU-005,66,Completed,12041.039999999999
ORD-04595,CLI-0089,2025-11-19,SKU-H01,341,Completed,5445.77
ORD-04596,CLI-0008,2025-11-19,SKU-014,193,Completed,31563.219999999998
ORD-04597,CLI-0018,2025-11-19,SKU-012,106,Completed,4306.780000000001
ORD-04598,CLI-0060,2025-11-19,SKU-012,284,Completed,11538.92
ORD-04599,CLI-0054,2025-11-19,SKU-016,137,Completed,24054.460000000003
ORD-04600,CLI-0098,2025-11-19,SKU-011,225,Completed,14636.25
ORD-04601,CLI-0029,2025-11-19,SKU-H01,201,Completed,3209.9700000000003
ORD-04602,CLI-0078,2025-11-19,SKU-011,130,Completed,8456.5
ORD-04603,CLI-0082,2025-11-19,SKU-H01,363,Completed,5797.110000000001
ORD-04604,CLI-0022,2025-11-19,SKU-H01,345,Completed,5509.650000000001
ORD-04605,CLI-0071,2025-11-19,SKU-H01,487,Completed,7777.39
ORD-04606,CLI-0030,2025-11-19,SKU-012,94,Completed,3819.2200000000003
ORD-04607,CLI-0053,2025-11-19,SKU-011,488,Completed,31744.399999999998
ORD-04608,CLI-0067,2025-11-19,SKU-H01,300,Completed,4791.0
ORD-04609,CLI-0076,2025-11-20,SKU-012,292,Completed,11863.960000000001
ORD-04610,CLI-0060,2025-11-20,SKU-017,192,Completed,31238.399999999998
ORD-04611,CLI-0002,2025-11-20,SKU-H01,423,Completed,6755.31
ORD-04612,CLI-0055,2025-11-20,SKU-H01,426,Completed,6803.22
ORD-04613,CLI-0032,2025-11-20,SKU-012,176,Completed,7150.88
ORD-04614,CLI-0042,2025-11-20,SKU-H01,272,Completed,4343.84
ORD-04615,CLI-0075,2025-11-20,SKU-008,163,Completed,25028.65
ORD-04616,CLI-0076,2025-11-20,SKU-H01,126,Completed,2012.22
ORD-04617,CLI-0074,2025-11-20,SKU-003,52,Completed,3625.96
ORD-04618,CLI-0054,2025-11-20,SKU-012,72,Completed,2925.36
ORD-04619,CLI-0006,2025-11-20,SKU-010,290,Completed,7142.7
ORD-04620,CLI-0094,2025-11-20,SKU-014,443,Completed,72448.22
ORD-04621,CLI-0065,2025-11-20,SKU-016,67,Completed,11763.86
ORD-04622,CLI-0055,2025-11-20,SKU-013,321,Completed,59911.439999999995
ORD-04623,CLI-0051,2025-11-20,SKU-010,295,Completed,7265.849999999999
ORD-04624,CLI-0090,2025-11-20,SKU-H01,470,Completed,7505.900000000001
ORD-04625,CLI-0058,2025-11-21,SKU-006,303,Completed,17383.11
ORD-04626,CLI-0031,2025-11-21,SKU-H01,92,Completed,1469.24
ORD-04627,CLI-0072,2025-11-21,SKU-014,435,Completed,71139.9
ORD-04628,CLI-0002,2025-11-21,SKU-H01,404,Completed,6451.88
ORD-04629,CLI-0094,2025-11-21,SKU-006,258,Completed,14801.46
ORD-04630,CLI-0028,2025-11-21,SKU-H01,117,Completed,1868.49
ORD-04631,CLI-0046,2025-11-21,SKU-013,201,Completed,37514.64
ORD-04632,CLI-0031,2025-11-21,SKU-016,381,Completed,66895.98000000001
ORD-04633,CLI-0012,2025-11-21,SKU-H01,58,Completed,926.26
ORD-04634,CLI-0062,2025-11-21,SKU-016,392,Completed,68827.36
ORD-04635,CLI-0040,2025-11-21,SKU-H01,132,Completed,2108.04
ORD-04636,CLI-0091,2025-11-21,SKU-006,285,Completed,16350.449999999999
ORD-04637,CLI-0074,2025-11-21,SKU-015,432,Completed,56311.2
ORD-04638,CLI-0004,2025-11-22,SKU-H01,282,Completed,4503.54
ORD-04639,CLI-0060,2025-11-22,SKU-018,445,Completed,20225.25
ORD-04640,CLI-0018,2025-11-22,SKU-H01,497,Completed,7937.09
ORD-04641,CLI-0091,2025-11-22,SKU-H01,257,Completed,4104.29
ORD-04642,CLI-0024,2025-11-22,SKU-017,454,Completed,73865.79999999999
ORD-04643,CLI-0048,2025-11-22,SKU-H01,370,Completed,5908.900000000001
ORD-04644,CLI-0060,2025-11-22,SKU-Z99,410,Completed,205000.0
ORD-04645,CLI-0082,2025-11-22,SKU-018,50,Completed,2272.5
ORD-04646,CLI-0081,2025-11-22,SKU-H01,86,Completed,1373.42
ORD-04647,CLI-0050,2025-11-22,SKU-006,403,Completed,23120.11
ORD-04648,CLI-0043,2025-11-22,SKU-H01,321,Completed,5126.37
ORD-04649,CLI-0005,2025-11-22,SKU-002,201,Completed,26314.92
ORD-04650,CLI-0055,2025-11-22,SKU-H01,435,Completed,6946.950000000001
ORD-04651,CLI-0035,2025-11-22,SKU-H01,407,Completed,6499.79
ORD-04652,CLI-0079,2025-11-22,SKU-H01,327,Completed,5222.1900000000005
ORD-04653,CLI-0074,2025-11-22,SKU-003,456,Completed,31796.88
ORD-04654,CLI-0027,2025-11-22,SKU-019,453,Completed,81354.27
ORD-04655,CLI-0088,2025-11-22,SKU-014,91,Completed,14882.14
ORD-04656,CLI-0080,2025-11-22,SKU-012,500,Completed,20315.0
ORD-04657,CLI-0043,2025-11-22,SKU-006,426,Completed,24439.62
ORD-04658,CLI-0008,2025-11-22,SKU-015,313,Completed,40799.549999999996
ORD-04659,CLI-0087,2025-11-22,SKU-H01,236,Completed,3768.92
ORD-04660,CLI-0007,2025-11-22,SKU-011,106,Completed,6895.299999999999
ORD-04661,CLI-0050,2025-11-22,SKU-Z99,237,Completed,118500.0
ORD-04662,CLI-0060,2025-11-22,SKU-H01,366,Completed,5845.02
ORD-04663,CLI-0006,2025-11-22,SKU-010,237,Completed,5837.3099999999995
ORD-04664,CLI-0047,2025-11-22,SKU-015,139,Completed,18118.649999999998
ORD-04665,CLI-0083,2025-11-22,SKU-017,336,Completed,54667.2
ORD-04666,CLI-0072,2025-11-23,SKU-011,413,Completed,26865.649999999998
ORD-04667,CLI-0100,2025-11-23,SKU-H01,154,Completed,2459.38
ORD-04668,CLI-0018,2025-11-23,SKU-H01,221,Completed,3529.3700000000003
ORD-04669,CLI-0031,2025-11-23,SKU-H01,326,Completed,5206.22
ORD-04670,CLI-0015,2025-11-23,SKU-013,382,Completed,71296.48
ORD-04671,CLI-0062,2025-11-23,SKU-H01,427,Completed,6819.1900000000005
ORD-04672,CLI-0097,2025-11-23,SKU-016,347,Completed,60926.26
ORD-04673,CLI-0090,2025-11-23,SKU-H01,157,Completed,2507.29
ORD-04674,CLI-0097,2025-11-23,SKU-H01,431,Completed,6883.070000000001
ORD-04675,CLI-0098,2025-11-23,SKU-004,165,Completed,17593.95
ORD-04676,CLI-0042,2025-11-23,SKU-012,230,Completed,9344.900000000001
ORD-04677,CLI-0035,2025-11-23,SKU-H01,307,Completed,4902.79
ORD-04678,CLI-0036,2025-11-24,SKU-003,77,Completed,5369.21
ORD-04679,CLI-0009,2025-11-24,SKU-004,240,Completed,25591.199999999997
ORD-04680,CLI-0045,2025-11-24,SKU-H01,281,Completed,4487.570000000001
ORD-04681,CLI-0063,2025-11-24,SKU-H01,306,Completed,4886.820000000001
ORD-04682,CLI-0068,2025-11-24,SKU-015,474,Completed,61785.899999999994
ORD-04683,CLI-0016,2025-11-24,SKU-005,290,Completed,52907.6
ORD-04684,CLI-0091,2025-11-24,SKU-H01,322,Completed,5142.34
ORD-04685,CLI-0087,2025-11-24,SKU-014,472,Completed,77190.87999999999
ORD-04686,CLI-0069,2025-11-24,SKU-019,199,Completed,35738.41
ORD-04687,CLI-0058,2025-11-24,SKU-008,367,Completed,56352.850000000006
ORD-04688,CLI-0048,2025-11-24,SKU-005,459,Completed,83739.95999999999
ORD-04689,CLI-0087,2025-11-24,SKU-016,404,Completed,70934.32
ORD-04690,CLI-0009,2025-11-24,SKU-018,146,Completed,6635.700000000001
ORD-04691,CLI-0059,2025-11-24,SKU-012,94,Completed,3819.2200000000003
ORD-04692,CLI-0011,2025-11-24,SKU-003,250,Completed,17432.5
ORD-04693,CLI-0023,2025-11-24,SKU-007,197,Completed,17330.09
ORD-04694,CLI-0010,2025-11-24,SKU-011,105,Completed,6830.25
ORD-04695,CLI-0022,2025-11-24,SKU-H01,191,Completed,3050.27
ORD-04696,CLI-0015,2025-11-24,SKU-003,406,Completed,28310.38
ORD-04697,CLI-0019,2025-11-24,SKU-015,304,Completed,39626.4
ORD-04698,CLI-0020,2025-11-24,SKU-009,497,Completed,26574.59
ORD-04699,CLI-0027,2025-11-24,SKU-002,316,Completed,41370.719999999994
ORD-04700,CLI-0081,2025-11-24,SKU-010,61,Completed,1502.4299999999998
ORD-04701,CLI-0054,2025-11-25,SKU-H01,399,Completed,6372.030000000001
ORD-04702,CLI-0070,2025-11-25,SKU-002,117,Completed,15317.64
ORD-04703,CLI-0061,2025-11-25,SKU-013,227,Completed,42367.28
ORD-04704,CLI-0054,2025-11-25,SKU-H01,277,Completed,4423.6900000000005
ORD-04705,CLI-0095,2025-11-25,SKU-H01,380,Completed,6068.6
ORD-04706,CLI-0003,2025-11-25,SKU-018,199,Completed,9044.550000000001
ORD-04707,CLI-0025,2025-11-25,SKU-H01,82,Completed,1309.54
ORD-04708,CLI-0003,2025-11-25,SKU-H01,496,Completed,7921.12
ORD-04709,CLI-0030,2025-11-25,SKU-019,477,Completed,85664.43000000001
ORD-04710,CLI-0067,2025-11-25,SKU-012,380,Completed,15439.400000000001
ORD-04711,CLI-0043,2025-11-25,SKU-011,260,Completed,16913.0
ORD-04712,CLI-0075,2025-11-25,SKU-015,225,Completed,29328.75
ORD-04713,CLI-0084,2025-11-25,SKU-H01,380,Completed,6068.6
ORD-04714,CLI-0042,2025-11-25,SKU-011,298,Completed,19384.899999999998
ORD-04715,CLI-0076,2025-11-25,SKU-005,390,Completed,71151.6
ORD-04716,CLI-0090,2025-11-25,SKU-015,321,Completed,41842.35
ORD-04717,CLI-0071,2025-11-25,SKU-005,277,Completed,50535.88
ORD-04718,CLI-0059,2025-11-25,SKU-008,205,Completed,31477.750000000004
ORD-04719,CLI-0073,2025-11-25,SKU-004,117,Completed,12475.71
ORD-04720,CLI-0022,2025-11-26,SKU-004,454,Completed,48410.02
ORD-04721,CLI-0034,2025-11-26,SKU-013,166,Completed,30982.239999999998
ORD-04722,CLI-0062,2025-11-26,SKU-008,240,Completed,36852.0
ORD-04723,CLI-0037,2025-11-26,SKU-009,444,Completed,23740.68
ORD-04724,CLI-0007,2025-11-26,SKU-003,125,Completed,8716.25
ORD-04725,CLI-0046,2025-11-26,SKU-005,195,Completed,35575.8
ORD-04726,CLI-0059,2025-11-26,SKU-012,135,Completed,5485.05
ORD-04727,CLI-0080,2025-11-26,SKU-014,132,Completed,21587.28
ORD-04728,CLI-0092,2025-11-26,SKU-011,324,Completed,21076.2
ORD-04729,CLI-0037,2025-11-26,SKU-017,143,Completed,23266.1
ORD-04730,CLI-0023,2025-11-26,SKU-014,479,Completed,78335.65999999999
ORD-04731,CLI-0091,2025-11-26,SKU-006,404,Completed,23177.48
ORD-04732,CLI-0086,2025-11-26,SKU-010,456,Completed,11231.279999999999
ORD-04733,CLI-0020,2025-11-26,SKU-018,132,Completed,5999.400000000001
ORD-04734,CLI-0031,2025-11-26,SKU-008,109,Completed,16736.95
ORD-04735,CLI-0006,2025-11-26,SKU-014,212,Completed,34670.479999999996
ORD-04736,CLI-0074,2025-11-26,SKU-010,114,Completed,2807.8199999999997
ORD-04737,CLI-0057,2025-11-26,SKU-006,183,Completed,10498.71
ORD-04738,CLI-0048,2025-11-26,SKU-H01,144,Completed,2299.6800000000003
ORD-04739,CLI-0072,2025-11-27,SKU-002,412,Completed,53939.03999999999
ORD-04740,CLI-0005,2025-11-27,SKU-019,390,Completed,70040.1
ORD-04741,CLI-0041,2025-11-27,SKU-009,226,Completed,12084.22
ORD-04742,CLI-0019,2025-11-27,SKU-007,240,Completed,21112.8
ORD-04743,CLI-0058,2025-11-27,SKU-018,326,Completed,14816.7
ORD-04744,CLI-0021,2025-11-27,SKU-007,323,Completed,28414.31
ORD-04745,CLI-0039,2025-11-27,SKU-005,112,Completed,20433.28
ORD-04746,CLI-0004,2025-11-27,SKU-012,257,Completed,10441.91
ORD-04747,CLI-0064,2025-11-27,SKU-011,443,Completed,28817.149999999998
ORD-04748,CLI-0019,2025-11-27,SKU-H01,284,Completed,4535.4800000000005
ORD-04749,CLI-0041,2025-11-27,SKU-004,129,Completed,13755.269999999999
ORD-04750,CLI-0001,2025-11-27,SKU-004,428,Completed,45637.64
ORD-04751,CLI-0070,2025-11-27,SKU-H01,309,Completed,4934.7300000000005
ORD-04752,CLI-0043,2025-11-27,SKU-005,381,Completed,69509.64
ORD-04753,CLI-0091,2025-11-27,SKU-002,201,Completed,26314.92
ORD-04754,CLI-0061,2025-11-27,SKU-H01,198,Completed,3162.06
ORD-04755,CLI-0086,2025-11-28,SKU-002,125,Completed,16364.999999999998
ORD-04756,CLI-0073,2025-11-28,SKU-H01,423,Completed,6755.31
ORD-04757,CLI-0057,2025-11-28,SKU-007,223,Completed,19617.31
ORD-04758,CLI-0089,2025-11-28,SKU-015,107,Completed,13947.449999999999
ORD-04759,CLI-0094,2025-11-28,SKU-011,295,Completed,19189.75
ORD-04760,CLI-0006,2025-11-28,SKU-H01,121,Completed,1932.3700000000001
ORD-04761,CLI-0087,2025-11-28,SKU-H01,332,Completed,5302.04
ORD-04762,CLI-0015,2025-11-28,SKU-H01,207,Completed,3305.79
ORD-04763,CLI-0004,2025-11-28,SKU-006,255,Completed,14629.349999999999
ORD-04764,CLI-0080,2025-11-28,SKU-H01,480,Completed,7665.6
ORD-04765,CLI-0029,2025-11-28,SKU-006,278,Completed,15948.859999999999
ORD-04766,CLI-0046,2025-11-28,SKU-H01,97,Completed,1549.0900000000001
ORD-04767,CLI-0042,2025-11-28,SKU-015,78,Completed,10167.3
ORD-04768,CLI-0078,2025-11-28,SKU-H01,378,Completed,6036.66
ORD-04769,CLI-0025,2025-11-28,SKU-H01,348,Completed,5557.56
ORD-04770,CLI-0068,2025-11-28,SKU-014,163,Completed,26657.02
ORD-04771,CLI-0099,2025-11-28,SKU-H01,192,Completed,3066.2400000000002
ORD-04772,CLI-0026,2025-11-28,SKU-H01,61,Completed,974.1700000000001
ORD-04773,CLI-0011,2025-11-28,SKU-007,325,Completed,28590.25
ORD-04774,CLI-0058,2025-11-28,SKU-007,396,Completed,34836.12
ORD-04775,CLI-0086,2025-11-28,SKU-011,94,Completed,6114.7
ORD-04776,CLI-0066,2025-11-28,SKU-H01,251,Completed,4008.4700000000003
ORD-04777,CLI-0025,2025-11-28,SKU-003,301,Completed,20988.73
ORD-04778,CLI-0041,2025-11-28,SKU-H01,358,Completed,5717.26
ORD-04779,CLI-0078,2025-11-28,SKU-H01,311,Completed,4966.67
ORD-04780,CLI-0008,2025-11-28,SKU-016,391,Completed,68651.78
ORD-04781,CLI-0047,2025-11-28,SKU-012,253,Completed,10279.390000000001
ORD-04782,CLI-0019,2025-11-28,SKU-H01,416,Completed,6643.52
ORD-04783,CLI-0048,2025-11-29,SKU-008,247,Completed,37926.850000000006
ORD-04784,CLI-0048,2025-11-29,SKU-H01,56,Completed,894.32
ORD-04785,CLI-0037,2025-11-29,SKU-016,226,Completed,39681.08
ORD-04786,CLI-0045,2025-11-29,SKU-H01,207,Completed,3305.79
ORD-04787,CLI-0058,2025-11-29,SKU-H01,497,Completed,7937.09
ORD-04788,CLI-0072,2025-11-29,SKU-005,94,Completed,17149.36
ORD-04789,CLI-0028,2025-11-29,SKU-007,422,Completed,37123.34
ORD-04790,CLI-0057,2025-11-29,SKU-007,429,Completed,37739.13
ORD-04791,CLI-0054,2025-11-29,SKU-H01,461,Completed,7362.17
ORD-04792,CLI-0057,2025-11-29,SKU-H01,197,Completed,3146.09
ORD-04793,CLI-0021,2025-11-29,SKU-005,462,Completed,84287.28
ORD-04794,CLI-0094,2025-11-29,SKU-H01,267,Completed,4263.99
ORD-04795,CLI-0094,2025-11-29,SKU-016,262,Completed,46001.96000000001
ORD-04796,CLI-0018,2025-11-29,SKU-H01,477,Completed,7617.6900000000005
ORD-04797,CLI-0076,2025-11-29,SKU-004,356,Completed,37960.28
ORD-04798,CLI-0012,2025-11-29,SKU-010,123,Completed,3029.49
ORD-04799,CLI-0027,2025-11-29,SKU-H01,205,Completed,3273.85
ORD-04800,CLI-0061,2025-11-29,SKU-008,494,Completed,75853.70000000001
ORD-04801,CLI-0068,2025-11-29,SKU-015,221,Completed,28807.35
ORD-04802,CLI-0009,2025-11-29,SKU-H01,352,Completed,5621.4400000000005
ORD-04803,CLI-0097,2025-11-29,SKU-017,242,Completed,39373.399999999994
ORD-04804,CLI-0012,2025-11-29,SKU-006,53,Completed,3040.6099999999997
ORD-04805,CLI-0053,2025-11-29,SKU-H01,377,Completed,6020.6900000000005
ORD-04806,CLI-0054,2025-11-30,SKU-002,139,Completed,18197.879999999997
ORD-04807,CLI-0072,2025-11-30,SKU-H01,286,Completed,4567.42
ORD-04808,CLI-0091,2025-11-30,SKU-011,340,Completed,22117.0
ORD-04809,CLI-0097,2025-11-30,SKU-014,120,Completed,19624.8
ORD-04810,CLI-0026,2025-11-30,SKU-015,145,Completed,18900.75
ORD-04811,CLI-0049,2025-11-30,SKU-019,198,Completed,35558.82
ORD-04812,CLI-0071,2025-11-30,SKU-013,301,Completed,56178.64
ORD-04813,CLI-0006,2025-11-30,SKU-008,471,Completed,72322.05
ORD-04814,CLI-0039,2025-11-30,SKU-H01,477,Completed,7617.6900000000005
ORD-04815,CLI-0075,2025-11-30,SKU-006,205,Completed,11760.85
ORD-04816,CLI-0064,2025-11-30,SKU-H01,336,Completed,5365.92
ORD-04817,CLI-0095,2025-11-30,SKU-012,287,Completed,11660.810000000001
ORD-04818,CLI-0029,2025-11-30,SKU-003,63,Completed,4392.990000000001
ORD-04819,CLI-0001,2025-11-30,SKU-H01,128,Completed,2044.16
ORD-04820,CLI-0034,2025-11-30,SKU-H01,203,Completed,3241.9100000000003
ORD-04821,CLI-0082,2025-11-30,SKU-H01,477,Completed,7617.6900000000005
ORD-04822,CLI-0082,2025-11-30,SKU-007,291,Completed,25599.27
ORD-04823,CLI-0016,2025-11-30,SKU-003,384,Completed,26776.32
ORD-04824,CLI-0054,2025-12-01,SKU-008,141,Completed,21650.550000000003
ORD-04825,CLI-0063,2025-12-01,SKU-004,402,Completed,42865.259999999995
ORD-04826,CLI-0083,2025-12-01,SKU-009,175,Completed,9357.25
ORD-04827,CLI-0004,2025-12-01,SKU-H01,111,Completed,1772.67
ORD-04828,CLI-0098,2025-12-01,SKU-H01,191,Completed,3050.27
ORD-04829,CLI-0064,2025-12-01,SKU-007,84,Completed,7389.48
ORD-04830,CLI-0077,2025-12-01,SKU-004,431,Completed,45957.53
ORD-04831,CLI-0047,2025-12-01,SKU-H01,347,Completed,5541.59
ORD-04832,CLI-0062,2025-12-01,SKU-H01,339,Completed,5413.83
ORD-04833,CLI-0056,2025-12-01,SKU-H01,494,Completed,7889.18
ORD-04834,CLI-0034,2025-12-01,SKU-006,371,Completed,21284.27
ORD-04835,CLI-0088,2025-12-01,SKU-H01,293,Completed,4679.21
ORD-04836,CLI-0089,2025-12-01,SKU-008,468,Completed,71861.40000000001
ORD-04837,CLI-0016,2025-12-01,SKU-014,241,Completed,39413.14
ORD-04838,CLI-0066,2025-12-01,SKU-H01,425,Completed,6787.25
ORD-04839,CLI-0074,2025-12-01,SKU-019,58,Completed,10416.22
ORD-04840,CLI-0034,2025-12-01,SKU-006,133,Completed,7630.21
ORD-04841,CLI-0075,2025-12-01,SKU-008,79,Completed,12130.45
ORD-04842,CLI-0019,2025-12-01,SKU-010,213,Completed,5246.19
ORD-04843,CLI-0089,2025-12-02,SKU-010,119,Completed,2930.97
ORD-04844,CLI-0046,2025-12-02,SKU-005,133,Completed,24264.52
ORD-04845,CLI-0007,2025-12-02,SKU-002,189,Completed,24743.879999999997
ORD-04846,CLI-0047,2025-12-02,SKU-H01,264,Completed,4216.08
ORD-04847,CLI-0082,2025-12-02,SKU-H01,232,Completed,3705.04
ORD-04848,CLI-0007,2025-12-02,SKU-H01,198,Completed,3162.06
ORD-04849,CLI-0038,2025-12-02,SKU-H01,321,Completed,5126.37
ORD-04850,CLI-0082,2025-12-02,SKU-H01,89,Completed,1421.3300000000002
ORD-04851,CLI-0066,2025-12-02,SKU-H01,149,Completed,2379.53
ORD-04852,CLI-0099,2025-12-02,SKU-012,371,Completed,15073.730000000001
ORD-04853,CLI-0024,2025-12-02,SKU-015,441,Completed,57484.35
ORD-04854,CLI-0013,2025-12-02,SKU-018,356,Completed,16180.2
ORD-04855,CLI-0097,2025-12-02,SKU-004,135,Completed,14395.05
ORD-04856,CLI-0070,2025-12-02,SKU-011,215,Completed,13985.75
ORD-04857,CLI-0041,2025-12-02,SKU-015,473,Completed,61655.549999999996
ORD-04858,CLI-0088,2025-12-02,SKU-002,459,Completed,60092.27999999999
ORD-04859,CLI-0039,2025-12-02,SKU-H01,188,Completed,3002.36
ORD-04860,CLI-0088,2025-12-02,SKU-018,407,Completed,18498.15
ORD-04861,CLI-0089,2025-12-02,SKU-005,235,Completed,42873.4
ORD-04862,CLI-0013,2025-12-02,SKU-004,323,Completed,34441.49
ORD-04863,CLI-0075,2025-12-02,SKU-H01,230,Completed,3673.1000000000004
ORD-04864,CLI-0019,2025-12-02,SKU-H01,56,Completed,894.32
ORD-04865,CLI-0018,2025-12-02,SKU-015,315,Completed,41060.25
ORD-04866,CLI-0037,2025-12-02,SKU-008,240,Completed,36852.0
ORD-04867,CLI-0053,2025-12-03,SKU-H01,224,Completed,3577.28
ORD-04868,CLI-0021,2025-12-03,SKU-H01,102,Completed,1628.94
ORD-04869,CLI-0028,2025-12-03,SKU-006,129,Completed,7400.73
ORD-04870,CLI-0065,2025-12-03,SKU-007,163,Completed,14339.11
ORD-04871,CLI-0025,2025-12-03,SKU-H01,457,Completed,7298.29
ORD-04872,CLI-0072,2025-12-03,SKU-015,364,Completed,47447.4
ORD-04873,CLI-0089,2025-12-03,SKU-H01,475,Completed,7585.75
ORD-04874,CLI-0068,2025-12-03,SKU-H01,483,Completed,7713.51
ORD-04875,CLI-0069,2025-12-03,SKU-010,414,Completed,10196.82
ORD-04876,CLI-0071,2025-12-03,SKU-H01,409,Completed,6531.7300000000005
ORD-04877,CLI-0097,2025-12-03,SKU-015,460,Completed,59961.0
ORD-04878,CLI-0015,2025-12-03,SKU-012,263,Completed,10685.69
ORD-04879,CLI-0059,2025-12-03,SKU-013,89,Completed,16610.96
ORD-04880,CLI-0015,2025-12-03,SKU-H01,469,Completed,7489.93
ORD-04881,CLI-0017,2025-12-03,SKU-H01,58,Completed,926.26
ORD-04882,CLI-0062,2025-12-03,SKU-H01,228,Completed,3641.1600000000003
ORD-04883,CLI-0040,2025-12-03,SKU-005,403,Completed,73523.31999999999
ORD-04884,CLI-0047,2025-12-03,SKU-012,121,Completed,4916.2300000000005
ORD-04885,CLI-0057,2025-12-03,SKU-015,355,Completed,46274.25
ORD-04886,CLI-0067,2025-12-03,SKU-011,440,Completed,28622.0
ORD-04887,CLI-0044,2025-12-03,SKU-018,138,Completed,6272.1
ORD-04888,CLI-0091,2025-12-03,SKU-012,205,Completed,8329.15
ORD-04889,CLI-0004,2025-12-03,SKU-H01,431,Completed,6883.070000000001
ORD-04890,CLI-0016,2025-12-03,SKU-H01,163,Completed,2603.11
ORD-04891,CLI-0017,2025-12-03,SKU-011,488,Completed,31744.399999999998
ORD-04892,CLI-0089,2025-12-04,SKU-H01,166,Completed,2651.02
ORD-04893,CLI-0040,2025-12-04,SKU-H01,114,Completed,1820.5800000000002
ORD-04894,CLI-0027,2025-12-04,SKU-006,116,Completed,6654.92
ORD-04895,CLI-0011,2025-12-04,SKU-014,267,Completed,43665.18
ORD-04896,CLI-0089,2025-12-04,SKU-H01,440,Completed,7026.8
ORD-04897,CLI-0015,2025-12-04,SKU-013,89,Completed,16610.96
ORD-04898,CLI-0003,2025-12-04,SKU-014,446,Completed,72938.84
ORD-04899,CLI-0062,2025-12-04,SKU-004,437,Completed,46597.31
ORD-04900,CLI-0056,2025-12-04,SKU-H01,71,Completed,1133.8700000000001
ORD-04901,CLI-0026,2025-12-04,SKU-H01,105,Completed,1676.8500000000001
ORD-04902,CLI-0005,2025-12-04,SKU-011,456,Completed,29662.8
ORD-04903,CLI-0085,2025-12-04,SKU-011,312,Completed,20295.6
ORD-04904,CLI-0076,2025-12-04,SKU-017,80,Completed,13016.0
ORD-04905,CLI-0061,2025-12-04,SKU-007,110,Completed,9676.7
ORD-04906,CLI-0006,2025-12-05,SKU-H01,83,Completed,1325.51
ORD-04907,CLI-0039,2025-12-05,SKU-H01,391,Completed,6244.27
ORD-04908,CLI-0002,2025-12-05,SKU-011,436,Completed,28361.8
ORD-04909,CLI-0013,2025-12-05,SKU-H01,450,Completed,7186.5
ORD-04910,CLI-0016,2025-12-05,SKU-H01,358,Completed,5717.26
ORD-04911,CLI-0027,2025-12-05,SKU-004,350,Completed,37320.5
ORD-04912,CLI-0026,2025-12-05,SKU-H01,144,Completed,2299.6800000000003
ORD-04913,CLI-0086,2025-12-05,SKU-H01,229,Completed,3657.13
ORD-04914,CLI-0004,2025-12-05,SKU-002,96,Completed,12568.32
ORD-04915,CLI-0019,2025-12-05,SKU-H01,483,Completed,7713.51
ORD-04916,CLI-0096,2025-12-05,SKU-H01,192,Completed,3066.2400000000002
ORD-04917,CLI-0075,2025-12-05,SKU-012,228,Completed,9263.640000000001
ORD-04918,CLI-0046,2025-12-05,SKU-014,132,Completed,21587.28
ORD-04919,CLI-0065,2025-12-05,SKU-H01,449,Completed,7170.530000000001
ORD-04920,CLI-0094,2025-12-05,SKU-013,363,Completed,67750.31999999999
ORD-04921,CLI-0031,2025-12-05,SKU-H01,308,Completed,4918.76
ORD-04922,CLI-0073,2025-12-05,SKU-005,84,Completed,15324.96
ORD-04923,CLI-0013,2025-12-05,SKU-015,469,Completed,61134.149999999994
ORD-04924,CLI-0098,2025-12-06,SKU-012,57,Completed,2315.9100000000003
ORD-04925,CLI-0068,2025-12-06,SKU-014,161,Completed,26329.94
ORD-04926,CLI-0092,2025-12-06,SKU-H01,148,Completed,2363.56
ORD-04927,CLI-0037,2025-12-06,SKU-H01,137,Completed,2187.89
ORD-04928,CLI-0097,2025-12-06,SKU-017,325,Completed,52877.49999999999
ORD-04929,CLI-0001,2025-12-06,SKU-H01,421,Completed,6723.37
ORD-04930,CLI-0013,2025-12-06,SKU-H01,159,Completed,2539.23
ORD-04931,CLI-0065,2025-12-06,SKU-011,485,Completed,31549.25
ORD-04932,CLI-0091,2025-12-06,SKU-015,293,Completed,38192.549999999996
ORD-04933,CLI-0047,2025-12-06,SKU-016,407,Completed,71461.06000000001
ORD-04934,CLI-0076,2025-12-06,SKU-H01,144,Completed,2299.6800000000003
ORD-04935,CLI-0057,2025-12-06,SKU-015,394,Completed,51357.899999999994
ORD-04936,CLI-0014,2025-12-06,SKU-H01,142,Completed,2267.7400000000002
ORD-04937,CLI-0046,2025-12-06,SKU-H01,244,Completed,3896.6800000000003
ORD-04938,CLI-0055,2025-12-06,SKU-008,159,Completed,24414.45
ORD-04939,CLI-0066,2025-12-06,SKU-H01,166,Completed,2651.02
ORD-04940,CLI-0053,2025-12-06,SKU-H01,107,Completed,1708.79
ORD-04941,CLI-0098,2025-12-06,SKU-010,210,Completed,5172.3
ORD-04942,CLI-0016,2025-12-06,SKU-H01,288,Completed,4599.360000000001
ORD-04943,CLI-0015,2025-12-06,SKU-H01,316,Completed,5046.52
ORD-04944,CLI-0018,2025-12-06,SKU-H01,303,Completed,4838.91
ORD-04945,CLI-0098,2025-12-06,SKU-003,234,Completed,16316.820000000002
ORD-04946,CLI-0091,2025-12-06,SKU-004,197,Completed,21006.11
ORD-04947,CLI-0072,2025-12-06,SKU-013,419,Completed,78202.15999999999
ORD-04948,CLI-0006,2025-12-06,SKU-012,92,Completed,3737.96
ORD-04949,CLI-0042,2025-12-06,SKU-003,302,Completed,21058.460000000003
ORD-04950,CLI-0015,2025-12-06,SKU-015,247,Completed,32196.449999999997
ORD-04951,CLI-0037,2025-12-06,SKU-H01,283,Completed,4519.51
ORD-04952,CLI-0095,2025-12-07,SKU-H01,209,Completed,3337.73
ORD-04953,CLI-0088,2025-12-07,SKU-015,480,Completed,62568.0
ORD-04954,CLI-0057,2025-12-07,SKU-H01,165,Completed,2635.05
ORD-04955,CLI-0071,2025-12-07,SKU-019,258,Completed,46334.22
ORD-04956,CLI-0038,2025-12-07,SKU-004,487,Completed,51928.81
ORD-04957,CLI-0055,2025-12-07,SKU-013,146,Completed,27249.44
ORD-04958,CLI-0009,2025-12-07,SKU-002,480,Completed,62841.59999999999
ORD-04959,CLI-0061,2025-12-07,SKU-002,397,Completed,51975.24
ORD-04960,CLI-0048,2025-12-07,SKU-H01,141,Completed,2251.77
ORD-04961,CLI-0002,2025-12-07,SKU-011,395,Completed,25694.75
ORD-04962,CLI-0063,2025-12-07,SKU-006,394,Completed,22603.78
ORD-04963,CLI-0014,2025-12-07,SKU-018,252,Completed,11453.400000000001
ORD-04964,CLI-0057,2025-12-07,SKU-H01,317,Completed,5062.49
ORD-04965,CLI-0085,2025-12-07,SKU-H01,396,Completed,6324.12
ORD-04966,CLI-0011,2025-12-07,SKU-H01,111,Completed,1772.67
ORD-04967,CLI-0019,2025-12-07,SKU-008,252,Completed,38694.600000000006
ORD-04968,CLI-0052,2025-12-07,SKU-016,405,Completed,71109.90000000001
ORD-04969,CLI-0076,2025-12-07,SKU-H01,102,Completed,1628.94
ORD-04970,CLI-0095,2025-12-07,SKU-009,136,Completed,7271.92
ORD-04971,CLI-0009,2025-12-07,SKU-H01,236,Completed,3768.92
ORD-04972,CLI-0026,2025-12-07,SKU-008,223,Completed,34241.65
ORD-04973,CLI-0026,2025-12-07,SKU-016,354,Completed,62155.32000000001
ORD-04974,CLI-0052,2025-12-07,SKU-H01,112,Completed,1788.64
ORD-04975,CLI-0030,2025-12-07,SKU-002,479,Completed,62710.67999999999
ORD-04976,CLI-0055,2025-12-07,SKU-Z99,421,Completed,210500.0
ORD-04977,CLI-0064,2025-12-07,SKU-016,192,Completed,33711.36
ORD-04978,CLI-0098,2025-12-07,SKU-007,415,Completed,36507.55
ORD-04979,CLI-0099,2025-12-07,SKU-005,347,Completed,63306.68
ORD-04980,CLI-0076,2025-12-07,SKU-H01,189,Completed,3018.33
ORD-04981,CLI-0052,2025-12-08,SKU-005,232,Completed,42326.08
ORD-04982,CLI-0061,2025-12-08,SKU-015,391,Completed,50966.85
ORD-04983,CLI-0078,2025-12-08,SKU-010,257,Completed,6329.91
ORD-04984,CLI-0063,2025-12-08,SKU-H01,311,Completed,4966.67
ORD-04985,CLI-0036,2025-12-08,SKU-H01,125,Completed,1996.25
ORD-04986,CLI-0099,2025-12-08,SKU-H01,282,Completed,4503.54
ORD-04987,CLI-0014,2025-12-08,SKU-H01,112,Completed,1788.64
ORD-04988,CLI-0033,2025-12-08,SKU-H01,300,Completed,4791.0
ORD-04989,CLI-0064,2025-12-08,SKU-002,168,Completed,21994.559999999998
ORD-04990,CLI-0081,2025-12-08,SKU-H01,118,Completed,1884.46
ORD-04991,CLI-0004,2025-12-08,SKU-H01,100,Completed,1597.0
ORD-04992,CLI-0095,2025-12-08,SKU-006,77,Completed,4417.49
ORD-04993,CLI-0009,2025-12-08,SKU-H01,305,Completed,4870.85
ORD-04994,CLI-0087,2025-12-08,SKU-H01,63,Completed,1006.11
ORD-04995,CLI-0023,2025-12-08,SKU-H01,245,Completed,3912.65
ORD-04996,CLI-0078,2025-12-08,SKU-H01,397,Completed,6340.09
ORD-04997,CLI-0042,2025-12-08,SKU-005,128,Completed,23352.32
ORD-04998,CLI-0039,2025-12-08,SKU-H01,368,Completed,5876.96
ORD-04999,CLI-0080,2025-12-08,SKU-012,99,Completed,4022.3700000000003
ORD-05000,CLI-0098,2025-12-08,SKU-017,89,Completed,14480.3
ORD-05001,CLI-0085,2025-12-08,SKU-012,434,Completed,17633.420000000002
ORD-05002,CLI-0067,2025-12-08,SKU-006,442,Completed,25357.539999999997
ORD-05003,CLI-0064,2025-12-08,SKU-016,455,Completed,79888.90000000001
ORD-05004,CLI-0060,2025-12-08,SKU-010,153,Completed,3768.39
ORD-05005,CLI-0038,2025-12-08,SKU-H01,388,Completed,6196.360000000001
ORD-05006,CLI-0064,2025-12-08,SKU-H01,301,Completed,4806.97
ORD-05007,CLI-0065,2025-12-08,SKU-015,183,Completed,23854.05
ORD-05008,CLI-0070,2025-12-08,SKU-H01,225,Completed,3593.25
ORD-05009,CLI-0070,2025-12-08,SKU-H01,329,Completed,5254.13
ORD-05010,CLI-0003,2025-12-08,SKU-012,441,Completed,17917.83
ORD-05011,CLI-0056,2025-12-09,SKU-014,500,Completed,81770.0
ORD-05012,CLI-0016,2025-12-09,SKU-H01,246,Completed,3928.6200000000003
ORD-05013,CLI-0058,2025-12-09,SKU-006,211,Completed,12105.07
ORD-05014,CLI-0049,2025-12-09,SKU-H01,276,Completed,4407.72
ORD-05015,CLI-0059,2025-12-09,SKU-011,68,Completed,4423.4
ORD-05016,CLI-0005,2025-12-09,SKU-H01,140,Completed,2235.8
ORD-05017,CLI-0072,2025-12-09,SKU-H01,387,Completed,6180.39
ORD-05018,CLI-0100,2025-12-09,SKU-015,205,Completed,26721.75
ORD-05019,CLI-0091,2025-12-09,SKU-004,134,Completed,14288.42
ORD-05020,CLI-0063,2025-12-09,SKU-010,270,Completed,6650.099999999999
ORD-05021,CLI-0018,2025-12-09,SKU-002,209,Completed,27362.28
ORD-05022,CLI-0063,2025-12-10,SKU-H01,441,Completed,7042.77
ORD-05023,CLI-0015,2025-12-10,SKU-008,341,Completed,52360.55
ORD-05024,CLI-0087,2025-12-10,SKU-H01,301,Completed,4806.97
ORD-05025,CLI-0085,2025-12-10,SKU-H01,333,Completed,5318.01
ORD-05026,CLI-0088,2025-12-10,SKU-H01,326,Completed,5206.22
ORD-05027,CLI-0074,2025-12-10,SKU-011,290,Completed,18864.5
ORD-05028,CLI-0061,2025-12-10,SKU-018,337,Completed,15316.650000000001
ORD-05029,CLI-0065,2025-12-10,SKU-003,78,Completed,5438.9400000000005
ORD-05030,CLI-0051,2025-12-10,SKU-H01,184,Completed,2938.48
ORD-05031,CLI-0064,2025-12-10,SKU-003,352,Completed,24544.960000000003
ORD-05032,CLI-0049,2025-12-10,SKU-015,365,Completed,47577.75
ORD-05033,CLI-0087,2025-12-10,SKU-H01,230,Completed,3673.1000000000004
ORD-05034,CLI-0099,2025-12-10,SKU-018,195,Completed,8862.75
ORD-05035,CLI-0042,2025-12-10,SKU-H01,81,Completed,1293.5700000000002
ORD-05036,CLI-0004,2025-12-10,SKU-019,352,Completed,63215.68
ORD-05037,CLI-0006,2025-12-10,SKU-015,115,Completed,14990.25
ORD-05038,CLI-0047,2025-12-10,SKU-014,228,Completed,37287.119999999995
ORD-05039,CLI-0095,2025-12-10,SKU-H01,348,Completed,5557.56
ORD-05040,CLI-0004,2025-12-10,SKU-H01,441,Completed,7042.77
ORD-05041,CLI-0081,2025-12-10,SKU-H01,224,Completed,3577.28
ORD-05042,CLI-0049,2025-12-10,SKU-H01,99,Completed,1581.03
ORD-05043,CLI-0045,2025-12-11,SKU-H01,232,Completed,3705.04
ORD-05044,CLI-0053,2025-12-11,SKU-005,229,Completed,41778.76
ORD-05045,CLI-0008,2025-12-11,SKU-002,388,Completed,50796.95999999999
ORD-05046,CLI-0032,2025-12-11,SKU-009,176,Completed,9410.72
ORD-05047,CLI-0031,2025-12-11,SKU-008,381,Completed,58502.55
ORD-05048,CLI-0040,2025-12-11,SKU-H01,353,Completed,5637.41
ORD-05049,CLI-0011,2025-12-11,SKU-019,402,Completed,72195.18000000001
ORD-05050,CLI-0009,2025-12-11,SKU-H01,494,Completed,7889.18
ORD-05051,CLI-0040,2025-12-11,SKU-003,108,Completed,7530.84
ORD-05052,CLI-0044,2025-12-11,SKU-004,136,Completed,14501.68
ORD-05053,CLI-0003,2025-12-11,SKU-014,325,Completed,53150.5
ORD-05054,CLI-0042,2025-12-11,SKU-H01,69,Completed,1101.93
ORD-05055,CLI-0059,2025-12-11,SKU-002,386,Completed,50535.119999999995
ORD-05056,CLI-0055,2025-12-11,SKU-008,340,Completed,52207.00000000001
ORD-05057,CLI-0066,2025-12-11,SKU-H01,265,Completed,4232.05
ORD-05058,CLI-0035,2025-12-11,SKU-008,60,Completed,9213.0
ORD-05059,CLI-0090,2025-12-11,SKU-017,290,Completed,47183.0
ORD-05060,CLI-0003,2025-12-11,SKU-H01,212,Completed,3385.6400000000003
ORD-05061,CLI-0049,2025-12-11,SKU-H01,342,Completed,5461.74
ORD-05062,CLI-0050,2025-12-11,SKU-H01,215,Completed,3433.55
ORD-05063,CLI-0074,2025-12-11,SKU-H01,100,Completed,1597.0
ORD-05064,CLI-0063,2025-12-11,SKU-H01,101,Completed,1612.97
ORD-05065,CLI-0044,2025-12-12,SKU-H01,304,Completed,4854.88
ORD-05066,CLI-0065,2025-12-12,SKU-018,465,Completed,21134.25
ORD-05067,CLI-0098,2025-12-12,SKU-017,391,Completed,63615.7
ORD-05068,CLI-0044,2025-12-12,SKU-H01,135,Completed,2155.9500000000003
ORD-05069,CLI-0079,2025-12-12,SKU-H01,203,Completed,3241.9100000000003
ORD-05070,CLI-0047,2025-12-12,SKU-002,273,Completed,35741.159999999996
ORD-05071,CLI-0026,2025-12-12,SKU-H01,304,Completed,4854.88
ORD-05072,CLI-0082,2025-12-12,SKU-008,483,Completed,74164.65000000001
ORD-05073,CLI-0010,2025-12-12,SKU-009,480,Completed,25665.6
ORD-05074,CLI-0069,2025-12-12,SKU-015,159,Completed,20725.649999999998
ORD-05075,CLI-0037,2025-12-12,SKU-012,185,Completed,7516.55
ORD-05076,CLI-0007,2025-12-12,SKU-006,202,Completed,11588.74
ORD-05077,CLI-0074,2025-12-12,SKU-009,255,Completed,13634.85
ORD-05078,CLI-0029,2025-12-12,SKU-H01,369,Completed,5892.93
ORD-05079,CLI-0096,2025-12-12,SKU-007,97,Completed,8533.09
ORD-05080,CLI-0092,2025-12-12,SKU-004,482,Completed,51395.659999999996
ORD-05081,CLI-0013,2025-12-13,SKU-H01,353,Completed,5637.41
ORD-05082,CLI-0044,2025-12-13,SKU-H01,189,Completed,3018.33
ORD-05083,CLI-0009,2025-12-13,SKU-H01,340,Completed,5429.8
ORD-05084,CLI-0068,2025-12-13,SKU-017,293,Completed,47671.1
ORD-05085,CLI-0055,2025-12-13,SKU-H01,157,Completed,2507.29
ORD-05086,CLI-0045,2025-12-13,SKU-H01,457,Completed,7298.29
ORD-05087,CLI-0010,2025-12-13,SKU-H01,383,Completed,6116.51
ORD-05088,CLI-0039,2025-12-13,SKU-010,308,Completed,7586.04
ORD-05089,CLI-0039,2025-12-13,SKU-H01,271,Completed,4327.87
ORD-05090,CLI-0085,2025-12-13,SKU-018,326,Completed,14816.7
ORD-05091,CLI-0041,2025-12-13,SKU-016,152,Completed,26688.160000000003
ORD-05092,CLI-0054,2025-12-13,SKU-007,255,Completed,22432.35
ORD-05093,CLI-0033,2025-12-13,SKU-010,369,Completed,9088.47
ORD-05094,CLI-0066,2025-12-13,SKU-H01,282,Completed,4503.54
ORD-05095,CLI-0086,2025-12-13,SKU-H01,440,Completed,7026.8
ORD-05096,CLI-0071,2025-12-13,SKU-014,142,Completed,23222.68
ORD-05097,CLI-0003,2025-12-13,SKU-H01,371,Completed,5924.87
ORD-05098,CLI-0091,2025-12-13,SKU-H01,314,Completed,5014.58
ORD-05099,CLI-0024,2025-12-13,SKU-007,345,Completed,30349.649999999998
ORD-05100,CLI-0064,2025-12-13,SKU-H01,159,Completed,2539.23
ORD-05101,CLI-0085,2025-12-13,SKU-018,471,Completed,21406.95
ORD-05102,CLI-0096,2025-12-13,SKU-H01,289,Completed,4615.33
ORD-05103,CLI-0035,2025-12-13,SKU-014,376,Completed,61491.03999999999
ORD-05104,CLI-0069,2025-12-13,SKU-005,464,Completed,84652.16
ORD-05105,CLI-0079,2025-12-13,SKU-012,486,Completed,19746.18
ORD-05106,CLI-0099,2025-12-13,SKU-H01,272,Completed,4343.84
ORD-05107,CLI-0073,2025-12-13,SKU-005,422,Completed,76989.68
ORD-05108,CLI-0081,2025-12-13,SKU-015,80,Completed,10428.0
ORD-05109,CLI-0026,2025-12-14,SKU-004,236,Completed,25164.68
ORD-05110,CLI-0060,2025-12-14,SKU-H01,125,Completed,1996.25
ORD-05111,CLI-0031,2025-12-14,SKU-006,127,Completed,7285.99
ORD-05112,CLI-0096,2025-12-14,SKU-011,400,Completed,26020.0
ORD-05113,CLI-0098,2025-12-14,SKU-003,203,Completed,14155.19
ORD-05114,CLI-0056,2025-12-14,SKU-018,260,Completed,11817.0
ORD-05115,CLI-0041,2025-12-14,SKU-H01,490,Completed,7825.3
ORD-05116,CLI-0009,2025-12-14,SKU-004,374,Completed,39879.619999999995
ORD-05117,CLI-0027,2025-12-14,SKU-012,483,Completed,19624.29
ORD-05118,CLI-0053,2025-12-14,SKU-010,186,Completed,4581.179999999999
ORD-05119,CLI-0037,2025-12-14,SKU-016,380,Completed,66720.40000000001
ORD-05120,CLI-0033,2025-12-14,SKU-002,401,Completed,52498.92
ORD-05121,CLI-0077,2025-12-14,SKU-H01,170,Completed,2714.9
ORD-05122,CLI-0052,2025-12-14,SKU-H01,172,Completed,2746.84
ORD-05123,CLI-0015,2025-12-14,SKU-011,126,Completed,8196.3
ORD-05124,CLI-0025,2025-12-14,SKU-016,64,Completed,11237.12
ORD-05125,CLI-0032,2025-12-14,SKU-H01,458,Completed,7314.26
ORD-05126,CLI-0040,2025-12-14,SKU-H01,287,Completed,4583.39
ORD-05127,CLI-0063,2025-12-14,SKU-H01,336,Completed,5365.92
ORD-05128,CLI-0056,2025-12-14,SKU-014,266,Completed,43501.64
ORD-05129,CLI-0083,2025-12-14,SKU-H01,68,Completed,1085.96
ORD-05130,CLI-0026,2025-12-14,SKU-002,131,Completed,17150.519999999997
ORD-05131,CLI-0035,2025-12-14,SKU-005,119,Completed,21710.36
ORD-05132,CLI-0004,2025-12-14,SKU-015,182,Completed,23723.7
ORD-05133,CLI-0036,2025-12-14,SKU-009,387,Completed,20692.89
ORD-05134,CLI-0023,2025-12-15,SKU-008,379,Completed,58195.450000000004
ORD-05135,CLI-0006,2025-12-15,SKU-H01,419,Completed,6691.43
ORD-05136,CLI-0063,2025-12-15,SKU-005,450,Completed,82098.0
ORD-05137,CLI-0003,2025-12-15,SKU-011,78,Completed,5073.9
ORD-05138,CLI-0011,2025-12-15,SKU-019,210,Completed,37713.9
ORD-05139,CLI-0078,2025-12-15,SKU-H01,202,Completed,3225.94
ORD-05140,CLI-0009,2025-12-15,SKU-H01,258,Completed,4120.26
ORD-05141,CLI-0047,2025-12-15,SKU-H01,393,Completed,6276.21
ORD-05142,CLI-0085,2025-12-15,SKU-H01,96,Completed,1533.1200000000001
ORD-05143,CLI-0051,2025-12-15,SKU-014,479,Completed,78335.65999999999
ORD-05144,CLI-0093,2025-12-15,SKU-H01,481,Completed,7681.570000000001
ORD-05145,CLI-0018,2025-12-15,SKU-003,170,Completed,11854.1
ORD-05146,CLI-0015,2025-12-15,SKU-H01,342,Completed,5461.74
ORD-05147,CLI-0095,2025-12-15,SKU-H01,306,Completed,4886.820000000001
ORD-05148,CLI-0016,2025-12-15,SKU-003,317,Completed,22104.41
ORD-05149,CLI-0086,2025-12-15,SKU-H01,474,Completed,7569.780000000001
ORD-05150,CLI-0075,2025-12-15,SKU-H01,446,Completed,7122.62
ORD-05151,CLI-0068,2025-12-15,SKU-011,178,Completed,11578.9
ORD-05152,CLI-0064,2025-12-15,SKU-005,96,Completed,17514.239999999998
ORD-05153,CLI-0031,2025-12-15,SKU-H01,357,Completed,5701.29
ORD-05154,CLI-0016,2025-12-15,SKU-019,445,Completed,79917.55
ORD-05155,CLI-0041,2025-12-15,SKU-009,218,Completed,11656.46
ORD-05156,CLI-0075,2025-12-15,SKU-013,427,Completed,79695.28
ORD-05157,CLI-0050,2025-12-15,SKU-H01,462,Completed,7378.14
ORD-05158,CLI-0096,2025-12-15,SKU-H01,430,Completed,6867.1
ORD-05159,CLI-0031,2025-12-15,SKU-H01,266,Completed,4248.02
ORD-05160,CLI-0028,2025-12-15,SKU-H01,123,Completed,1964.3100000000002
ORD-05161,CLI-0023,2025-12-16,SKU-002,159,Completed,20816.28
ORD-05162,CLI-0036,2025-12-16,SKU-018,275,Completed,12498.75
ORD-05163,CLI-0053,2025-12-16,SKU-003,180,Completed,12551.400000000001
ORD-05164,CLI-0076,2025-12-16,SKU-H01,78,Completed,1245.66
ORD-05165,CLI-0063,2025-12-16,SKU-006,323,Completed,18530.51
ORD-05166,CLI-0048,2025-12-16,SKU-H01,408,Completed,6515.76
ORD-05167,CLI-0015,2025-12-16,SKU-008,212,Completed,32552.600000000002
ORD-05168,CLI-0070,2025-12-16,SKU-007,266,Completed,23400.02
ORD-05169,CLI-0061,2025-12-16,SKU-013,399,Completed,74469.36
ORD-05170,CLI-0032,2025-12-16,SKU-019,192,Completed,34481.28
ORD-05171,CLI-0019,2025-12-16,SKU-H01,235,Completed,3752.9500000000003
ORD-05172,CLI-0061,2025-12-16,SKU-005,416,Completed,75895.04
ORD-05173,CLI-0048,2025-12-16,SKU-017,470,Completed,76469.0
ORD-05174,CLI-0003,2025-12-17,SKU-013,380,Completed,70923.2
ORD-05175,CLI-0078,2025-12-17,SKU-004,67,Completed,7144.21
ORD-05176,CLI-0095,2025-12-17,SKU-018,389,Completed,17680.050000000003
ORD-05177,CLI-0007,2025-12-17,SKU-H01,403,Completed,6435.91
ORD-05178,CLI-0086,2025-12-17,SKU-018,172,Completed,7817.400000000001
ORD-05179,CLI-0033,2025-12-17,SKU-H01,332,Completed,5302.04
ORD-05180,CLI-0050,2025-12-17,SKU-006,208,Completed,11932.96
ORD-05181,CLI-0082,2025-12-17,SKU-016,408,Completed,71636.64
ORD-05182,CLI-0047,2025-12-17,SKU-H01,465,Completed,7426.05
ORD-05183,CLI-0088,2025-12-17,SKU-004,112,Completed,11942.56
ORD-05184,CLI-0069,2025-12-17,SKU-H01,493,Completed,7873.21
ORD-05185,CLI-0031,2025-12-17,SKU-018,489,Completed,22225.050000000003
ORD-05186,CLI-0057,2025-12-17,SKU-014,248,Completed,40557.92
ORD-05187,CLI-0002,2025-12-17,SKU-011,251,Completed,16327.55
ORD-05188,CLI-0033,2025-12-17,SKU-007,204,Completed,17945.88
ORD-05189,CLI-0012,2025-12-17,SKU-014,471,Completed,77027.34
ORD-05190,CLI-0097,2025-12-17,SKU-H01,170,Completed,2714.9
ORD-05191,CLI-0039,2025-12-17,SKU-003,157,Completed,10947.61
ORD-05192,CLI-0021,2025-12-17,SKU-012,274,Completed,11132.62
ORD-05193,CLI-0041,2025-12-18,SKU-H01,500,Completed,7985.0
ORD-05194,CLI-0099,2025-12-18,SKU-H01,379,Completed,6052.63
ORD-05195,CLI-0053,2025-12-18,SKU-H01,454,Completed,7250.38
ORD-05196,CLI-0005,2025-12-18,SKU-H01,190,Completed,3034.3
ORD-05197,CLI-0011,2025-12-18,SKU-016,471,Completed,82698.18000000001
ORD-05198,CLI-0100,2025-12-18,SKU-004,301,Completed,32095.629999999997
ORD-05199,CLI-0061,2025-12-18,SKU-011,427,Completed,27776.35
ORD-05200,CLI-0053,2025-12-18,SKU-H01,480,Completed,7665.6
ORD-05201,CLI-0043,2025-12-18,SKU-H01,417,Completed,6659.490000000001
ORD-05202,CLI-0055,2025-12-18,SKU-H01,498,Completed,7953.06
ORD-05203,CLI-0013,2025-12-18,SKU-014,472,Completed,77190.87999999999
ORD-05204,CLI-0021,2025-12-18,SKU-008,407,Completed,62494.850000000006
ORD-05205,CLI-0034,2025-12-18,SKU-018,309,Completed,14044.050000000001
ORD-05206,CLI-0009,2025-12-18,SKU-010,230,Completed,5664.9
ORD-05207,CLI-0054,2025-12-18,SKU-007,358,Completed,31493.26
ORD-05208,CLI-0094,2025-12-18,SKU-008,466,Completed,71554.3
ORD-05209,CLI-0071,2025-12-18,SKU-018,427,Completed,19407.15
ORD-05210,CLI-0042,2025-12-18,SKU-013,282,Completed,52632.479999999996
ORD-05211,CLI-0089,2025-12-18,SKU-H01,64,Completed,1022.08
ORD-05212,CLI-0098,2025-12-18,SKU-006,76,Completed,4360.12
ORD-05213,CLI-0083,2025-12-18,SKU-010,378,Completed,9310.14
ORD-05214,CLI-0024,2025-12-18,SKU-012,372,Completed,15114.36
ORD-05215,CLI-0057,2025-12-18,SKU-H01,455,Completed,7266.35
ORD-05216,CLI-0083,2025-12-18,SKU-016,119,Completed,20894.02
ORD-05217,CLI-0001,2025-12-18,SKU-018,255,Completed,11589.75
ORD-05218,CLI-0026,2025-12-18,SKU-H01,371,Completed,5924.87
ORD-05219,CLI-0040,2025-12-18,SKU-016,210,Completed,36871.8
ORD-05220,CLI-0074,2025-12-18,SKU-H01,92,Completed,1469.24
ORD-05221,CLI-0015,2025-12-18,SKU-H01,130,Completed,2076.1
ORD-05222,CLI-0032,2025-12-18,SKU-H01,314,Completed,5014.58
ORD-05223,CLI-0098,2025-12-19,SKU-H01,116,Completed,1852.52
ORD-05224,CLI-0077,2025-12-19,SKU-015,401,Completed,52270.35
ORD-05225,CLI-0053,2025-12-19,SKU-H01,455,Completed,7266.35
ORD-05226,CLI-0041,2025-12-19,SKU-H01,281,Completed,4487.570000000001
ORD-05227,CLI-0062,2025-12-19,SKU-H01,497,Completed,7937.09
ORD-05228,CLI-0095,2025-12-19,SKU-H01,118,Completed,1884.46
ORD-05229,CLI-0034,2025-12-19,SKU-H01,138,Completed,2203.86
ORD-05230,CLI-0088,2025-12-19,SKU-010,353,Completed,8694.39
ORD-05231,CLI-0042,2025-12-19,SKU-H01,459,Completed,7330.2300000000005
ORD-05232,CLI-0037,2025-12-19,SKU-015,151,Completed,19682.85
ORD-05233,CLI-0011,2025-12-19,SKU-014,262,Completed,42847.479999999996
ORD-05234,CLI-0048,2025-12-19,SKU-H01,143,Completed,2283.71
ORD-05235,CLI-0051,2025-12-19,SKU-017,498,Completed,81024.59999999999
ORD-05236,CLI-0049,2025-12-19,SKU-H01,477,Completed,7617.6900000000005
ORD-05237,CLI-0074,2025-12-19,SKU-H01,164,Completed,2619.08
ORD-05238,CLI-0003,2025-12-19,SKU-H01,61,Completed,974.1700000000001
ORD-05239,CLI-0072,2025-12-19,SKU-H01,381,Completed,6084.570000000001
ORD-05240,CLI-0079,2025-12-19,SKU-005,370,Completed,67502.8
ORD-05241,CLI-0030,2025-12-19,SKU-014,95,Completed,15536.3
ORD-05242,CLI-0060,2025-12-19,SKU-H01,151,Completed,2411.4700000000003
ORD-05243,CLI-0034,2025-12-19,SKU-011,409,Completed,26605.449999999997
ORD-05244,CLI-0022,2025-12-19,SKU-H01,75,Completed,1197.75
ORD-05245,CLI-0052,2025-12-19,SKU-012,366,Completed,14870.580000000002
ORD-05246,CLI-0055,2025-12-19,SKU-H01,357,Completed,5701.29
ORD-05247,CLI-0034,2025-12-19,SKU-H01,126,Completed,2012.22
ORD-05248,CLI-0012,2025-12-19,SKU-H01,238,Completed,3800.86
ORD-05249,CLI-0022,2025-12-19,SKU-H01,340,Completed,5429.8
ORD-05250,CLI-0016,2025-12-19,SKU-005,57,Completed,10399.08
ORD-05251,CLI-0092,2025-12-19,SKU-015,319,Completed,41581.65
ORD-05252,CLI-0056,2025-12-19,SKU-H01,445,Completed,7106.650000000001
ORD-05253,CLI-0087,2025-12-20,SKU-011,303,Completed,19710.149999999998
ORD-05254,CLI-0016,2025-12-20,SKU-009,164,Completed,8769.08
ORD-05255,CLI-0092,2025-12-20,SKU-016,154,Completed,27039.320000000003
ORD-05256,CLI-0025,2025-12-20,SKU-H01,491,Completed,7841.27
ORD-05257,CLI-0035,2025-12-20,SKU-003,197,Completed,13736.810000000001
ORD-05258,CLI-0096,2025-12-20,SKU-018,303,Completed,13771.35
ORD-05259,CLI-0049,2025-12-20,SKU-009,116,Completed,6202.5199999999995
ORD-05260,CLI-0056,2025-12-20,SKU-H01,488,Completed,7793.360000000001
ORD-05261,CLI-0027,2025-12-20,SKU-H01,357,Completed,5701.29
ORD-05262,CLI-0028,2025-12-20,SKU-H01,471,Completed,7521.87
ORD-05263,CLI-0037,2025-12-20,SKU-007,422,Completed,37123.34
ORD-05264,CLI-0087,2025-12-20,SKU-011,146,Completed,9497.3
ORD-05265,CLI-0054,2025-12-20,SKU-H01,142,Completed,2267.7400000000002
ORD-05266,CLI-0053,2025-12-20,SKU-008,455,Completed,69865.25
ORD-05267,CLI-0019,2025-12-20,SKU-006,64,Completed,3671.68
ORD-05268,CLI-0038,2025-12-20,SKU-005,184,Completed,33568.96
ORD-05269,CLI-0031,2025-12-20,SKU-010,366,Completed,9014.58
ORD-05270,CLI-0058,2025-12-20,SKU-015,177,Completed,23071.95
ORD-05271,CLI-0048,2025-12-20,SKU-H01,348,Completed,5557.56
ORD-05272,CLI-0088,2025-12-20,SKU-016,381,Completed,66895.98000000001
ORD-05273,CLI-0059,2025-12-20,SKU-H01,93,Completed,1485.21
ORD-05274,CLI-0002,2025-12-20,SKU-H01,290,Completed,4631.3
ORD-05275,CLI-0018,2025-12-20,SKU-H01,496,Completed,7921.12
ORD-05276,CLI-0042,2025-12-20,SKU-H01,404,Completed,6451.88
ORD-05277,CLI-0088,2025-12-21,SKU-H01,158,Completed,2523.26
ORD-05278,CLI-0092,2025-12-21,SKU-H01,246,Completed,3928.6200000000003
ORD-05279,CLI-0091,2025-12-21,SKU-014,266,Completed,43501.64
ORD-05280,CLI-0095,2025-12-21,SKU-H01,355,Completed,5669.35
ORD-05281,CLI-0033,2025-12-21,SKU-012,87,Completed,3534.8100000000004
ORD-05282,CLI-0013,2025-12-21,SKU-H01,335,Completed,5349.95
ORD-05283,CLI-0008,2025-12-21,SKU-018,76,Completed,3454.2000000000003
ORD-05284,CLI-0043,2025-12-21,SKU-011,170,Completed,11058.5
ORD-05285,CLI-0061,2025-12-21,SKU-H01,231,Completed,3689.07
ORD-05286,CLI-0078,2025-12-21,SKU-013,393,Completed,73349.51999999999
ORD-05287,CLI-0077,2025-12-21,SKU-005,413,Completed,75347.72
ORD-05288,CLI-0096,2025-12-21,SKU-013,464,Completed,86600.95999999999
ORD-05289,CLI-0006,2025-12-21,SKU-005,52,Completed,9486.88
ORD-05290,CLI-0033,2025-12-21,SKU-009,308,Completed,16468.76
ORD-05291,CLI-0080,2025-12-21,SKU-013,245,Completed,45726.799999999996
ORD-05292,CLI-0039,2025-12-21,SKU-002,252,Completed,32991.84
ORD-05293,CLI-0086,2025-12-21,SKU-H01,239,Completed,3816.83
ORD-05294,CLI-0017,2025-12-21,SKU-015,336,Completed,43797.6
ORD-05295,CLI-0006,2025-12-21,SKU-H01,347,Completed,5541.59
ORD-05296,CLI-0023,2025-12-21,SKU-004,183,Completed,19513.29
ORD-05297,CLI-0022,2025-12-21,SKU-H01,307,Completed,4902.79
ORD-05298,CLI-0064,2025-12-21,SKU-004,223,Completed,23778.489999999998
ORD-05299,CLI-0017,2025-12-22,SKU-019,95,Completed,17061.05
ORD-05300,CLI-0041,2025-12-22,SKU-H01,413,Completed,6595.610000000001
ORD-05301,CLI-0068,2025-12-22,SKU-H01,271,Completed,4327.87
ORD-05302,CLI-0019,2025-12-22,SKU-010,183,Completed,4507.29
ORD-05303,CLI-0015,2025-12-22,SKU-014,210,Completed,34343.4
ORD-05304,CLI-0006,2025-12-22,SKU-002,115,Completed,15055.8
ORD-05305,CLI-0064,2025-12-22,SKU-H01,496,Completed,7921.12
ORD-05306,CLI-0036,2025-12-22,SKU-018,432,Completed,19634.4
ORD-05307,CLI-0047,2025-12-22,SKU-010,270,Completed,6650.099999999999
ORD-05308,CLI-0037,2025-12-22,SKU-H01,498,Completed,7953.06
ORD-05309,CLI-0034,2025-12-22,SKU-H01,363,Completed,5797.110000000001
ORD-05310,CLI-0098,2025-12-22,SKU-004,185,Completed,19726.55
ORD-05311,CLI-0067,2025-12-22,SKU-H01,210,Completed,3353.7000000000003
ORD-05312,CLI-0056,2025-12-22,SKU-H01,134,Completed,2139.98
ORD-05313,CLI-0041,2025-12-22,SKU-016,427,Completed,74972.66
ORD-05314,CLI-0063,2025-12-22,SKU-H01,441,Completed,7042.77
ORD-05315,CLI-0020,2025-12-22,SKU-011,334,Completed,21726.7
ORD-05316,CLI-0085,2025-12-22,SKU-H01,375,Completed,5988.75
ORD-05317,CLI-0057,2025-12-22,SKU-012,77,Completed,3128.51
ORD-05318,CLI-0025,2025-12-22,SKU-011,126,Completed,8196.3
ORD-05319,CLI-0007,2025-12-22,SKU-H01,167,Completed,2666.9900000000002
ORD-05320,CLI-0024,2025-12-22,SKU-005,68,Completed,12405.92
ORD-05321,CLI-0061,2025-12-22,SKU-H01,183,Completed,2922.51
ORD-05322,CLI-0021,2025-12-22,SKU-016,411,Completed,72163.38
ORD-05323,CLI-0056,2025-12-23,SKU-016,109,Completed,19138.22
ORD-05324,CLI-0064,2025-12-23,SKU-002,70,Completed,9164.4
ORD-05325,CLI-0057,2025-12-23,SKU-003,232,Completed,16177.36
ORD-05326,CLI-0091,2025-12-23,SKU-H01,337,Completed,5381.89
ORD-05327,CLI-0063,2025-12-23,SKU-011,284,Completed,18474.2
ORD-05328,CLI-0064,2025-12-23,SKU-H01,107,Completed,1708.79
ORD-05329,CLI-0093,2025-12-23,SKU-H01,493,Completed,7873.21
ORD-05330,CLI-0019,2025-12-23,SKU-002,113,Completed,14793.96
ORD-05331,CLI-0045,2025-12-23,SKU-H01,97,Completed,1549.0900000000001
ORD-05332,CLI-0027,2025-12-23,SKU-012,494,Completed,20071.22
ORD-05333,CLI-0037,2025-12-23,SKU-H01,142,Completed,2267.7400000000002
ORD-05334,CLI-0022,2025-12-23,SKU-009,433,Completed,23152.51
ORD-05335,CLI-0066,2025-12-23,SKU-H01,471,Completed,7521.87
ORD-05336,CLI-0035,2025-12-23,SKU-H01,338,Completed,5397.860000000001
ORD-05337,CLI-0085,2025-12-23,SKU-009,349,Completed,18661.03
ORD-05338,CLI-0075,2025-12-23,SKU-013,52,Completed,9705.279999999999
ORD-05339,CLI-0068,2025-12-23,SKU-H01,442,Completed,7058.740000000001
ORD-05340,CLI-0074,2025-12-23,SKU-H01,142,Completed,2267.7400000000002
ORD-05341,CLI-0054,2025-12-23,SKU-016,89,Completed,15626.62
ORD-05342,CLI-0032,2025-12-23,SKU-003,443,Completed,30890.390000000003
ORD-05343,CLI-0064,2025-12-23,SKU-H01,396,Completed,6324.12
ORD-05344,CLI-0013,2025-12-23,SKU-016,218,Completed,38276.44
ORD-05345,CLI-0004,2025-12-23,SKU-014,195,Completed,31890.3
ORD-05346,CLI-0051,2025-12-24,SKU-019,241,Completed,43281.19
ORD-05347,CLI-0076,2025-12-24,SKU-017,104,Completed,16920.8
ORD-05348,CLI-0042,2025-12-24,SKU-015,128,Completed,16684.8
ORD-05349,CLI-0004,2025-12-24,SKU-H01,91,Completed,1453.27
ORD-05350,CLI-0059,2025-12-24,SKU-H01,475,Completed,7585.75
ORD-05351,CLI-0091,2025-12-24,SKU-007,387,Completed,34044.39
ORD-05352,CLI-0062,2025-12-24,SKU-006,282,Completed,16178.34
ORD-05353,CLI-0081,2025-12-24,SKU-003,187,Completed,13039.51
ORD-05354,CLI-0077,2025-12-24,SKU-H01,386,Completed,6164.42
ORD-05355,CLI-0001,2025-12-24,SKU-002,218,Completed,28540.559999999998
ORD-05356,CLI-0006,2025-12-24,SKU-007,385,Completed,33868.45
ORD-05357,CLI-0080,2025-12-24,SKU-H01,281,Completed,4487.570000000001
ORD-05358,CLI-0042,2025-12-24,SKU-H01,424,Completed,6771.280000000001
ORD-05359,CLI-0017,2025-12-25,SKU-005,158,Completed,28825.52
ORD-05360,CLI-0007,2025-12-25,SKU-011,460,Completed,29923.0
ORD-05361,CLI-0083,2025-12-25,SKU-H01,194,Completed,3098.1800000000003
ORD-05362,CLI-0042,2025-12-25,SKU-006,458,Completed,26275.46
ORD-05363,CLI-0008,2025-12-25,SKU-011,430,Completed,27971.5
ORD-05364,CLI-0010,2025-12-25,SKU-003,330,Completed,23010.9
ORD-05365,CLI-0078,2025-12-25,SKU-H01,245,Completed,3912.65
ORD-05366,CLI-0012,2025-12-25,SKU-003,254,Completed,17711.420000000002
ORD-05367,CLI-0033,2025-12-25,SKU-H01,141,Completed,2251.77
ORD-05368,CLI-0031,2025-12-25,SKU-018,444,Completed,20179.800000000003
ORD-05369,CLI-0052,2025-12-25,SKU-H01,95,Completed,1517.15
ORD-05370,CLI-0003,2025-12-25,SKU-009,486,Completed,25986.42
ORD-05371,CLI-0027,2025-12-25,SKU-H01,133,Completed,2124.01
ORD-05372,CLI-0050,2025-12-25,SKU-003,449,Completed,31308.77
ORD-05373,CLI-0052,2025-12-25,SKU-006,195,Completed,11187.15
ORD-05374,CLI-0083,2025-12-25,SKU-H01,435,Completed,6946.950000000001
ORD-05375,CLI-0084,2025-12-25,SKU-003,128,Completed,8925.44
ORD-05376,CLI-0016,2025-12-25,SKU-H01,202,Completed,3225.94
ORD-05377,CLI-0063,2025-12-25,SKU-H01,460,Completed,7346.200000000001
ORD-05378,CLI-0056,2025-12-25,SKU-008,426,Completed,65412.3
ORD-05379,CLI-0040,2025-12-25,SKU-H01,400,Completed,6388.0
ORD-05380,CLI-0078,2025-12-25,SKU-017,117,Completed,19035.899999999998
ORD-05381,CLI-0046,2025-12-25,SKU-008,390,Completed,59884.50000000001
ORD-05382,CLI-0013,2025-12-25,SKU-003,476,Completed,33191.48
ORD-05383,CLI-0048,2025-12-25,SKU-H01,312,Completed,4982.64
ORD-05384,CLI-0026,2025-12-25,SKU-005,300,Completed,54732.0
ORD-05385,CLI-0058,2025-12-25,SKU-013,248,Completed,46286.719999999994
ORD-05386,CLI-0061,2025-12-25,SKU-H01,187,Completed,2986.3900000000003
ORD-05387,CLI-0077,2025-12-26,SKU-014,266,Completed,43501.64
ORD-05388,CLI-0012,2025-12-26,SKU-H01,437,Completed,6978.89
ORD-05389,CLI-0055,2025-12-26,SKU-014,465,Completed,76046.09999999999
ORD-05390,CLI-0048,2025-12-26,SKU-H01,364,Completed,5813.08
ORD-05391,CLI-0024,2025-12-26,SKU-016,272,Completed,47757.76
ORD-05392,CLI-0081,2025-12-26,SKU-005,268,Completed,48893.92
ORD-05393,CLI-0012,2025-12-26,SKU-H01,70,Completed,1117.9
ORD-05394,CLI-0066,2025-12-26,SKU-H01,224,Completed,3577.28
ORD-05395,CLI-0060,2025-12-26,SKU-002,396,Completed,51844.31999999999
ORD-05396,CLI-0083,2025-12-26,SKU-H01,401,Completed,6403.97
ORD-05397,CLI-0092,2025-12-26,SKU-H01,129,Completed,2060.13
ORD-05398,CLI-0064,2025-12-26,SKU-007,319,Completed,28062.43
ORD-05399,CLI-0081,2025-12-26,SKU-004,381,Completed,40626.03
ORD-05400,CLI-0068,2025-12-26,SKU-005,92,Completed,16784.48
ORD-05401,CLI-0038,2025-12-26,SKU-010,289,Completed,7118.07
ORD-05402,CLI-0056,2025-12-26,SKU-H01,90,Completed,1437.3
ORD-05403,CLI-0062,2025-12-26,SKU-017,203,Completed,33028.1
ORD-05404,CLI-0020,2025-12-26,SKU-003,115,Completed,8018.950000000001
ORD-05405,CLI-0088,2025-12-26,SKU-H01,203,Completed,3241.9100000000003
ORD-05406,CLI-0032,2025-12-26,SKU-012,317,Completed,12879.710000000001
ORD-05407,CLI-0055,2025-12-26,SKU-009,201,Completed,10747.47
ORD-05408,CLI-0073,2025-12-26,SKU-H01,74,Completed,1181.78
ORD-05409,CLI-0071,2025-12-26,SKU-008,89,Completed,13665.95
ORD-05410,CLI-0006,2025-12-26,SKU-H01,312,Completed,4982.64
ORD-05411,CLI-0014,2025-12-26,SKU-003,311,Completed,21686.030000000002
ORD-05412,CLI-0055,2025-12-26,SKU-017,261,Completed,42464.7
ORD-05413,CLI-0013,2025-12-26,SKU-H01,287,Completed,4583.39
ORD-05414,CLI-0033,2025-12-27,SKU-H01,231,Completed,3689.07
ORD-05415,CLI-0033,2025-12-27,SKU-014,349,Completed,57075.46
ORD-05416,CLI-0011,2025-12-27,SKU-019,443,Completed,79558.37
ORD-05417,CLI-0065,2025-12-27,SKU-003,58,Completed,4044.34
ORD-05418,CLI-0015,2025-12-27,SKU-005,429,Completed,78266.76
ORD-05419,CLI-0085,2025-12-27,SKU-007,286,Completed,25159.42
ORD-05420,CLI-0023,2025-12-27,SKU-018,452,Completed,20543.4
ORD-05421,CLI-0024,2025-12-27,SKU-015,481,Completed,62698.35
ORD-05422,CLI-0051,2025-12-27,SKU-H01,73,Completed,1165.81
ORD-05423,CLI-0011,2025-12-27,SKU-003,263,Completed,18338.99
ORD-05424,CLI-0091,2025-12-27,SKU-003,202,Completed,14085.460000000001
ORD-05425,CLI-0041,2025-12-27,SKU-013,350,Completed,65323.99999999999
ORD-05426,CLI-0093,2025-12-27,SKU-008,282,Completed,43301.100000000006
ORD-05427,CLI-0097,2025-12-27,SKU-009,393,Completed,21013.71
ORD-05428,CLI-0080,2025-12-27,SKU-H01,463,Completed,7394.110000000001
ORD-05429,CLI-0034,2025-12-27,SKU-H01,224,Completed,3577.28
ORD-05430,CLI-0024,2025-12-27,SKU-002,158,Completed,20685.359999999997
ORD-05431,CLI-0024,2025-12-27,SKU-H01,90,Completed,1437.3
ORD-05432,CLI-0096,2025-12-27,SKU-H01,359,Completed,5733.2300000000005
ORD-05433,CLI-0034,2025-12-27,SKU-H01,496,Completed,7921.12
ORD-05434,CLI-0087,2025-12-27,SKU-010,104,Completed,2561.52
ORD-05435,CLI-0056,2025-12-27,SKU-016,323,Completed,56712.340000000004
ORD-05436,CLI-0003,2025-12-27,SKU-005,52,Completed,9486.88
ORD-05437,CLI-0051,2025-12-27,SKU-006,109,Completed,6253.33
ORD-05438,CLI-0002,2025-12-27,SKU-H01,137,Completed,2187.89
ORD-05439,CLI-0084,2025-12-27,SKU-013,294,Completed,54872.159999999996
ORD-05440,CLI-0059,2025-12-27,SKU-012,404,Completed,16414.52
ORD-05441,CLI-0085,2025-12-28,SKU-007,431,Completed,37915.07
ORD-05442,CLI-0078,2025-12-28,SKU-H01,421,Completed,6723.37
ORD-05443,CLI-0063,2025-12-28,SKU-H01,205,Completed,3273.85
ORD-05444,CLI-0080,2025-12-28,SKU-H01,466,Completed,7442.02
ORD-05445,CLI-0079,2025-12-28,SKU-007,234,Completed,20584.98
ORD-05446,CLI-0089,2025-12-28,SKU-014,394,Completed,64434.759999999995
ORD-05447,CLI-0089,2025-12-28,SKU-015,395,Completed,51488.25
ORD-05448,CLI-0051,2025-12-28,SKU-003,461,Completed,32145.530000000002
ORD-05449,CLI-0039,2025-12-28,SKU-013,94,Completed,17544.16
ORD-05450,CLI-0017,2025-12-28,SKU-018,119,Completed,5408.55
ORD-05451,CLI-0002,2025-12-28,SKU-H01,147,Completed,2347.59
ORD-05452,CLI-0015,2025-12-28,SKU-H01,467,Completed,7457.990000000001
ORD-05453,CLI-0003,2025-12-28,SKU-018,406,Completed,18452.7
ORD-05454,CLI-0025,2025-12-28,SKU-H01,489,Completed,7809.33
ORD-05455,CLI-0004,2025-12-28,SKU-017,157,Completed,25543.899999999998
ORD-05456,CLI-0062,2025-12-28,SKU-019,382,Completed,68603.38
ORD-05457,CLI-0019,2025-12-28,SKU-009,382,Completed,20425.54
ORD-05458,CLI-0031,2025-12-28,SKU-014,273,Completed,44646.42
ORD-05459,CLI-0081,2025-12-28,SKU-012,489,Completed,19868.07
ORD-05460,CLI-0069,2025-12-28,SKU-011,147,Completed,9562.35
ORD-05461,CLI-0012,2025-12-28,SKU-H01,204,Completed,3257.88
ORD-05462,CLI-0099,2025-12-28,SKU-H01,287,Completed,4583.39
ORD-05463,CLI-0061,2025-12-29,SKU-H01,266,Completed,4248.02
ORD-05464,CLI-0003,2025-12-29,SKU-010,109,Completed,2684.67
ORD-05465,CLI-0022,2025-12-29,SKU-H01,128,Completed,2044.16
ORD-05466,CLI-0095,2025-12-29,SKU-H01,409,Completed,6531.7300000000005
ORD-05467,CLI-0057,2025-12-29,SKU-H01,298,Completed,4759.06
ORD-05468,CLI-0061,2025-12-29,SKU-011,60,Completed,3903.0
ORD-05469,CLI-0058,2025-12-29,SKU-019,349,Completed,62676.91
ORD-05470,CLI-0032,2025-12-29,SKU-019,153,Completed,27477.27
ORD-05471,CLI-0038,2025-12-29,SKU-004,341,Completed,36360.83
ORD-05472,CLI-0051,2025-12-29,SKU-016,76,Completed,13344.080000000002
ORD-05473,CLI-0043,2025-12-29,SKU-012,54,Completed,2194.02
ORD-05474,CLI-0014,2025-12-29,SKU-005,372,Completed,67867.68
ORD-05475,CLI-0092,2025-12-29,SKU-007,271,Completed,23839.87
ORD-05476,CLI-0054,2025-12-29,SKU-H01,484,Completed,7729.4800000000005
ORD-05477,CLI-0095,2025-12-30,SKU-018,346,Completed,15725.7
ORD-05478,CLI-0077,2025-12-30,SKU-H01,424,Completed,6771.280000000001
ORD-05479,CLI-0071,2025-12-30,SKU-003,198,Completed,13806.54
ORD-05480,CLI-0005,2025-12-30,SKU-010,299,Completed,7364.37
ORD-05481,CLI-0052,2025-12-30,SKU-H01,298,Completed,4759.06
ORD-05482,CLI-0066,2025-12-30,SKU-H01,352,Completed,5621.4400000000005
ORD-05483,CLI-0093,2025-12-30,SKU-009,363,Completed,19409.61
ORD-05484,CLI-0087,2025-12-30,SKU-H01,468,Completed,7473.96
ORD-05485,CLI-0063,2025-12-30,SKU-011,168,Completed,10928.4
ORD-05486,CLI-0092,2025-12-30,SKU-005,81,Completed,14777.64
ORD-05487,CLI-0068,2025-12-30,SKU-008,59,Completed,9059.45
ORD-05488,CLI-0055,2025-12-30,SKU-009,345,Completed,18447.149999999998
ORD-05489,CLI-0041,2025-12-30,SKU-005,333,Completed,60752.52
ORD-05490,CLI-0009,2025-12-30,SKU-007,187,Completed,16450.39
ORD-05491,CLI-0083,2025-12-30,SKU-010,263,Completed,6477.69
ORD-05492,CLI-0061,2025-12-30,SKU-012,109,Completed,4428.67
ORD-05493,CLI-0064,2025-12-30,SKU-011,368,Completed,23938.399999999998
ORD-05494,CLI-0083,2025-12-30,SKU-016,227,Completed,39856.66
ORD-05495,CLI-0058,2025-12-30,SKU-H01,407,Completed,6499.79
ORD-05496,CLI-0056,2025-12-30,SKU-002,60,Completed,7855.199999999999
ORD-05497,CLI-0021,2025-12-30,SKU-018,197,Completed,8953.650000000001
ORD-05498,CLI-0093,2025-12-30,SKU-H01,148,Completed,2363.56
ORD-05499,CLI-0061,2025-12-30,SKU-H01,226,Completed,3609.2200000000003
ORD-05500,CLI-0057,2025-12-30,SKU-005,168,Completed,30649.92
ORD-05501,CLI-0065,2025-12-30,SKU-H01,162,Completed,2587.1400000000003
ORD-05502,CLI-0088,2025-12-31,SKU-H01,223,Completed,3561.31
ORD-05503,CLI-0092,2025-12-31,SKU-006,386,Completed,22144.82
ORD-05504,CLI-0060,2025-12-31,SKU-H01,117,Completed,1868.49
ORD-05505,CLI-0093,2025-12-31,SKU-019,414,Completed,74350.26
ORD-05506,CLI-0050,2025-12-31,SKU-003,263,Completed,18338.99
ORD-05507,CLI-0087,2025-12-31,SKU-H01,384,Completed,6132.4800000000005
ORD-05508,CLI-0095,2025-12-31,SKU-015,234,Completed,30501.899999999998
ORD-05509,CLI-0061,2025-12-31,SKU-011,459,Completed,29857.949999999997
ORD-05510,CLI-0021,2025-12-31,SKU-010,368,Completed,9063.84
ORD-05511,CLI-0027,2025-12-31,SKU-017,194,Completed,31563.8
ORD-05512,CLI-0089,2025-12-31,SKU-010,433,Completed,10664.789999999999
ORD-05513,CLI-0012,2025-12-31,SKU-H01,391,Completed,6244.27
ORD-05514,CLI-0062,2025-12-31,SKU-010,116,Completed,2857.08
ORD-05515,CLI-0023,2025-12-31,SKU-H01,152,Completed,2427.44
ORD-05516,CLI-0021,2025-12-31,SKU-012,360,Completed,14626.800000000001
ORD-05517,CLI-0063,2025-12-31,SKU-008,101,Completed,15508.550000000001
ORD-05518,CLI-0054,2025-12-31,SKU-H01,302,Completed,4822.9400000000005
ORD-05519,CLI-0039,2025-12-31,SKU-005,170,Completed,31014.8
ORD-05520,CLI-0027,2025-12-31,SKU-H01,335,Completed,5349.95
ORD-05521,CLI-0007,2025-12-31,SKU-H01,59,Completed,942.23
ORD-05522,CLI-0046,2025-12-31,SKU-008,183,Completed,28099.65
ORD-05523,CLI-0046,2025-12-31,SKU-H01,396,Completed,6324.12
ORD-05524,CLI-0021,2025-12-31,SKU-013,139,Completed,25942.96
ORD-05525,CLI-0065,2025-12-31,SKU-H01,66,Completed,1054.02
ORD-05526,CLI-0009,2025-12-31,SKU-009,222,Completed,11870.34
ORD-05527,CLI-0056,2025-12-31,SKU-014,108,Completed,17662.32
ORD-05528,CLI-0030,2026-01-01,SKU-010,111,Completed,2733.93
ORD-05529,CLI-0072,2026-01-01,SKU-004,164,Completed,17487.32
ORD-05530,CLI-0063,2026-01-01,SKU-018,182,Completed,8271.9
ORD-05531,CLI-0044,2026-01-01,SKU-H01,451,Completed,7202.47
ORD-05532,CLI-0046,2026-01-01,SKU-H01,443,Completed,7074.71
ORD-05533,CLI-0006,2026-01-01,SKU-002,444,Completed,58128.479999999996
ORD-05534,CLI-0072,2026-01-01,SKU-H01,186,Completed,2970.42
ORD-05535,CLI-0020,2026-01-01,SKU-018,486,Completed,22088.7
ORD-05536,CLI-0089,2026-01-01,SKU-H01,497,Completed,7937.09
ORD-05537,CLI-0066,2026-01-01,SKU-013,359,Completed,67003.76
ORD-05538,CLI-0086,2026-01-01,SKU-013,103,Completed,19223.92
ORD-05539,CLI-0091,2026-01-01,SKU-H01,75,Completed,1197.75
ORD-05540,CLI-0057,2026-01-01,SKU-008,459,Completed,70479.45000000001
ORD-05541,CLI-0059,2026-01-01,SKU-H01,480,Completed,7665.6
ORD-05542,CLI-0097,2026-01-01,SKU-004,106,Completed,11302.779999999999
ORD-05543,CLI-0014,2026-01-01,SKU-H01,450,Completed,7186.5
ORD-05544,CLI-0079,2026-01-01,SKU-017,362,Completed,58897.399999999994
ORD-05545,CLI-0014,2026-01-01,SKU-019,471,Completed,84586.89
ORD-05546,CLI-0072,2026-01-01,SKU-H01,71,Completed,1133.8700000000001
ORD-05547,CLI-0065,2026-01-01,SKU-H01,103,Completed,1644.91
ORD-05548,CLI-0022,2026-01-01,SKU-012,372,Completed,15114.36
ORD-05549,CLI-0016,2026-01-01,SKU-H01,495,Completed,7905.150000000001
ORD-05550,CLI-0027,2026-01-01,SKU-017,235,Completed,38234.5
ORD-05551,CLI-0021,2026-01-01,SKU-007,422,Completed,37123.34
ORD-05552,CLI-0038,2026-01-01,SKU-H01,412,Completed,6579.64
ORD-05553,CLI-0057,2026-01-01,SKU-015,440,Completed,57354.0
ORD-05554,CLI-0065,2026-01-01,SKU-004,305,Completed,32522.149999999998
ORD-05555,CLI-0094,2026-01-01,SKU-017,495,Completed,80536.5
ORD-05556,CLI-0013,2026-01-01,SKU-018,128,Completed,5817.6
ORD-05557,CLI-0047,2026-01-02,SKU-H01,221,Completed,3529.3700000000003
ORD-05558,CLI-0018,2026-01-02,SKU-H01,112,Completed,1788.64
ORD-05559,CLI-0026,2026-01-02,SKU-019,274,Completed,49207.66
ORD-05560,CLI-0054,2026-01-02,SKU-017,443,Completed,72076.09999999999
ORD-05561,CLI-0099,2026-01-02,SKU-H01,53,Completed,846.4100000000001
ORD-05562,CLI-0032,2026-01-02,SKU-015,477,Completed,62176.95
ORD-05563,CLI-0061,2026-01-02,SKU-003,224,Completed,15619.52
ORD-05564,CLI-0037,2026-01-02,SKU-H01,308,Completed,4918.76
ORD-05565,CLI-0022,2026-01-02,SKU-016,93,Completed,16328.94
ORD-05566,CLI-0035,2026-01-02,SKU-H01,240,Completed,3832.8
ORD-05567,CLI-0092,2026-01-02,SKU-018,436,Completed,19816.2
ORD-05568,CLI-0054,2026-01-02,SKU-H01,234,Completed,3736.98
ORD-05569,CLI-0081,2026-01-02,SKU-008,390,Completed,59884.50000000001
ORD-05570,CLI-0032,2026-01-02,SKU-H01,127,Completed,2028.19
ORD-05571,CLI-0097,2026-01-02,SKU-006,435,Completed,24955.949999999997
ORD-05572,CLI-0068,2026-01-02,SKU-010,265,Completed,6526.95
ORD-05573,CLI-0030,2026-01-02,SKU-H01,120,Completed,1916.4
ORD-05574,CLI-0055,2026-01-02,SKU-005,261,Completed,47616.84
ORD-05575,CLI-0053,2026-01-02,SKU-004,284,Completed,30282.92
ORD-05576,CLI-0067,2026-01-02,SKU-H01,456,Completed,7282.320000000001
ORD-05577,CLI-0088,2026-01-02,SKU-014,235,Completed,38431.9
ORD-05578,CLI-0004,2026-01-02,SKU-H01,276,Completed,4407.72
ORD-05579,CLI-0019,2026-01-02,SKU-007,444,Completed,39058.68
ORD-05580,CLI-0002,2026-01-02,SKU-005,417,Completed,76077.48
ORD-05581,CLI-0067,2026-01-02,SKU-005,85,Completed,15507.4
ORD-05582,CLI-0011,2026-01-02,SKU-H01,223,Completed,3561.31
ORD-05583,CLI-0041,2026-01-02,SKU-002,255,Completed,33384.6
ORD-05584,CLI-0099,2026-01-02,SKU-003,134,Completed,9343.82
ORD-05585,CLI-0056,2026-01-02,SKU-012,81,Completed,3291.03
ORD-05586,CLI-0051,2026-01-02,SKU-015,438,Completed,57093.299999999996
ORD-05587,CLI-0085,2026-01-03,SKU-006,378,Completed,21685.86
ORD-05588,CLI-0020,2026-01-03,SKU-H01,344,Completed,5493.68
ORD-05589,CLI-0008,2026-01-03,SKU-H01,373,Completed,5956.81
ORD-05590,CLI-0092,2026-01-03,SKU-H01,459,Completed,7330.2300000000005
ORD-05591,CLI-0085,2026-01-03,SKU-H01,498,Completed,7953.06
ORD-05592,CLI-0067,2026-01-03,SKU-H01,201,Completed,3209.9700000000003
ORD-05593,CLI-0054,2026-01-03,SKU-H01,255,Completed,4072.3500000000004
ORD-05594,CLI-0088,2026-01-03,SKU-H01,408,Completed,6515.76
ORD-05595,CLI-0071,2026-01-03,SKU-H01,497,Completed,7937.09
ORD-05596,CLI-0039,2026-01-03,SKU-H01,419,Completed,6691.43
ORD-05597,CLI-0096,2026-01-03,SKU-H01,210,Completed,3353.7000000000003
ORD-05598,CLI-0002,2026-01-04,SKU-H01,473,Completed,7553.81
ORD-05599,CLI-0036,2026-01-04,SKU-002,320,Completed,41894.399999999994
ORD-05600,CLI-0079,2026-01-04,SKU-005,125,Completed,22805.0
ORD-05601,CLI-0090,2026-01-04,SKU-H01,256,Completed,4088.32
ORD-05602,CLI-0058,2026-01-04,SKU-002,379,Completed,49618.67999999999
ORD-05603,CLI-0027,2026-01-04,SKU-H01,328,Completed,5238.16
ORD-05604,CLI-0080,2026-01-04,SKU-H01,453,Completed,7234.41
ORD-05605,CLI-0080,2026-01-04,SKU-H01,383,Completed,6116.51
ORD-05606,CLI-0057,2026-01-04,SKU-004,407,Completed,43398.409999999996
ORD-05607,CLI-0045,2026-01-04,SKU-010,465,Completed,11452.949999999999
ORD-05608,CLI-0084,2026-01-04,SKU-H01,257,Completed,4104.29
ORD-05609,CLI-0100,2026-01-04,SKU-H01,151,Completed,2411.4700000000003
ORD-05610,CLI-0039,2026-01-04,SKU-016,93,Completed,16328.94
ORD-05611,CLI-0005,2026-01-04,SKU-H01,325,Completed,5190.25
ORD-05612,CLI-0043,2026-01-04,SKU-H01,249,Completed,3976.53
ORD-05613,CLI-0093,2026-01-04,SKU-015,418,Completed,54486.299999999996
ORD-05614,CLI-0095,2026-01-04,SKU-014,500,Completed,81770.0
ORD-05615,CLI-0017,2026-01-04,SKU-003,316,Completed,22034.68
ORD-05616,CLI-0070,2026-01-04,SKU-004,195,Completed,20792.85
ORD-05617,CLI-0028,2026-01-04,SKU-H01,97,Completed,1549.0900000000001
ORD-05618,CLI-0066,2026-01-04,SKU-H01,332,Completed,5302.04
ORD-05619,CLI-0067,2026-01-05,SKU-007,224,Completed,19705.28
ORD-05620,CLI-0097,2026-01-05,SKU-H01,375,Completed,5988.75
ORD-05621,CLI-0021,2026-01-05,SKU-003,61,Completed,4253.530000000001
ORD-05622,CLI-0004,2026-01-05,SKU-018,457,Completed,20770.65
ORD-05623,CLI-0070,2026-01-05,SKU-018,353,Completed,16043.85
ORD-05624,CLI-0034,2026-01-05,SKU-H01,173,Completed,2762.81
ORD-05625,CLI-0100,2026-01-05,SKU-008,205,Completed,31477.750000000004
ORD-05626,CLI-0093,2026-01-05,SKU-004,266,Completed,28363.579999999998
ORD-05627,CLI-0065,2026-01-05,SKU-016,106,Completed,18611.48
ORD-05628,CLI-0094,2026-01-05,SKU-H01,80,Completed,1277.6000000000001
ORD-05629,CLI-0048,2026-01-05,SKU-H01,182,Completed,2906.54
ORD-05630,CLI-0081,2026-01-05,SKU-H01,309,Completed,4934.7300000000005
ORD-05631,CLI-0046,2026-01-05,SKU-H01,113,Completed,1804.6100000000001
ORD-05632,CLI-0007,2026-01-05,SKU-H01,437,Completed,6978.89
ORD-05633,CLI-0084,2026-01-05,SKU-013,113,Completed,21090.32
ORD-05634,CLI-0058,2026-01-05,SKU-010,202,Completed,4975.26
ORD-05635,CLI-0074,2026-01-05,SKU-H01,427,Completed,6819.1900000000005
ORD-05636,CLI-0001,2026-01-05,SKU-003,282,Completed,19663.86
ORD-05637,CLI-0044,2026-01-05,SKU-H01,170,Completed,2714.9
ORD-05638,CLI-0073,2026-01-06,SKU-017,415,Completed,67520.5
ORD-05639,CLI-0081,2026-01-06,SKU-018,390,Completed,17725.5
ORD-05640,CLI-0069,2026-01-06,SKU-019,482,Completed,86562.38
ORD-05641,CLI-0077,2026-01-06,SKU-016,169,Completed,29673.02
ORD-05642,CLI-0045,2026-01-06,SKU-H01,203,Completed,3241.9100000000003
ORD-05643,CLI-0037,2026-01-06,SKU-H01,391,Completed,6244.27
ORD-05644,CLI-0092,2026-01-06,SKU-007,343,Completed,30173.71
ORD-05645,CLI-0087,2026-01-06,SKU-017,121,Completed,19686.699999999997
ORD-05646,CLI-0092,2026-01-06,SKU-H01,243,Completed,3880.71
ORD-05647,CLI-0067,2026-01-06,SKU-H01,427,Completed,6819.1900000000005
ORD-05648,CLI-0032,2026-01-06,SKU-014,103,Completed,16844.62
ORD-05649,CLI-0042,2026-01-06,SKU-H01,314,Completed,5014.58
ORD-05650,CLI-0075,2026-01-06,SKU-002,148,Completed,19376.16
ORD-05651,CLI-0100,2026-01-06,SKU-010,234,Completed,5763.42
ORD-05652,CLI-0059,2026-01-06,SKU-H01,100,Completed,1597.0
ORD-05653,CLI-0019,2026-01-06,SKU-H01,414,Completed,6611.58
ORD-05654,CLI-0055,2026-01-06,SKU-013,474,Completed,88467.36
ORD-05655,CLI-0053,2026-01-06,SKU-009,91,Completed,4865.7699999999995
ORD-05656,CLI-0012,2026-01-06,SKU-019,81,Completed,14546.79
ORD-05657,CLI-0055,2026-01-06,SKU-H01,116,Completed,1852.52
ORD-05658,CLI-0061,2026-01-06,SKU-H01,159,Completed,2539.23
ORD-05659,CLI-0058,2026-01-06,SKU-012,89,Completed,3616.07
ORD-05660,CLI-0048,2026-01-06,SKU-005,396,Completed,72246.24
ORD-05661,CLI-0068,2026-01-06,SKU-H01,256,Completed,4088.32
ORD-05662,CLI-0076,2026-01-06,SKU-013,336,Completed,62711.03999999999
ORD-05663,CLI-0067,2026-01-06,SKU-H01,448,Completed,7154.56
ORD-05664,CLI-0051,2026-01-06,SKU-H01,496,Completed,7921.12
ORD-05665,CLI-0034,2026-01-06,SKU-H01,349,Completed,5573.530000000001
ORD-05666,CLI-0082,2026-01-07,SKU-H01,266,Completed,4248.02
ORD-05667,CLI-0057,2026-01-07,SKU-002,402,Completed,52629.84
ORD-05668,CLI-0063,2026-01-07,SKU-005,424,Completed,77354.56
ORD-05669,CLI-0054,2026-01-07,SKU-011,471,Completed,30638.55
ORD-05670,CLI-0021,2026-01-07,SKU-017,123,Completed,20012.1
ORD-05671,CLI-0065,2026-01-07,SKU-H01,115,Completed,1836.5500000000002
ORD-05672,CLI-0063,2026-01-07,SKU-H01,414,Completed,6611.58
ORD-05673,CLI-0059,2026-01-07,SKU-H01,116,Completed,1852.52
ORD-05674,CLI-0091,2026-01-07,SKU-H01,312,Completed,4982.64
ORD-05675,CLI-0068,2026-01-07,SKU-009,110,Completed,5881.7
ORD-05676,CLI-0089,2026-01-07,SKU-011,158,Completed,10277.9
ORD-05677,CLI-0059,2026-01-07,SKU-013,292,Completed,54498.88
ORD-05678,CLI-0005,2026-01-07,SKU-H01,432,Completed,6899.04
ORD-05679,CLI-0021,2026-01-07,SKU-H01,336,Completed,5365.92
ORD-05680,CLI-0048,2026-01-07,SKU-004,110,Completed,11729.3
ORD-05681,CLI-0078,2026-01-07,SKU-H01,486,Completed,7761.42
ORD-05682,CLI-0053,2026-01-07,SKU-008,106,Completed,16276.300000000001
ORD-05683,CLI-0016,2026-01-07,SKU-019,239,Completed,42922.01
ORD-05684,CLI-0074,2026-01-07,SKU-H01,198,Completed,3162.06
ORD-05685,CLI-0006,2026-01-07,SKU-012,317,Completed,12879.710000000001
ORD-05686,CLI-0020,2026-01-07,SKU-005,110,Completed,20068.4
ORD-05687,CLI-0048,2026-01-07,SKU-H01,206,Completed,3289.82
ORD-05688,CLI-0048,2026-01-07,SKU-007,205,Completed,18033.85
ORD-05689,CLI-0038,2026-01-07,SKU-H01,298,Completed,4759.06
ORD-05690,CLI-0004,2026-01-07,SKU-H01,455,Completed,7266.35
ORD-05691,CLI-0019,2026-01-08,SKU-009,451,Completed,24114.97
ORD-05692,CLI-0076,2026-01-08,SKU-016,265,Completed,46528.700000000004
ORD-05693,CLI-0007,2026-01-08,SKU-H01,206,Completed,3289.82
ORD-05694,CLI-0037,2026-01-08,SKU-H01,160,Completed,2555.2000000000003
ORD-05695,CLI-0024,2026-01-08,SKU-016,469,Completed,82347.02
ORD-05696,CLI-0095,2026-01-08,SKU-014,300,Completed,49062.0
ORD-05697,CLI-0001,2026-01-08,SKU-011,112,Completed,7285.599999999999
ORD-05698,CLI-0071,2026-01-08,SKU-H01,228,Completed,3641.1600000000003
ORD-05699,CLI-0009,2026-01-08,SKU-017,495,Completed,80536.5
ORD-05700,CLI-0006,2026-01-08,SKU-H01,263,Completed,4200.110000000001
ORD-05701,CLI-0062,2026-01-08,SKU-008,343,Completed,52667.65
ORD-05702,CLI-0040,2026-01-08,SKU-H01,339,Completed,5413.83
ORD-05703,CLI-0058,2026-01-08,SKU-009,222,Completed,11870.34
ORD-05704,CLI-0049,2026-01-08,SKU-H01,293,Completed,4679.21
ORD-05705,CLI-0017,2026-01-09,SKU-003,440,Completed,30681.2
ORD-05706,CLI-0018,2026-01-09,SKU-H01,308,Completed,4918.76
ORD-05707,CLI-0082,2026-01-09,SKU-H01,285,Completed,4551.45
ORD-05708,CLI-0098,2026-01-09,SKU-008,280,Completed,42994.0
ORD-05709,CLI-0086,2026-01-09,SKU-016,279,Completed,48986.82000000001
ORD-05710,CLI-0020,2026-01-09,SKU-019,493,Completed,88537.87
ORD-05711,CLI-0094,2026-01-09,SKU-H01,216,Completed,3449.52
ORD-05712,CLI-0012,2026-01-09,SKU-011,459,Completed,29857.949999999997
ORD-05713,CLI-0080,2026-01-09,SKU-010,390,Completed,9605.699999999999
ORD-05714,CLI-0080,2026-01-09,SKU-H01,259,Completed,4136.2300000000005
ORD-05715,CLI-0050,2026-01-09,SKU-H01,169,Completed,2698.9300000000003
ORD-05716,CLI-0051,2026-01-09,SKU-010,223,Completed,5492.49
ORD-05717,CLI-0070,2026-01-09,SKU-018,73,Completed,3317.8500000000004
ORD-05718,CLI-0086,2026-01-09,SKU-009,276,Completed,14757.72
ORD-05719,CLI-0095,2026-01-09,SKU-003,192,Completed,13388.16
ORD-05720,CLI-0083,2026-01-09,SKU-005,95,Completed,17331.8
ORD-05721,CLI-0022,2026-01-09,SKU-H01,412,Completed,6579.64
ORD-05722,CLI-0004,2026-01-09,SKU-012,342,Completed,13895.460000000001
ORD-05723,CLI-0081,2026-01-09,SKU-012,457,Completed,18567.91
ORD-05724,CLI-0099,2026-01-09,SKU-H01,412,Completed,6579.64
ORD-05725,CLI-0040,2026-01-09,SKU-016,337,Completed,59170.46000000001
ORD-05726,CLI-0083,2026-01-09,SKU-H01,113,Completed,1804.6100000000001
ORD-05727,CLI-0083,2026-01-09,SKU-019,336,Completed,60342.24
ORD-05728,CLI-0011,2026-01-09,SKU-H01,148,Completed,2363.56
ORD-05729,CLI-0080,2026-01-09,SKU-H01,327,Completed,5222.1900000000005
ORD-05730,CLI-0074,2026-01-09,SKU-H01,437,Completed,6978.89
ORD-05731,CLI-0007,2026-01-09,SKU-003,341,Completed,23777.93
ORD-05732,CLI-0067,2026-01-09,SKU-H01,146,Completed,2331.62
ORD-05733,CLI-0097,2026-01-09,SKU-007,293,Completed,25775.21
ORD-05734,CLI-0003,2026-01-10,SKU-008,111,Completed,17044.050000000003
ORD-05735,CLI-0085,2026-01-10,SKU-012,322,Completed,13082.86
ORD-05736,CLI-0024,2026-01-10,SKU-H01,59,Completed,942.23
ORD-05737,CLI-0036,2026-01-10,SKU-006,452,Completed,25931.239999999998
ORD-05738,CLI-0027,2026-01-10,SKU-H01,175,Completed,2794.75
ORD-05739,CLI-0091,2026-01-10,SKU-011,479,Completed,31158.949999999997
ORD-05740,CLI-0075,2026-01-10,SKU-H01,277,Completed,4423.6900000000005
ORD-05741,CLI-0011,2026-01-10,SKU-017,463,Completed,75330.09999999999
ORD-05742,CLI-0069,2026-01-10,SKU-011,360,Completed,23418.0
ORD-05743,CLI-0042,2026-01-10,SKU-005,255,Completed,46522.2
ORD-05744,CLI-0076,2026-01-10,SKU-003,73,Completed,5090.29
ORD-05745,CLI-0063,2026-01-10,SKU-H01,491,Completed,7841.27
ORD-05746,CLI-0003,2026-01-10,SKU-H01,224,Completed,3577.28
ORD-05747,CLI-0056,2026-01-10,SKU-016,142,Completed,24932.36
ORD-05748,CLI-0054,2026-01-10,SKU-017,62,Completed,10087.4
ORD-05749,CLI-0068,2026-01-10,SKU-H01,212,Completed,3385.6400000000003
ORD-05750,CLI-0049,2026-01-10,SKU-007,181,Completed,15922.57
ORD-05751,CLI-0012,2026-01-10,SKU-011,108,Completed,7025.4
ORD-05752,CLI-0013,2026-01-10,SKU-008,327,Completed,50210.850000000006
ORD-05753,CLI-0022,2026-01-10,SKU-H01,196,Completed,3130.1200000000003
ORD-05754,CLI-0019,2026-01-10,SKU-H01,143,Completed,2283.71
ORD-05755,CLI-0033,2026-01-10,SKU-H01,443,Completed,7074.71
ORD-05756,CLI-0012,2026-01-10,SKU-015,128,Completed,16684.8
ORD-05757,CLI-0040,2026-01-10,SKU-003,258,Completed,17990.34
ORD-05758,CLI-0087,2026-01-10,SKU-004,136,Completed,14501.68
ORD-05759,CLI-0008,2026-01-10,SKU-018,364,Completed,16543.8
ORD-05760,CLI-0024,2026-01-11,SKU-009,63,Completed,3368.61
ORD-05761,CLI-0092,2026-01-11,SKU-017,79,Completed,12853.3
ORD-05762,CLI-0039,2026-01-11,SKU-003,249,Completed,17362.77
ORD-05763,CLI-0013,2026-01-11,SKU-H01,213,Completed,3401.61
ORD-05764,CLI-0019,2026-01-11,SKU-018,261,Completed,11862.45
ORD-05765,CLI-0042,2026-01-11,SKU-003,182,Completed,12690.86
ORD-05766,CLI-0049,2026-01-11,SKU-H01,473,Completed,7553.81
ORD-05767,CLI-0016,2026-01-11,SKU-H01,76,Completed,1213.72
ORD-05768,CLI-0026,2026-01-11,SKU-H01,172,Completed,2746.84
ORD-05769,CLI-0097,2026-01-11,SKU-004,355,Completed,37853.65
ORD-05770,CLI-0076,2026-01-11,SKU-015,171,Completed,22289.85
ORD-05771,CLI-0064,2026-01-11,SKU-018,310,Completed,14089.5
ORD-05772,CLI-0097,2026-01-11,SKU-018,308,Completed,13998.6
ORD-05773,CLI-0050,2026-01-11,SKU-H01,108,Completed,1724.76
ORD-05774,CLI-0035,2026-01-11,SKU-H01,81,Completed,1293.5700000000002
ORD-05775,CLI-0041,2026-01-11,SKU-H01,287,Completed,4583.39
ORD-05776,CLI-0071,2026-01-11,SKU-015,258,Completed,33630.299999999996
ORD-05777,CLI-0009,2026-01-11,SKU-H01,297,Completed,4743.09
ORD-05778,CLI-0004,2026-01-11,SKU-009,258,Completed,13795.26
ORD-05779,CLI-0082,2026-01-11,SKU-011,169,Completed,10993.449999999999
ORD-05780,CLI-0035,2026-01-12,SKU-002,333,Completed,43596.35999999999
ORD-05781,CLI-0076,2026-01-12,SKU-H01,395,Completed,6308.150000000001
ORD-05782,CLI-0013,2026-01-12,SKU-019,176,Completed,31607.84
ORD-05783,CLI-0098,2026-01-12,SKU-019,334,Completed,59983.06
ORD-05784,CLI-0084,2026-01-12,SKU-H01,452,Completed,7218.4400000000005
ORD-05785,CLI-0017,2026-01-12,SKU-004,205,Completed,21859.149999999998
ORD-05786,CLI-0073,2026-01-12,SKU-019,258,Completed,46334.22
ORD-05787,CLI-0058,2026-01-12,SKU-H01,92,Completed,1469.24
ORD-05788,CLI-0082,2026-01-12,SKU-002,306,Completed,40061.52
ORD-05789,CLI-0027,2026-01-12,SKU-H01,450,Completed,7186.5
ORD-05790,CLI-0048,2026-01-13,SKU-005,326,Completed,59475.44
ORD-05791,CLI-0022,2026-01-13,SKU-H01,450,Completed,7186.5
ORD-05792,CLI-0032,2026-01-13,SKU-002,325,Completed,42548.99999999999
ORD-05793,CLI-0055,2026-01-13,SKU-H01,334,Completed,5333.9800000000005
ORD-05794,CLI-0058,2026-01-13,SKU-006,71,Completed,4073.27
ORD-05795,CLI-0060,2026-01-13,SKU-014,474,Completed,77517.95999999999
ORD-05796,CLI-0080,2026-01-13,SKU-015,198,Completed,25809.3
ORD-05797,CLI-0084,2026-01-13,SKU-009,135,Completed,7218.45
ORD-05798,CLI-0001,2026-01-13,SKU-H01,80,Completed,1277.6000000000001
ORD-05799,CLI-0062,2026-01-13,SKU-H01,189,Completed,3018.33
ORD-05800,CLI-0077,2026-01-13,SKU-018,178,Completed,8090.1
ORD-05801,CLI-0088,2026-01-13,SKU-H01,244,Completed,3896.6800000000003
ORD-05802,CLI-0045,2026-01-13,SKU-H01,481,Completed,7681.570000000001
ORD-05803,CLI-0028,2026-01-14,SKU-011,349,Completed,22702.45
ORD-05804,CLI-0066,2026-01-14,SKU-H01,194,Completed,3098.1800000000003
ORD-05805,CLI-0006,2026-01-14,SKU-H01,132,Completed,2108.04
ORD-05806,CLI-0069,2026-01-14,SKU-015,338,Completed,44058.299999999996
ORD-05807,CLI-0009,2026-01-14,SKU-002,203,Completed,26576.76
ORD-05808,CLI-0012,2026-01-14,SKU-019,252,Completed,45256.68
ORD-05809,CLI-0090,2026-01-14,SKU-009,112,Completed,5988.639999999999
ORD-05810,CLI-0018,2026-01-14,SKU-012,421,Completed,17105.23
ORD-05811,CLI-0072,2026-01-14,SKU-H01,193,Completed,3082.21
ORD-05812,CLI-0056,2026-01-14,SKU-H01,157,Completed,2507.29
ORD-05813,CLI-0079,2026-01-14,SKU-009,308,Completed,16468.76
ORD-05814,CLI-0041,2026-01-14,SKU-017,399,Completed,64917.299999999996
ORD-05815,CLI-0044,2026-01-14,SKU-008,375,Completed,57581.25000000001
ORD-05816,CLI-0034,2026-01-14,SKU-H01,435,Completed,6946.950000000001
ORD-05817,CLI-0091,2026-01-14,SKU-H01,281,Completed,4487.570000000001
ORD-05818,CLI-0035,2026-01-14,SKU-015,175,Completed,22811.25
ORD-05819,CLI-0085,2026-01-14,SKU-H01,214,Completed,3417.58
ORD-05820,CLI-0044,2026-01-14,SKU-005,157,Completed,28643.079999999998
ORD-05821,CLI-0059,2026-01-14,SKU-H01,356,Completed,5685.320000000001
ORD-05822,CLI-0043,2026-01-14,SKU-H01,58,Completed,926.26
ORD-05823,CLI-0089,2026-01-14,SKU-010,118,Completed,2906.3399999999997
ORD-05824,CLI-0083,2026-01-14,SKU-010,51,Completed,1256.1299999999999
ORD-05825,CLI-0078,2026-01-14,SKU-H01,293,Completed,4679.21
ORD-05826,CLI-0001,2026-01-14,SKU-H01,54,Completed,862.38
ORD-05827,CLI-0087,2026-01-14,SKU-014,138,Completed,22568.52
ORD-05828,CLI-0053,2026-01-14,SKU-H01,334,Completed,5333.9800000000005
ORD-05829,CLI-0090,2026-01-14,SKU-006,410,Completed,23521.7
ORD-05830,CLI-0063,2026-01-14,SKU-019,440,Completed,79019.6
ORD-05831,CLI-0051,2026-01-14,SKU-H01,325,Completed,5190.25
ORD-05832,CLI-0084,2026-01-15,SKU-018,383,Completed,17407.350000000002
ORD-05833,CLI-0010,2026-01-15,SKU-H01,325,Completed,5190.25
ORD-05834,CLI-0004,2026-01-15,SKU-007,476,Completed,41873.72
ORD-05835,CLI-0086,2026-01-15,SKU-H01,277,Completed,4423.6900000000005
ORD-05836,CLI-0087,2026-01-15,SKU-019,113,Completed,20293.670000000002
ORD-05837,CLI-0046,2026-01-15,SKU-H01,466,Completed,7442.02
ORD-05838,CLI-0049,2026-01-15,SKU-H01,473,Completed,7553.81
ORD-05839,CLI-0077,2026-01-15,SKU-019,233,Completed,41844.47
ORD-05840,CLI-0050,2026-01-15,SKU-006,140,Completed,8031.799999999999
ORD-05841,CLI-0099,2026-01-15,SKU-005,465,Completed,84834.6
ORD-05842,CLI-0090,2026-01-15,SKU-H01,54,Completed,862.38
ORD-05843,CLI-0016,2026-01-15,SKU-011,286,Completed,18604.3
ORD-05844,CLI-0025,2026-01-16,SKU-H01,277,Completed,4423.6900000000005
ORD-05845,CLI-0002,2026-01-16,SKU-H01,163,Completed,2603.11
ORD-05846,CLI-0096,2026-01-16,SKU-008,60,Completed,9213.0
ORD-05847,CLI-0098,2026-01-16,SKU-H01,193,Completed,3082.21
ORD-05848,CLI-0088,2026-01-16,SKU-018,413,Completed,18770.850000000002
ORD-05849,CLI-0046,2026-01-16,SKU-017,148,Completed,24079.6
ORD-05850,CLI-0012,2026-01-16,SKU-011,467,Completed,30378.35
ORD-05851,CLI-0079,2026-01-16,SKU-014,370,Completed,60509.799999999996
ORD-05852,CLI-0039,2026-01-16,SKU-010,463,Completed,11403.689999999999
ORD-05853,CLI-0092,2026-01-16,SKU-H01,163,Completed,2603.11
ORD-05854,CLI-0030,2026-01-16,SKU-013,302,Completed,56365.28
ORD-05855,CLI-0047,2026-01-16,SKU-H01,68,Completed,1085.96
ORD-05856,CLI-0036,2026-01-16,SKU-H01,302,Completed,4822.9400000000005
ORD-05857,CLI-0091,2026-01-16,SKU-014,411,Completed,67214.94
ORD-05858,CLI-0078,2026-01-16,SKU-006,157,Completed,9007.09
ORD-05859,CLI-0001,2026-01-16,SKU-016,150,Completed,26337.000000000004
ORD-05860,CLI-0082,2026-01-16,SKU-H01,252,Completed,4024.44
ORD-05861,CLI-0015,2026-01-16,SKU-008,495,Completed,76007.25
ORD-05862,CLI-0036,2026-01-16,SKU-H01,341,Completed,5445.77
ORD-05863,CLI-0065,2026-01-16,SKU-009,302,Completed,16147.94
ORD-05864,CLI-0022,2026-01-16,SKU-013,332,Completed,61964.479999999996
ORD-05865,CLI-0085,2026-01-17,SKU-007,428,Completed,37651.159999999996
ORD-05866,CLI-0073,2026-01-17,SKU-H01,394,Completed,6292.18
ORD-05867,CLI-0088,2026-01-17,SKU-H01,358,Completed,5717.26
ORD-05868,CLI-0073,2026-01-17,SKU-H01,139,Completed,2219.83
ORD-05869,CLI-0009,2026-01-17,SKU-008,351,Completed,53896.05
ORD-05870,CLI-0017,2026-01-17,SKU-018,431,Completed,19588.95
ORD-05871,CLI-0009,2026-01-17,SKU-H01,115,Completed,1836.5500000000002
ORD-05872,CLI-0034,2026-01-17,SKU-012,341,Completed,13854.830000000002
ORD-05873,CLI-0030,2026-01-17,SKU-016,317,Completed,55658.86
ORD-05874,CLI-0094,2026-01-17,SKU-005,450,Completed,82098.0
ORD-05875,CLI-0036,2026-01-17,SKU-010,148,Completed,3645.24
ORD-05876,CLI-0087,2026-01-17,SKU-014,61,Completed,9975.939999999999
ORD-05877,CLI-0089,2026-01-17,SKU-H01,397,Completed,6340.09
ORD-05878,CLI-0069,2026-01-17,SKU-H01,364,Completed,5813.08
ORD-05879,CLI-0033,2026-01-17,SKU-H01,398,Completed,6356.06
ORD-05880,CLI-0072,2026-01-17,SKU-019,282,Completed,50644.38
ORD-05881,CLI-0055,2026-01-18,SKU-017,378,Completed,61500.6
ORD-05882,CLI-0087,2026-01-18,SKU-013,382,Completed,71296.48
ORD-05883,CLI-0007,2026-01-18,SKU-H01,487,Completed,7777.39
ORD-05884,CLI-0042,2026-01-18,SKU-003,271,Completed,18896.83
ORD-05885,CLI-0053,2026-01-18,SKU-H01,190,Completed,3034.3
ORD-05886,CLI-0016,2026-01-18,SKU-H01,398,Completed,6356.06
ORD-05887,CLI-0067,2026-01-18,SKU-008,288,Completed,44222.4
ORD-05888,CLI-0064,2026-01-18,SKU-019,235,Completed,42203.65
ORD-05889,CLI-0067,2026-01-18,SKU-017,438,Completed,71262.59999999999
ORD-05890,CLI-0006,2026-01-18,SKU-011,419,Completed,27255.949999999997
ORD-05891,CLI-0007,2026-01-19,SKU-H01,192,Completed,3066.2400000000002
ORD-05892,CLI-0054,2026-01-19,SKU-H01,322,Completed,5142.34
ORD-05893,CLI-0058,2026-01-19,SKU-H01,211,Completed,3369.67
ORD-05894,CLI-0001,2026-01-19,SKU-013,250,Completed,46660.0
ORD-05895,CLI-0025,2026-01-19,SKU-014,221,Completed,36142.34
ORD-05896,CLI-0011,2026-01-19,SKU-H01,500,Completed,7985.0
ORD-05897,CLI-0074,2026-01-19,SKU-002,463,Completed,60615.95999999999
ORD-05898,CLI-0004,2026-01-19,SKU-H01,427,Completed,6819.1900000000005
ORD-05899,CLI-0029,2026-01-19,SKU-H01,403,Completed,6435.91
ORD-05900,CLI-0055,2026-01-19,SKU-003,88,Completed,6136.240000000001
ORD-05901,CLI-0032,2026-01-19,SKU-H01,150,Completed,2395.5
ORD-05902,CLI-0022,2026-01-19,SKU-003,218,Completed,15201.140000000001
ORD-05903,CLI-0040,2026-01-19,SKU-015,82,Completed,10688.699999999999
ORD-05904,CLI-0081,2026-01-19,SKU-007,370,Completed,32548.899999999998
ORD-05905,CLI-0013,2026-01-19,SKU-H01,64,Completed,1022.08
ORD-05906,CLI-0062,2026-01-19,SKU-H01,271,Completed,4327.87
ORD-05907,CLI-0004,2026-01-19,SKU-004,353,Completed,37640.39
ORD-05908,CLI-0043,2026-01-20,SKU-H01,480,Completed,7665.6
ORD-05909,CLI-0033,2026-01-20,SKU-H01,176,Completed,2810.7200000000003
ORD-05910,CLI-0014,2026-01-20,SKU-005,292,Completed,53272.479999999996
ORD-05911,CLI-0031,2026-01-20,SKU-007,224,Completed,19705.28
ORD-05912,CLI-0007,2026-01-20,SKU-014,470,Completed,76863.8
ORD-05913,CLI-0043,2026-01-20,SKU-H01,316,Completed,5046.52
ORD-05914,CLI-0031,2026-01-20,SKU-014,87,Completed,14227.98
ORD-05915,CLI-0100,2026-01-20,SKU-H01,357,Completed,5701.29
ORD-05916,CLI-0080,2026-01-20,SKU-H01,274,Completed,4375.78
ORD-05917,CLI-0098,2026-01-20,SKU-006,98,Completed,5622.259999999999
ORD-05918,CLI-0081,2026-01-20,SKU-007,278,Completed,24455.66
ORD-05919,CLI-0075,2026-01-20,SKU-018,113,Completed,5135.85
ORD-05920,CLI-0011,2026-01-20,SKU-011,81,Completed,5269.05
ORD-05921,CLI-0005,2026-01-20,SKU-017,243,Completed,39536.1
ORD-05922,CLI-0041,2026-01-20,SKU-017,484,Completed,78746.79999999999
ORD-05923,CLI-0089,2026-01-20,SKU-008,83,Completed,12744.650000000001
ORD-05924,CLI-0017,2026-01-20,SKU-005,81,Completed,14777.64
ORD-05925,CLI-0057,2026-01-20,SKU-006,78,Completed,4474.86
ORD-05926,CLI-0039,2026-01-20,SKU-019,362,Completed,65011.58
ORD-05927,CLI-0081,2026-01-20,SKU-013,271,Completed,50579.439999999995
ORD-05928,CLI-0009,2026-01-20,SKU-H01,102,Completed,1628.94
ORD-05929,CLI-0087,2026-01-20,SKU-013,78,Completed,14557.919999999998
ORD-05930,CLI-0072,2026-01-20,SKU-H01,76,Completed,1213.72
ORD-05931,CLI-0038,2026-01-20,SKU-003,485,Completed,33819.05
ORD-05932,CLI-0049,2026-01-20,SKU-H01,255,Completed,4072.3500000000004
ORD-05933,CLI-0013,2026-01-20,SKU-010,366,Completed,9014.58
ORD-05934,CLI-0097,2026-01-20,SKU-016,260,Completed,45650.8
ORD-05935,CLI-0030,2026-01-20,SKU-H01,492,Completed,7857.240000000001
ORD-05936,CLI-0077,2026-01-20,SKU-H01,453,Completed,7234.41
ORD-05937,CLI-0085,2026-01-20,SKU-H01,369,Completed,5892.93
ORD-05938,CLI-0059,2026-01-21,SKU-010,246,Completed,6058.98
ORD-05939,CLI-0060,2026-01-21,SKU-H01,457,Completed,7298.29
ORD-05940,CLI-0055,2026-01-21,SKU-H01,500,Completed,7985.0
ORD-05941,CLI-0080,2026-01-21,SKU-H01,367,Completed,5860.99
ORD-05942,CLI-0013,2026-01-21,SKU-004,223,Completed,23778.489999999998
ORD-05943,CLI-0084,2026-01-21,SKU-H01,395,Completed,6308.150000000001
ORD-05944,CLI-0004,2026-01-21,SKU-012,282,Completed,11457.66
ORD-05945,CLI-0067,2026-01-21,SKU-H01,218,Completed,3481.46
ORD-05946,CLI-0076,2026-01-21,SKU-010,148,Completed,3645.24
ORD-05947,CLI-0014,2026-01-21,SKU-H01,102,Completed,1628.94
ORD-05948,CLI-0077,2026-01-22,SKU-004,415,Completed,44251.45
ORD-05949,CLI-0009,2026-01-22,SKU-H01,353,Completed,5637.41
ORD-05950,CLI-0025,2026-01-22,SKU-011,343,Completed,22312.149999999998
ORD-05951,CLI-0017,2026-01-22,SKU-018,376,Completed,17089.2
ORD-05952,CLI-0066,2026-01-22,SKU-017,181,Completed,29448.699999999997
ORD-05953,CLI-0046,2026-01-22,SKU-007,265,Completed,23312.05
ORD-05954,CLI-0062,2026-01-22,SKU-003,421,Completed,29356.33
ORD-05955,CLI-0080,2026-01-22,SKU-014,277,Completed,45300.579999999994
ORD-05956,CLI-0024,2026-01-22,SKU-010,174,Completed,4285.62
ORD-05957,CLI-0018,2026-01-22,SKU-H01,458,Completed,7314.26
ORD-05958,CLI-0008,2026-01-23,SKU-014,115,Completed,18807.1
ORD-05959,CLI-0040,2026-01-23,SKU-002,349,Completed,45691.079999999994
ORD-05960,CLI-0056,2026-01-23,SKU-H01,312,Completed,4982.64
ORD-05961,CLI-0084,2026-01-23,SKU-H01,436,Completed,6962.92
ORD-05962,CLI-0046,2026-01-23,SKU-H01,209,Completed,3337.73
ORD-05963,CLI-0075,2026-01-23,SKU-005,327,Completed,59657.88
ORD-05964,CLI-0100,2026-01-23,SKU-H01,124,Completed,1980.28
ORD-05965,CLI-0019,2026-01-23,SKU-H01,290,Completed,4631.3
ORD-05966,CLI-0040,2026-01-23,SKU-H01,358,Completed,5717.26
ORD-05967,CLI-0044,2026-01-23,SKU-007,199,Completed,17506.03
ORD-05968,CLI-0048,2026-01-23,SKU-012,54,Completed,2194.02
ORD-05969,CLI-0076,2026-01-24,SKU-H01,386,Completed,6164.42
ORD-05970,CLI-0087,2026-01-24,SKU-H01,124,Completed,1980.28
ORD-05971,CLI-0008,2026-01-24,SKU-H01,171,Completed,2730.87
ORD-05972,CLI-0065,2026-01-24,SKU-017,469,Completed,76306.29999999999
ORD-05973,CLI-0072,2026-01-24,SKU-004,489,Completed,52142.07
ORD-05974,CLI-0007,2026-01-24,SKU-003,266,Completed,18548.18
ORD-05975,CLI-0045,2026-01-24,SKU-H01,150,Completed,2395.5
ORD-05976,CLI-0026,2026-01-24,SKU-012,377,Completed,15317.51
ORD-05977,CLI-0026,2026-01-24,SKU-005,452,Completed,82462.88
ORD-05978,CLI-0009,2026-01-24,SKU-H01,224,Completed,3577.28
ORD-05979,CLI-0025,2026-01-24,SKU-H01,391,Completed,6244.27
ORD-05980,CLI-0061,2026-01-24,SKU-H01,405,Completed,6467.85
ORD-05981,CLI-0089,2026-01-24,SKU-015,289,Completed,37671.15
ORD-05982,CLI-0077,2026-01-24,SKU-016,404,Completed,70934.32
ORD-05983,CLI-0043,2026-01-24,SKU-008,486,Completed,74625.3
ORD-05984,CLI-0075,2026-01-24,SKU-011,339,Completed,22051.95
ORD-05985,CLI-0043,2026-01-24,SKU-H01,365,Completed,5829.05
ORD-05986,CLI-0039,2026-01-24,SKU-007,264,Completed,23224.079999999998
ORD-05987,CLI-0043,2026-01-24,SKU-010,133,Completed,3275.79
ORD-05988,CLI-0014,2026-01-24,SKU-H01,282,Completed,4503.54
ORD-05989,CLI-0006,2026-01-24,SKU-016,303,Completed,53200.740000000005
ORD-05990,CLI-0029,2026-01-24,SKU-H01,51,Completed,814.47
ORD-05991,CLI-0082,2026-01-24,SKU-H01,164,Completed,2619.08
ORD-05992,CLI-0089,2026-01-24,SKU-008,167,Completed,25642.850000000002
ORD-05993,CLI-0060,2026-01-24,SKU-009,369,Completed,19730.43
ORD-05994,CLI-0028,2026-01-24,SKU-011,172,Completed,11188.6
ORD-05995,CLI-0095,2026-01-25,SKU-H01,443,Completed,7074.71
ORD-05996,CLI-0043,2026-01-25,SKU-015,463,Completed,60352.049999999996
ORD-05997,CLI-0095,2026-01-25,SKU-006,242,Completed,13883.539999999999
ORD-05998,CLI-0027,2026-01-25,SKU-004,254,Completed,27084.02
ORD-05999,CLI-0024,2026-01-25,SKU-019,472,Completed,84766.48
ORD-06000,CLI-0001,2026-01-25,SKU-012,235,Completed,9548.050000000001
ORD-06001,CLI-0002,2026-01-25,SKU-H01,87,Completed,1389.39
ORD-06002,CLI-0046,2026-01-25,SKU-012,65,Completed,2640.9500000000003
ORD-06003,CLI-0072,2026-01-25,SKU-H01,108,Completed,1724.76
ORD-06004,CLI-0019,2026-01-25,SKU-H01,198,Completed,3162.06
ORD-06005,CLI-0057,2026-01-25,SKU-002,149,Completed,19507.079999999998
ORD-06006,CLI-0075,2026-01-25,SKU-H01,441,Completed,7042.77
ORD-06007,CLI-0047,2026-01-25,SKU-010,72,Completed,1773.36
ORD-06008,CLI-0004,2026-01-25,SKU-H01,151,Completed,2411.4700000000003
ORD-06009,CLI-0026,2026-01-25,SKU-011,195,Completed,12684.75
ORD-06010,CLI-0023,2026-01-25,SKU-005,162,Completed,29555.28
ORD-06011,CLI-0034,2026-01-25,SKU-010,418,Completed,10295.34
ORD-06012,CLI-0023,2026-01-25,SKU-H01,223,Completed,3561.31
ORD-06013,CLI-0071,2026-01-25,SKU-012,175,Completed,7110.25
ORD-06014,CLI-0026,2026-01-25,SKU-010,61,Completed,1502.4299999999998
ORD-06015,CLI-0023,2026-01-25,SKU-004,481,Completed,51289.03
ORD-06016,CLI-0034,2026-01-25,SKU-017,101,Completed,16432.699999999997
ORD-06017,CLI-0003,2026-01-25,SKU-H01,475,Completed,7585.75
ORD-06018,CLI-0049,2026-01-26,SKU-012,385,Completed,15642.550000000001
ORD-06019,CLI-0015,2026-01-26,SKU-016,223,Completed,39154.340000000004
ORD-06020,CLI-0027,2026-01-26,SKU-H01,206,Completed,3289.82
ORD-06021,CLI-0059,2026-01-26,SKU-003,172,Completed,11993.560000000001
ORD-06022,CLI-0048,2026-01-26,SKU-H01,464,Completed,7410.08
ORD-06023,CLI-0048,2026-01-26,SKU-007,388,Completed,34132.36
ORD-06024,CLI-0022,2026-01-26,SKU-009,319,Completed,17056.93
ORD-06025,CLI-0080,2026-01-26,SKU-H01,272,Completed,4343.84
ORD-06026,CLI-0092,2026-01-26,SKU-003,83,Completed,5787.59
ORD-06027,CLI-0016,2026-01-26,SKU-H01,123,Completed,1964.3100000000002
ORD-06028,CLI-0017,2026-01-26,SKU-H01,456,Completed,7282.320000000001
ORD-06029,CLI-0025,2026-01-26,SKU-H01,148,Completed,2363.56
ORD-06030,CLI-0069,2026-01-26,SKU-016,243,Completed,42665.94
ORD-06031,CLI-0089,2026-01-26,SKU-H01,241,Completed,3848.77
ORD-06032,CLI-0077,2026-01-27,SKU-016,269,Completed,47231.020000000004
ORD-06033,CLI-0082,2026-01-27,SKU-007,175,Completed,15394.75
ORD-06034,CLI-0006,2026-01-27,SKU-H01,440,Completed,7026.8
ORD-06035,CLI-0079,2026-01-27,SKU-011,350,Completed,22767.5
ORD-06036,CLI-0025,2026-01-27,SKU-005,487,Completed,88848.28
ORD-06037,CLI-0069,2026-01-27,SKU-005,200,Completed,36488.0
ORD-06038,CLI-0020,2026-01-27,SKU-H01,217,Completed,3465.4900000000002
ORD-06039,CLI-0032,2026-01-27,SKU-H01,77,Completed,1229.69
ORD-06040,CLI-0081,2026-01-27,SKU-H01,457,Completed,7298.29
ORD-06041,CLI-0036,2026-01-27,SKU-H01,496,Completed,7921.12
ORD-06042,CLI-0017,2026-01-27,SKU-H01,485,Completed,7745.450000000001
ORD-06043,CLI-0066,2026-01-27,SKU-H01,349,Completed,5573.530000000001
ORD-06044,CLI-0063,2026-01-27,SKU-H01,157,Completed,2507.29
ORD-06045,CLI-0094,2026-01-27,SKU-H01,91,Completed,1453.27
ORD-06046,CLI-0061,2026-01-27,SKU-H01,454,Completed,7250.38
ORD-06047,CLI-0085,2026-01-27,SKU-H01,364,Completed,5813.08
ORD-06048,CLI-0022,2026-01-27,SKU-H01,310,Completed,4950.7
ORD-06049,CLI-0050,2026-01-27,SKU-009,434,Completed,23205.98
ORD-06050,CLI-0083,2026-01-27,SKU-H01,434,Completed,6930.9800000000005
ORD-06051,CLI-0048,2026-01-28,SKU-017,305,Completed,49623.5
ORD-06052,CLI-0067,2026-01-28,SKU-H01,287,Completed,4583.39
ORD-06053,CLI-0023,2026-01-28,SKU-018,214,Completed,9726.300000000001
ORD-06054,CLI-0092,2026-01-28,SKU-008,241,Completed,37005.55
ORD-06055,CLI-0068,2026-01-28,SKU-H01,405,Completed,6467.85
ORD-06056,CLI-0062,2026-01-28,SKU-017,416,Completed,67683.2
ORD-06057,CLI-0064,2026-01-28,SKU-005,292,Completed,53272.479999999996
ORD-06058,CLI-0035,2026-01-28,SKU-H01,347,Completed,5541.59
ORD-06059,CLI-0052,2026-01-28,SKU-013,376,Completed,70176.64
ORD-06060,CLI-0075,2026-01-28,SKU-018,382,Completed,17361.9
ORD-06061,CLI-0005,2026-01-28,SKU-004,156,Completed,16634.28
ORD-06062,CLI-0029,2026-01-28,SKU-H01,153,Completed,2443.4100000000003
ORD-06063,CLI-0058,2026-01-28,SKU-013,491,Completed,91640.23999999999
ORD-06064,CLI-0031,2026-01-28,SKU-010,252,Completed,6206.759999999999
ORD-06065,CLI-0028,2026-01-28,SKU-016,206,Completed,36169.48
ORD-06066,CLI-0055,2026-01-28,SKU-010,243,Completed,5985.09
ORD-06067,CLI-0074,2026-01-28,SKU-H01,130,Completed,2076.1
ORD-06068,CLI-0048,2026-01-28,SKU-018,180,Completed,8181.000000000001
ORD-06069,CLI-0071,2026-01-28,SKU-H01,93,Completed,1485.21
ORD-06070,CLI-0018,2026-01-28,SKU-H01,434,Completed,6930.9800000000005
ORD-06071,CLI-0011,2026-01-28,SKU-005,201,Completed,36670.44
ORD-06072,CLI-0057,2026-01-28,SKU-007,315,Completed,27710.55
ORD-06073,CLI-0046,2026-01-28,SKU-H01,167,Completed,2666.9900000000002
ORD-06074,CLI-0075,2026-01-28,SKU-013,71,Completed,13251.439999999999
ORD-06075,CLI-0060,2026-01-28,SKU-H01,312,Completed,4982.64
ORD-06076,CLI-0080,2026-01-28,SKU-002,222,Completed,29064.239999999998
ORD-06077,CLI-0058,2026-01-29,SKU-014,289,Completed,47263.06
ORD-06078,CLI-0056,2026-01-29,SKU-H01,259,Completed,4136.2300000000005
ORD-06079,CLI-0048,2026-01-29,SKU-H01,461,Completed,7362.17
ORD-06080,CLI-0064,2026-01-29,SKU-H01,212,Completed,3385.6400000000003
ORD-06081,CLI-0035,2026-01-29,SKU-018,245,Completed,11135.25
ORD-06082,CLI-0004,2026-01-29,SKU-H01,141,Completed,2251.77
ORD-06083,CLI-0057,2026-01-29,SKU-H01,169,Completed,2698.9300000000003
ORD-06084,CLI-0034,2026-01-29,SKU-005,380,Completed,69327.2
ORD-06085,CLI-0010,2026-01-29,SKU-004,233,Completed,24844.789999999997
ORD-06086,CLI-0011,2026-01-29,SKU-H01,200,Completed,3194.0
ORD-06087,CLI-0065,2026-01-29,SKU-005,312,Completed,56921.28
ORD-06088,CLI-0070,2026-01-29,SKU-H01,379,Completed,6052.63
ORD-06089,CLI-0011,2026-01-29,SKU-019,452,Completed,81174.68000000001
ORD-06090,CLI-0036,2026-01-29,SKU-H01,166,Completed,2651.02
ORD-06091,CLI-0013,2026-01-29,SKU-H01,110,Completed,1756.7
ORD-06092,CLI-0010,2026-01-29,SKU-002,234,Completed,30635.28
ORD-06093,CLI-0005,2026-01-29,SKU-H01,329,Completed,5254.13
ORD-06094,CLI-0026,2026-01-29,SKU-010,220,Completed,5418.599999999999
ORD-06095,CLI-0026,2026-01-29,SKU-H01,395,Completed,6308.150000000001
ORD-06096,CLI-0043,2026-01-29,SKU-H01,178,Completed,2842.6600000000003
ORD-06097,CLI-0039,2026-01-29,SKU-012,431,Completed,17511.530000000002
ORD-06098,CLI-0099,2026-01-29,SKU-005,399,Completed,72793.56
ORD-06099,CLI-0036,2026-01-29,SKU-002,147,Completed,19245.239999999998
ORD-06100,CLI-0018,2026-01-30,SKU-H01,487,Completed,7777.39
ORD-06101,CLI-0097,2026-01-30,SKU-H01,416,Completed,6643.52
ORD-06102,CLI-0095,2026-01-30,SKU-H01,328,Completed,5238.16
ORD-06103,CLI-0034,2026-01-30,SKU-H01,54,Completed,862.38
ORD-06104,CLI-0099,2026-01-30,SKU-006,203,Completed,11646.109999999999
ORD-06105,CLI-0037,2026-01-30,SKU-017,471,Completed,76631.7
ORD-06106,CLI-0045,2026-01-30,SKU-H01,450,Completed,7186.5
ORD-06107,CLI-0052,2026-01-30,SKU-H01,257,Completed,4104.29
ORD-06108,CLI-0075,2026-01-30,SKU-H01,437,Completed,6978.89
ORD-06109,CLI-0084,2026-01-30,SKU-H01,56,Completed,894.32
ORD-06110,CLI-0061,2026-01-30,SKU-H01,384,Completed,6132.4800000000005
ORD-06111,CLI-0066,2026-01-30,SKU-017,439,Completed,71425.29999999999
ORD-06112,CLI-0020,2026-01-30,SKU-010,493,Completed,12142.59
ORD-06113,CLI-0030,2026-01-30,SKU-016,166,Completed,29146.280000000002
ORD-06114,CLI-0093,2026-01-30,SKU-004,433,Completed,46170.79
ORD-06115,CLI-0027,2026-01-30,SKU-005,292,Completed,53272.479999999996
ORD-06116,CLI-0030,2026-01-30,SKU-H01,314,Completed,5014.58
ORD-06117,CLI-0076,2026-01-30,SKU-003,452,Completed,31517.960000000003
ORD-06118,CLI-0071,2026-01-30,SKU-017,437,Completed,71099.9
ORD-06119,CLI-0060,2026-01-30,SKU-H01,419,Completed,6691.43
ORD-06120,CLI-0060,2026-01-30,SKU-016,224,Completed,39329.920000000006
ORD-06121,CLI-0011,2026-01-30,SKU-H01,210,Completed,3353.7000000000003
ORD-06122,CLI-0025,2026-01-30,SKU-017,269,Completed,43766.299999999996
ORD-06123,CLI-0099,2026-01-30,SKU-018,407,Completed,18498.15
ORD-06124,CLI-0054,2026-01-30,SKU-010,157,Completed,3866.91
ORD-06125,CLI-0057,2026-01-30,SKU-010,280,Completed,6896.4
ORD-06126,CLI-0072,2026-01-30,SKU-003,65,Completed,4532.45
ORD-06127,CLI-0048,2026-01-30,SKU-015,121,Completed,15772.349999999999
ORD-06128,CLI-0017,2026-01-31,SKU-019,206,Completed,36995.54
ORD-06129,CLI-0095,2026-01-31,SKU-013,54,Completed,10078.56
ORD-06130,CLI-0064,2026-01-31,SKU-008,464,Completed,71247.20000000001
ORD-06131,CLI-0085,2026-01-31,SKU-008,477,Completed,73243.35
ORD-06132,CLI-0046,2026-01-31,SKU-015,223,Completed,29068.05
ORD-06133,CLI-0029,2026-01-31,SKU-006,264,Completed,15145.679999999998
ORD-06134,CLI-0055,2026-01-31,SKU-014,401,Completed,65579.54
ORD-06135,CLI-0097,2026-01-31,SKU-005,256,Completed,46704.64
ORD-06136,CLI-0098,2026-01-31,SKU-H01,448,Completed,7154.56
ORD-06137,CLI-0089,2026-01-31,SKU-H01,325,Completed,5190.25
ORD-06138,CLI-0039,2026-01-31,SKU-003,216,Completed,15061.68
ORD-06139,CLI-0076,2026-01-31,SKU-H01,61,Completed,974.1700000000001
ORD-06140,CLI-0073,2026-01-31,SKU-H01,452,Completed,7218.4400000000005
ORD-06141,CLI-0005,2026-01-31,SKU-006,121,Completed,6941.7699999999995
ORD-06142,CLI-0020,2026-01-31,SKU-H01,219,Completed,3497.4300000000003
ORD-06143,CLI-0073,2026-01-31,SKU-H01,372,Completed,5940.84
ORD-06144,CLI-0078,2026-01-31,SKU-012,361,Completed,14667.43
ORD-06145,CLI-0074,2026-01-31,SKU-019,493,Completed,88537.87
ORD-06146,CLI-0051,2026-01-31,SKU-011,245,Completed,15937.25
ORD-06147,CLI-0051,2026-01-31,SKU-011,82,Completed,5334.099999999999
ORD-06148,CLI-0069,2026-01-31,SKU-H01,247,Completed,3944.59
ORD-06149,CLI-0025,2026-01-31,SKU-010,293,Completed,7216.59
ORD-06150,CLI-0014,2026-01-31,SKU-011,218,Completed,14180.9
ORD-06151,CLI-0073,2026-01-31,SKU-H01,281,Completed,4487.570000000001
ORD-06152,CLI-0082,2026-01-31,SKU-H01,205,Completed,3273.85
ORD-06153,CLI-0012,2026-01-31,SKU-011,137,Completed,8911.85
ORD-06154,CLI-0014,2026-01-31,SKU-H01,395,Completed,6308.150000000001
ORD-06155,CLI-0023,2026-02-01,SKU-009,66,Completed,3529.02
ORD-06156,CLI-0089,2026-02-01,SKU-H01,358,Completed,5717.26
ORD-06157,CLI-0063,2026-02-01,SKU-007,63,Completed,5542.11
ORD-06158,CLI-0024,2026-02-01,SKU-005,151,Completed,27548.44
ORD-06159,CLI-0009,2026-02-01,SKU-H01,247,Completed,3944.59
ORD-06160,CLI-0037,2026-02-01,SKU-H01,155,Completed,2475.35
ORD-06161,CLI-0030,2026-02-01,SKU-008,199,Completed,30556.45
ORD-06162,CLI-0085,2026-02-01,SKU-015,318,Completed,41451.299999999996
ORD-06163,CLI-0009,2026-02-01,SKU-016,282,Completed,49513.560000000005
ORD-06164,CLI-0008,2026-02-01,SKU-004,238,Completed,25377.94
ORD-06165,CLI-0067,2026-02-01,SKU-012,55,Completed,2234.65
ORD-06166,CLI-0022,2026-02-01,SKU-H01,217,Completed,3465.4900000000002
ORD-06167,CLI-0053,2026-02-01,SKU-H01,250,Completed,3992.5
ORD-06168,CLI-0021,2026-02-01,SKU-H01,106,Completed,1692.8200000000002
ORD-06169,CLI-0017,2026-02-01,SKU-006,324,Completed,18587.879999999997
ORD-06170,CLI-0054,2026-02-01,SKU-H01,294,Completed,4695.18
ORD-06171,CLI-0096,2026-02-01,SKU-H01,85,Completed,1357.45
ORD-06172,CLI-0050,2026-02-01,SKU-010,493,Completed,12142.59
ORD-06173,CLI-0027,2026-02-01,SKU-011,116,Completed,7545.799999999999
ORD-06174,CLI-0027,2026-02-01,SKU-H01,208,Completed,3321.76
ORD-06175,CLI-0056,2026-02-01,SKU-H01,468,Completed,7473.96
ORD-06176,CLI-0091,2026-02-01,SKU-002,390,Completed,51058.799999999996
ORD-06177,CLI-0061,2026-02-01,SKU-003,131,Completed,9134.630000000001
ORD-06178,CLI-0078,2026-02-01,SKU-010,344,Completed,8472.72
ORD-06179,CLI-0040,2026-02-01,SKU-H01,350,Completed,5589.5
ORD-06180,CLI-0026,2026-02-01,SKU-010,307,Completed,7561.41
ORD-06181,CLI-0092,2026-02-01,SKU-016,400,Completed,70232.0
ORD-06182,CLI-0036,2026-02-02,SKU-H01,153,Completed,2443.4100000000003
ORD-06183,CLI-0001,2026-02-02,SKU-019,123,Completed,22089.57
ORD-06184,CLI-0058,2026-02-02,SKU-H01,82,Completed,1309.54
ORD-06185,CLI-0052,2026-02-02,SKU-H01,359,Completed,5733.2300000000005
ORD-06186,CLI-0032,2026-02-02,SKU-002,319,Completed,41763.479999999996
ORD-06187,CLI-0043,2026-02-02,SKU-H01,341,Completed,5445.77
ORD-06188,CLI-0063,2026-02-02,SKU-H01,285,Completed,4551.45
ORD-06189,CLI-0060,2026-02-02,SKU-002,344,Completed,45036.479999999996
ORD-06190,CLI-0006,2026-02-02,SKU-013,427,Completed,79695.28
ORD-06191,CLI-0012,2026-02-02,SKU-017,197,Completed,32051.899999999998
ORD-06192,CLI-0083,2026-02-02,SKU-010,283,Completed,6970.29
ORD-06193,CLI-0045,2026-02-02,SKU-H01,408,Completed,6515.76
ORD-06194,CLI-0092,2026-02-02,SKU-010,455,Completed,11206.65
ORD-06195,CLI-0039,2026-02-02,SKU-009,250,Completed,13367.5
ORD-06196,CLI-0079,2026-02-02,SKU-014,471,Completed,77027.34
ORD-06197,CLI-0023,2026-02-02,SKU-014,262,Completed,42847.479999999996
ORD-06198,CLI-0032,2026-02-02,SKU-016,141,Completed,24756.780000000002
ORD-06199,CLI-0080,2026-02-02,SKU-002,425,Completed,55640.99999999999
ORD-06200,CLI-0056,2026-02-02,SKU-011,284,Completed,18474.2
ORD-06201,CLI-0050,2026-02-02,SKU-H01,387,Completed,6180.39
ORD-06202,CLI-0090,2026-02-02,SKU-H01,341,Completed,5445.77
ORD-06203,CLI-0013,2026-02-02,SKU-H01,251,Completed,4008.4700000000003
ORD-06204,CLI-0090,2026-02-02,SKU-H01,72,Completed,1149.8400000000001
ORD-06205,CLI-0021,2026-02-03,SKU-013,190,Completed,35461.6
ORD-06206,CLI-0081,2026-02-03,SKU-003,325,Completed,22662.25
ORD-06207,CLI-0038,2026-02-03,SKU-003,391,Completed,27264.43
ORD-06208,CLI-0009,2026-02-03,SKU-018,407,Completed,18498.15
ORD-06209,CLI-0093,2026-02-03,SKU-017,419,Completed,68171.29999999999
ORD-06210,CLI-0028,2026-02-03,SKU-H01,302,Completed,4822.9400000000005
ORD-06211,CLI-0053,2026-02-03,SKU-H01,440,Completed,7026.8
ORD-06212,CLI-0071,2026-02-03,SKU-015,112,Completed,14599.199999999999
ORD-06213,CLI-0048,2026-02-03,SKU-017,89,Completed,14480.3
ORD-06214,CLI-0097,2026-02-03,SKU-006,103,Completed,5909.11
ORD-06215,CLI-0065,2026-02-03,SKU-008,442,Completed,67869.1
ORD-06216,CLI-0100,2026-02-03,SKU-H01,216,Completed,3449.52
ORD-06217,CLI-0053,2026-02-03,SKU-014,280,Completed,45791.2
ORD-06218,CLI-0022,2026-02-03,SKU-009,179,Completed,9571.13
ORD-06219,CLI-0027,2026-02-03,SKU-005,309,Completed,56373.96
ORD-06220,CLI-0006,2026-02-03,SKU-H01,286,Completed,4567.42
ORD-06221,CLI-0004,2026-02-03,SKU-017,87,Completed,14154.9
ORD-06222,CLI-0089,2026-02-04,SKU-008,395,Completed,60652.25000000001
ORD-06223,CLI-0096,2026-02-04,SKU-H01,286,Completed,4567.42
ORD-06224,CLI-0049,2026-02-04,SKU-008,225,Completed,34548.75
ORD-06225,CLI-0096,2026-02-04,SKU-010,254,Completed,6256.0199999999995
ORD-06226,CLI-0025,2026-02-04,SKU-005,253,Completed,46157.32
ORD-06227,CLI-0005,2026-02-04,SKU-011,55,Completed,3577.75
ORD-06228,CLI-0033,2026-02-04,SKU-007,108,Completed,9500.76
ORD-06229,CLI-0091,2026-02-04,SKU-018,119,Completed,5408.55
ORD-06230,CLI-0042,2026-02-04,SKU-H01,393,Completed,6276.21
ORD-06231,CLI-0096,2026-02-04,SKU-H01,287,Completed,4583.39
ORD-06232,CLI-0063,2026-02-04,SKU-H01,286,Completed,4567.42
ORD-06233,CLI-0009,2026-02-04,SKU-010,92,Completed,2265.96
ORD-06234,CLI-0071,2026-02-04,SKU-009,386,Completed,20639.42
ORD-06235,CLI-0032,2026-02-04,SKU-017,415,Completed,67520.5
ORD-06236,CLI-0057,2026-02-04,SKU-012,121,Completed,4916.2300000000005
ORD-06237,CLI-0061,2026-02-04,SKU-005,470,Completed,85746.8
ORD-06238,CLI-0021,2026-02-04,SKU-H01,137,Completed,2187.89
ORD-06239,CLI-0003,2026-02-04,SKU-015,360,Completed,46926.0
ORD-06240,CLI-0013,2026-02-04,SKU-002,140,Completed,18328.8
ORD-06241,CLI-0038,2026-02-04,SKU-009,113,Completed,6042.11
ORD-06242,CLI-0069,2026-02-04,SKU-011,429,Completed,27906.449999999997
ORD-06243,CLI-0051,2026-02-04,SKU-009,136,Completed,7271.92
ORD-06244,CLI-0010,2026-02-04,SKU-H01,393,Completed,6276.21
ORD-06245,CLI-0098,2026-02-04,SKU-003,55,Completed,3835.15
ORD-06246,CLI-0087,2026-02-04,SKU-006,189,Completed,10842.93
ORD-06247,CLI-0020,2026-02-04,SKU-015,275,Completed,35846.25
ORD-06248,CLI-0046,2026-02-04,SKU-003,141,Completed,9831.93
ORD-06249,CLI-0028,2026-02-04,SKU-017,415,Completed,67520.5
ORD-06250,CLI-0005,2026-02-04,SKU-003,395,Completed,27543.350000000002
ORD-06251,CLI-0028,2026-02-05,SKU-006,276,Completed,15834.119999999999
ORD-06252,CLI-0090,2026-02-05,SKU-014,74,Completed,12101.96
ORD-06253,CLI-0082,2026-02-05,SKU-007,465,Completed,40906.05
ORD-06254,CLI-0067,2026-02-05,SKU-019,378,Completed,67885.02
ORD-06255,CLI-0085,2026-02-05,SKU-009,416,Completed,22243.52
ORD-06256,CLI-0085,2026-02-05,SKU-005,102,Completed,18608.88
ORD-06257,CLI-0050,2026-02-05,SKU-H01,403,Completed,6435.91
ORD-06258,CLI-0040,2026-02-05,SKU-002,277,Completed,36264.84
ORD-06259,CLI-0007,2026-02-05,SKU-H01,356,Completed,5685.320000000001
ORD-06260,CLI-0001,2026-02-05,SKU-012,74,Completed,3006.6200000000003
ORD-06261,CLI-0099,2026-02-05,SKU-H01,243,Completed,3880.71
ORD-06262,CLI-0099,2026-02-05,SKU-H01,153,Completed,2443.4100000000003
ORD-06263,CLI-0032,2026-02-05,SKU-H01,241,Completed,3848.77
ORD-06264,CLI-0031,2026-02-05,SKU-H01,152,Completed,2427.44
ORD-06265,CLI-0012,2026-02-05,SKU-H01,58,Completed,926.26
ORD-06266,CLI-0054,2026-02-05,SKU-016,64,Completed,11237.12
ORD-06267,CLI-0002,2026-02-05,SKU-013,222,Completed,41434.079999999994
ORD-06268,CLI-0025,2026-02-05,SKU-012,398,Completed,16170.740000000002
ORD-06269,CLI-0086,2026-02-05,SKU-014,82,Completed,13410.279999999999
ORD-06270,CLI-0029,2026-02-05,SKU-H01,99,Completed,1581.03
ORD-06271,CLI-0086,2026-02-05,SKU-016,135,Completed,23703.300000000003
ORD-06272,CLI-0093,2026-02-05,SKU-H01,135,Completed,2155.9500000000003
ORD-06273,CLI-0006,2026-02-05,SKU-H01,262,Completed,4184.14
ORD-06274,CLI-0066,2026-02-05,SKU-007,105,Completed,9236.85
ORD-06275,CLI-0042,2026-02-05,SKU-H01,215,Completed,3433.55
ORD-06276,CLI-0072,2026-02-05,SKU-012,370,Completed,15033.1
ORD-06277,CLI-0025,2026-02-05,SKU-H01,369,Completed,5892.93
ORD-06278,CLI-0070,2026-02-06,SKU-013,252,Completed,47033.28
ORD-06279,CLI-0055,2026-02-06,SKU-004,111,Completed,11835.93
ORD-06280,CLI-0030,2026-02-06,SKU-H01,159,Completed,2539.23
ORD-06281,CLI-0014,2026-02-06,SKU-012,232,Completed,9426.16
ORD-06282,CLI-0042,2026-02-06,SKU-H01,138,Completed,2203.86
ORD-06283,CLI-0002,2026-02-06,SKU-004,255,Completed,27190.649999999998
ORD-06284,CLI-0084,2026-02-06,SKU-H01,211,Completed,3369.67
ORD-06285,CLI-0002,2026-02-06,SKU-008,249,Completed,38233.950000000004
ORD-06286,CLI-0028,2026-02-06,SKU-010,284,Completed,6994.92
ORD-06287,CLI-0029,2026-02-06,SKU-H01,83,Completed,1325.51
ORD-06288,CLI-0085,2026-02-06,SKU-018,467,Completed,21225.15
ORD-06289,CLI-0036,2026-02-06,SKU-016,382,Completed,67071.56
ORD-06290,CLI-0080,2026-02-06,SKU-011,238,Completed,15481.9
ORD-06291,CLI-0006,2026-02-06,SKU-011,84,Completed,5464.2
ORD-06292,CLI-0028,2026-02-06,SKU-H01,260,Completed,4152.2
ORD-06293,CLI-0039,2026-02-06,SKU-009,442,Completed,23633.739999999998
ORD-06294,CLI-0064,2026-02-07,SKU-H01,102,Completed,1628.94
ORD-06295,CLI-0092,2026-02-07,SKU-H01,324,Completed,5174.280000000001
ORD-06296,CLI-0022,2026-02-07,SKU-008,178,Completed,27331.9
ORD-06297,CLI-0013,2026-02-07,SKU-002,357,Completed,46738.439999999995
ORD-06298,CLI-0042,2026-02-07,SKU-H01,373,Completed,5956.81
ORD-06299,CLI-0090,2026-02-07,SKU-008,248,Completed,38080.4
ORD-06300,CLI-0087,2026-02-07,SKU-H01,444,Completed,7090.68
ORD-06301,CLI-0089,2026-02-07,SKU-H01,118,Completed,1884.46
ORD-06302,CLI-0043,2026-02-07,SKU-H01,139,Completed,2219.83
ORD-06303,CLI-0082,2026-02-07,SKU-005,439,Completed,80091.16
ORD-06304,CLI-0089,2026-02-07,SKU-008,212,Completed,32552.600000000002
ORD-06305,CLI-0086,2026-02-07,SKU-H01,296,Completed,4727.12
ORD-06306,CLI-0009,2026-02-07,SKU-011,221,Completed,14376.05
ORD-06307,CLI-0003,2026-02-07,SKU-H01,361,Completed,5765.17
ORD-06308,CLI-0075,2026-02-07,SKU-010,279,Completed,6871.7699999999995
ORD-06309,CLI-0049,2026-02-07,SKU-019,311,Completed,55852.49
ORD-06310,CLI-0082,2026-02-07,SKU-010,429,Completed,10566.27
ORD-06311,CLI-0030,2026-02-07,SKU-016,307,Completed,53903.060000000005
ORD-06312,CLI-0076,2026-02-07,SKU-018,410,Completed,18634.5
ORD-06313,CLI-0002,2026-02-07,SKU-004,169,Completed,18020.469999999998
ORD-06314,CLI-0003,2026-02-07,SKU-011,365,Completed,23743.25
ORD-06315,CLI-0098,2026-02-07,SKU-015,113,Completed,14729.55
ORD-06316,CLI-0040,2026-02-07,SKU-H01,171,Completed,2730.87
ORD-06317,CLI-0095,2026-02-07,SKU-H01,269,Completed,4295.93
ORD-06318,CLI-0097,2026-02-07,SKU-018,174,Completed,7908.3
ORD-06319,CLI-0080,2026-02-07,SKU-011,90,Completed,5854.5
ORD-06320,CLI-0008,2026-02-07,SKU-H01,120,Completed,1916.4
ORD-06321,CLI-0048,2026-02-07,SKU-003,305,Completed,21267.65
ORD-06322,CLI-0026,2026-02-08,SKU-014,127,Completed,20769.579999999998
ORD-06323,CLI-0049,2026-02-08,SKU-006,154,Completed,8834.98
ORD-06324,CLI-0083,2026-02-08,SKU-009,69,Completed,3689.43
ORD-06325,CLI-0031,2026-02-08,SKU-012,421,Completed,17105.23
ORD-06326,CLI-0077,2026-02-08,SKU-008,277,Completed,42533.350000000006
ORD-06327,CLI-0095,2026-02-08,SKU-006,499,Completed,28627.629999999997
ORD-06328,CLI-0043,2026-02-08,SKU-012,118,Completed,4794.34
ORD-06329,CLI-0036,2026-02-08,SKU-011,212,Completed,13790.599999999999
ORD-06330,CLI-0083,2026-02-08,SKU-009,452,Completed,24168.44
ORD-06331,CLI-0098,2026-02-08,SKU-H01,70,Completed,1117.9
ORD-06332,CLI-0067,2026-02-08,SKU-002,455,Completed,59568.59999999999
ORD-06333,CLI-0054,2026-02-08,SKU-019,381,Completed,68423.79000000001
ORD-06334,CLI-0037,2026-02-08,SKU-H01,434,Completed,6930.9800000000005
ORD-06335,CLI-0004,2026-02-08,SKU-H01,167,Completed,2666.9900000000002
ORD-06336,CLI-0094,2026-02-08,SKU-004,219,Completed,23351.969999999998
ORD-06337,CLI-0044,2026-02-08,SKU-015,174,Completed,22680.899999999998
ORD-06338,CLI-0027,2026-02-08,SKU-H01,326,Completed,5206.22
ORD-06339,CLI-0007,2026-02-08,SKU-H01,390,Completed,6228.3
ORD-06340,CLI-0032,2026-02-08,SKU-H01,460,Completed,7346.200000000001
ORD-06341,CLI-0078,2026-02-09,SKU-011,496,Completed,32264.8
ORD-06342,CLI-0049,2026-02-09,SKU-H01,316,Completed,5046.52
ORD-06343,CLI-0042,2026-02-09,SKU-H01,143,Completed,2283.71
ORD-06344,CLI-0057,2026-02-09,SKU-003,372,Completed,25939.56
ORD-06345,CLI-0001,2026-02-09,SKU-016,83,Completed,14573.140000000001
ORD-06346,CLI-0063,2026-02-09,SKU-002,85,Completed,11128.199999999999
ORD-06347,CLI-0025,2026-02-09,SKU-H01,76,Completed,1213.72
ORD-06348,CLI-0082,2026-02-09,SKU-005,122,Completed,22257.68
ORD-06349,CLI-0027,2026-02-09,SKU-019,114,Completed,20473.260000000002
ORD-06350,CLI-0012,2026-02-09,SKU-008,138,Completed,21189.9
ORD-06351,CLI-0076,2026-02-09,SKU-019,331,Completed,59444.29
ORD-06352,CLI-0027,2026-02-09,SKU-015,170,Completed,22159.5
ORD-06353,CLI-0065,2026-02-09,SKU-H01,90,Completed,1437.3
ORD-06354,CLI-0055,2026-02-09,SKU-009,421,Completed,22510.87
ORD-06355,CLI-0060,2026-02-09,SKU-H01,209,Completed,3337.73
ORD-06356,CLI-0022,2026-02-09,SKU-006,419,Completed,24038.03
ORD-06357,CLI-0026,2026-02-09,SKU-H01,175,Completed,2794.75
ORD-06358,CLI-0023,2026-02-10,SKU-H01,360,Completed,5749.2
ORD-06359,CLI-0032,2026-02-10,SKU-017,205,Completed,33353.5
ORD-06360,CLI-0037,2026-02-10,SKU-H01,345,Completed,5509.650000000001
ORD-06361,CLI-0058,2026-02-10,SKU-016,375,Completed,65842.5
ORD-06362,CLI-0026,2026-02-10,SKU-H01,189,Completed,3018.33
ORD-06363,CLI-0062,2026-02-10,SKU-H01,90,Completed,1437.3
ORD-06364,CLI-0047,2026-02-10,SKU-015,253,Completed,32978.549999999996
ORD-06365,CLI-0049,2026-02-10,SKU-009,135,Completed,7218.45
ORD-06366,CLI-0061,2026-02-10,SKU-012,275,Completed,11173.25
ORD-06367,CLI-0055,2026-02-10,SKU-H01,308,Completed,4918.76
ORD-06368,CLI-0079,2026-02-10,SKU-006,426,Completed,24439.62
ORD-06369,CLI-0056,2026-02-10,SKU-012,439,Completed,17836.57
ORD-06370,CLI-0020,2026-02-10,SKU-008,469,Completed,72014.95000000001
ORD-06371,CLI-0062,2026-02-10,SKU-004,60,Completed,6397.799999999999
ORD-06372,CLI-0098,2026-02-10,SKU-019,245,Completed,43999.55
ORD-06373,CLI-0055,2026-02-10,SKU-010,487,Completed,11994.81
ORD-06374,CLI-0011,2026-02-10,SKU-017,438,Completed,71262.59999999999
ORD-06375,CLI-0039,2026-02-10,SKU-012,354,Completed,14383.02
ORD-06376,CLI-0069,2026-02-10,SKU-012,128,Completed,5200.64
ORD-06377,CLI-0071,2026-02-10,SKU-H01,422,Completed,6739.34
ORD-06378,CLI-0023,2026-02-10,SKU-H01,181,Completed,2890.57
ORD-06379,CLI-0049,2026-02-10,SKU-015,287,Completed,37410.45
ORD-06380,CLI-0040,2026-02-10,SKU-H01,282,Completed,4503.54
ORD-06381,CLI-0049,2026-02-11,SKU-H01,337,Completed,5381.89
ORD-06382,CLI-0078,2026-02-11,SKU-H01,296,Completed,4727.12
ORD-06383,CLI-0010,2026-02-11,SKU-H01,220,Completed,3513.4
ORD-06384,CLI-0018,2026-02-11,SKU-018,416,Completed,18907.2
ORD-06385,CLI-0061,2026-02-11,SKU-016,150,Completed,26337.000000000004
ORD-06386,CLI-0020,2026-02-11,SKU-005,147,Completed,26818.68
ORD-06387,CLI-0001,2026-02-11,SKU-H01,56,Completed,894.32
ORD-06388,CLI-0065,2026-02-11,SKU-011,423,Completed,27516.149999999998
ORD-06389,CLI-0093,2026-02-11,SKU-008,241,Completed,37005.55
ORD-06390,CLI-0063,2026-02-11,SKU-019,257,Completed,46154.63
ORD-06391,CLI-0054,2026-02-11,SKU-006,252,Completed,14457.24
ORD-06392,CLI-0096,2026-02-11,SKU-H01,241,Completed,3848.77
ORD-06393,CLI-0050,2026-02-11,SKU-005,300,Completed,54732.0
ORD-06394,CLI-0040,2026-02-11,SKU-019,378,Completed,67885.02
ORD-06395,CLI-0076,2026-02-11,SKU-011,86,Completed,5594.3
ORD-06396,CLI-0053,2026-02-11,SKU-010,69,Completed,1699.47
ORD-06397,CLI-0016,2026-02-11,SKU-H01,247,Completed,3944.59
ORD-06398,CLI-0073,2026-02-11,SKU-012,133,Completed,5403.79
ORD-06399,CLI-0025,2026-02-11,SKU-012,440,Completed,17877.2
ORD-06400,CLI-0033,2026-02-12,SKU-H01,444,Completed,7090.68
ORD-06401,CLI-0097,2026-02-12,SKU-004,419,Completed,44677.97
ORD-06402,CLI-0045,2026-02-12,SKU-H01,310,Completed,4950.7
ORD-06403,CLI-0091,2026-02-12,SKU-H01,300,Completed,4791.0
ORD-06404,CLI-0082,2026-02-12,SKU-H01,402,Completed,6419.9400000000005
ORD-06405,CLI-0048,2026-02-12,SKU-H01,406,Completed,6483.820000000001
ORD-06406,CLI-0008,2026-02-12,SKU-006,383,Completed,21972.71
ORD-06407,CLI-0050,2026-02-12,SKU-H01,267,Completed,4263.99
ORD-06408,CLI-0095,2026-02-12,SKU-H01,176,Completed,2810.7200000000003
ORD-06409,CLI-0032,2026-02-12,SKU-016,294,Completed,51620.520000000004
ORD-06410,CLI-0005,2026-02-12,SKU-007,466,Completed,40994.02
ORD-06411,CLI-0047,2026-02-12,SKU-008,373,Completed,57274.15
ORD-06412,CLI-0091,2026-02-12,SKU-002,396,Completed,51844.31999999999
ORD-06413,CLI-0004,2026-02-12,SKU-010,407,Completed,10024.41
ORD-06414,CLI-0086,2026-02-12,SKU-H01,380,Completed,6068.6
ORD-06415,CLI-0019,2026-02-12,SKU-014,183,Completed,29927.82
ORD-06416,CLI-0078,2026-02-12,SKU-H01,283,Completed,4519.51
ORD-06417,CLI-0088,2026-02-12,SKU-009,125,Completed,6683.75
ORD-06418,CLI-0033,2026-02-12,SKU-H01,176,Completed,2810.7200000000003
ORD-06419,CLI-0078,2026-02-12,SKU-012,346,Completed,14057.980000000001
ORD-06420,CLI-0085,2026-02-12,SKU-006,480,Completed,27537.6
ORD-06421,CLI-0021,2026-02-12,SKU-003,56,Completed,3904.88
ORD-06422,CLI-0015,2026-02-12,SKU-H01,444,Completed,7090.68
ORD-06423,CLI-0083,2026-02-13,SKU-009,414,Completed,22136.579999999998
ORD-06424,CLI-0050,2026-02-13,SKU-019,253,Completed,45436.270000000004
ORD-06425,CLI-0091,2026-02-13,SKU-014,350,Completed,57239.0
ORD-06426,CLI-0011,2026-02-13,SKU-H01,315,Completed,5030.55
ORD-06427,CLI-0025,2026-02-13,SKU-H01,498,Completed,7953.06
ORD-06428,CLI-0055,2026-02-13,SKU-018,134,Completed,6090.3
ORD-06429,CLI-0055,2026-02-13,SKU-005,179,Completed,32656.76
ORD-06430,CLI-0089,2026-02-13,SKU-009,204,Completed,10907.88
ORD-06431,CLI-0065,2026-02-13,SKU-017,322,Completed,52389.399999999994
ORD-06432,CLI-0085,2026-02-13,SKU-016,245,Completed,43017.100000000006
ORD-06433,CLI-0076,2026-02-13,SKU-005,207,Completed,37765.08
ORD-06434,CLI-0094,2026-02-13,SKU-003,260,Completed,18129.8
ORD-06435,CLI-0014,2026-02-14,SKU-H01,375,Completed,5988.75
ORD-06436,CLI-0074,2026-02-14,SKU-011,447,Completed,29077.35
ORD-06437,CLI-0045,2026-02-14,SKU-H01,466,Completed,7442.02
ORD-06438,CLI-0019,2026-02-14,SKU-H01,187,Completed,2986.3900000000003
ORD-06439,CLI-0096,2026-02-14,SKU-H01,157,Completed,2507.29
ORD-06440,CLI-0096,2026-02-14,SKU-H01,253,Completed,4040.4100000000003
ORD-06441,CLI-0090,2026-02-14,SKU-011,207,Completed,13465.349999999999
ORD-06442,CLI-0022,2026-02-14,SKU-008,467,Completed,71707.85
ORD-06443,CLI-0063,2026-02-14,SKU-004,50,Completed,5331.5
ORD-06444,CLI-0013,2026-02-14,SKU-H01,85,Completed,1357.45
ORD-06445,CLI-0100,2026-02-14,SKU-017,406,Completed,66056.2
ORD-06446,CLI-0068,2026-02-15,SKU-H01,263,Completed,4200.110000000001
ORD-06447,CLI-0084,2026-02-15,SKU-013,197,Completed,36768.079999999994
ORD-06448,CLI-0094,2026-02-15,SKU-017,270,Completed,43929.0
ORD-06449,CLI-0022,2026-02-15,SKU-003,140,Completed,9762.2
ORD-06450,CLI-0048,2026-02-15,SKU-006,145,Completed,8318.65
ORD-06451,CLI-0091,2026-02-15,SKU-018,118,Completed,5363.1
ORD-06452,CLI-0026,2026-02-15,SKU-H01,299,Completed,4775.03
ORD-06453,CLI-0024,2026-02-15,SKU-005,307,Completed,56009.08
ORD-06454,CLI-0015,2026-02-15,SKU-004,280,Completed,29856.399999999998
ORD-06455,CLI-0073,2026-02-15,SKU-H01,466,Completed,7442.02
ORD-06456,CLI-0028,2026-02-15,SKU-014,145,Completed,23713.3
ORD-06457,CLI-0026,2026-02-15,SKU-017,80,Completed,13016.0
ORD-06458,CLI-0096,2026-02-15,SKU-013,143,Completed,26689.519999999997
ORD-06459,CLI-0098,2026-02-15,SKU-H01,148,Completed,2363.56
ORD-06460,CLI-0034,2026-02-15,SKU-H01,496,Completed,7921.12
ORD-06461,CLI-0053,2026-02-15,SKU-008,275,Completed,42226.25
ORD-06462,CLI-0081,2026-02-15,SKU-H01,369,Completed,5892.93
ORD-06463,CLI-0014,2026-02-15,SKU-010,494,Completed,12167.22
ORD-06464,CLI-0082,2026-02-15,SKU-005,135,Completed,24629.4
ORD-06465,CLI-0011,2026-02-15,SKU-010,200,Completed,4926.0
ORD-06466,CLI-0011,2026-02-15,SKU-007,243,Completed,21376.71
ORD-06467,CLI-0016,2026-02-15,SKU-002,191,Completed,25005.719999999998
ORD-06468,CLI-0009,2026-02-15,SKU-H01,225,Completed,3593.25
ORD-06469,CLI-0075,2026-02-16,SKU-H01,170,Completed,2714.9
ORD-06470,CLI-0062,2026-02-16,SKU-005,298,Completed,54367.12
ORD-06471,CLI-0087,2026-02-16,SKU-009,439,Completed,23473.329999999998
ORD-06472,CLI-0013,2026-02-16,SKU-013,54,Completed,10078.56
ORD-06473,CLI-0008,2026-02-16,SKU-013,186,Completed,34715.04
ORD-06474,CLI-0097,2026-02-16,SKU-019,53,Completed,9518.27
ORD-06475,CLI-0086,2026-02-16,SKU-H01,348,Completed,5557.56
ORD-06476,CLI-0006,2026-02-16,SKU-H01,99,Completed,1581.03
ORD-06477,CLI-0028,2026-02-16,SKU-H01,317,Completed,5062.49
ORD-06478,CLI-0078,2026-02-17,SKU-012,316,Completed,12839.08
ORD-06479,CLI-0098,2026-02-17,SKU-003,186,Completed,12969.78
ORD-06480,CLI-0063,2026-02-17,SKU-014,292,Completed,47753.68
ORD-06481,CLI-0097,2026-02-17,SKU-006,222,Completed,12736.14
ORD-06482,CLI-0078,2026-02-17,SKU-018,269,Completed,12226.050000000001
ORD-06483,CLI-0044,2026-02-17,SKU-018,239,Completed,10862.550000000001
ORD-06484,CLI-0088,2026-02-17,SKU-H01,225,Completed,3593.25
ORD-06485,CLI-0041,2026-02-17,SKU-003,468,Completed,32633.640000000003
ORD-06486,CLI-0031,2026-02-17,SKU-008,234,Completed,35930.700000000004
ORD-06487,CLI-0086,2026-02-17,SKU-H01,254,Completed,4056.38
ORD-06488,CLI-0049,2026-02-17,SKU-002,362,Completed,47393.03999999999
ORD-06489,CLI-0008,2026-02-17,SKU-010,232,Completed,5714.16
ORD-06490,CLI-0043,2026-02-17,SKU-H01,462,Completed,7378.14
ORD-06491,CLI-0013,2026-02-17,SKU-008,51,Completed,7831.05
ORD-06492,CLI-0059,2026-02-17,SKU-011,495,Completed,32199.75
ORD-06493,CLI-0090,2026-02-17,SKU-H01,255,Completed,4072.3500000000004
ORD-06494,CLI-0093,2026-02-17,SKU-004,477,Completed,50862.509999999995
ORD-06495,CLI-0018,2026-02-17,SKU-H01,63,Completed,1006.11
ORD-06496,CLI-0078,2026-02-17,SKU-011,112,Completed,7285.599999999999
ORD-06497,CLI-0068,2026-02-17,SKU-H01,193,Completed,3082.21
ORD-06498,CLI-0090,2026-02-17,SKU-017,434,Completed,70611.79999999999
ORD-06499,CLI-0032,2026-02-17,SKU-002,238,Completed,31158.959999999995
ORD-06500,CLI-0080,2026-02-18,SKU-H01,401,Completed,6403.97
ORD-06501,CLI-0085,2026-02-18,SKU-003,495,Completed,34516.35
ORD-06502,CLI-0061,2026-02-18,SKU-002,313,Completed,40977.96
ORD-06503,CLI-0053,2026-02-18,SKU-002,388,Completed,50796.95999999999
ORD-06504,CLI-0025,2026-02-18,SKU-007,51,Completed,4486.47
ORD-06505,CLI-0082,2026-02-18,SKU-005,466,Completed,85017.04
ORD-06506,CLI-0042,2026-02-18,SKU-H01,58,Completed,926.26
ORD-06507,CLI-0082,2026-02-18,SKU-H01,234,Completed,3736.98
ORD-06508,CLI-0006,2026-02-18,SKU-012,463,Completed,18811.690000000002
ORD-06509,CLI-0095,2026-02-18,SKU-006,216,Completed,12391.92
ORD-06510,CLI-0087,2026-02-18,SKU-H01,277,Completed,4423.6900000000005
ORD-06511,CLI-0030,2026-02-18,SKU-014,360,Completed,58874.399999999994
ORD-06512,CLI-0063,2026-02-18,SKU-H01,254,Completed,4056.38
ORD-06513,CLI-0095,2026-02-18,SKU-014,363,Completed,59365.02
ORD-06514,CLI-0011,2026-02-18,SKU-H01,228,Completed,3641.1600000000003
ORD-06515,CLI-0055,2026-02-18,SKU-H01,293,Completed,4679.21
ORD-06516,CLI-0085,2026-02-18,SKU-018,488,Completed,22179.600000000002
ORD-06517,CLI-0090,2026-02-18,SKU-H01,101,Completed,1612.97
ORD-06518,CLI-0094,2026-02-18,SKU-013,247,Completed,46100.079999999994
ORD-06519,CLI-0038,2026-02-18,SKU-H01,360,Completed,5749.2
ORD-06520,CLI-0025,2026-02-18,SKU-009,414,Completed,22136.579999999998
ORD-06521,CLI-0019,2026-02-18,SKU-016,495,Completed,86912.1
ORD-06522,CLI-0067,2026-02-18,SKU-H01,498,Completed,7953.06
ORD-06523,CLI-0074,2026-02-18,SKU-015,451,Completed,58787.85
ORD-06524,CLI-0005,2026-02-19,SKU-007,115,Completed,10116.55
ORD-06525,CLI-0064,2026-02-19,SKU-008,457,Completed,70172.35
ORD-06526,CLI-0012,2026-02-19,SKU-005,204,Completed,37217.76
ORD-06527,CLI-0087,2026-02-19,SKU-016,330,Completed,57941.4
ORD-06528,CLI-0060,2026-02-19,SKU-H01,136,Completed,2171.92
ORD-06529,CLI-0058,2026-02-19,SKU-H01,109,Completed,1740.73
ORD-06530,CLI-0062,2026-02-19,SKU-016,389,Completed,68300.62000000001
ORD-06531,CLI-0070,2026-02-19,SKU-012,173,Completed,7028.990000000001
ORD-06532,CLI-0032,2026-02-19,SKU-H01,158,Completed,2523.26
ORD-06533,CLI-0022,2026-02-19,SKU-005,435,Completed,79361.4
ORD-06534,CLI-0085,2026-02-19,SKU-005,408,Completed,74435.52
ORD-06535,CLI-0012,2026-02-19,SKU-002,104,Completed,13615.679999999998
ORD-06536,CLI-0056,2026-02-19,SKU-H01,416,Completed,6643.52
ORD-06537,CLI-0004,2026-02-19,SKU-010,132,Completed,3251.16
ORD-06538,CLI-0042,2026-02-19,SKU-H01,246,Completed,3928.6200000000003
ORD-06539,CLI-0099,2026-02-19,SKU-014,193,Completed,31563.219999999998
ORD-06540,CLI-0029,2026-02-19,SKU-014,418,Completed,68359.72
ORD-06541,CLI-0033,2026-02-19,SKU-002,390,Completed,51058.799999999996
ORD-06542,CLI-0061,2026-02-19,SKU-H01,393,Completed,6276.21
ORD-06543,CLI-0016,2026-02-19,SKU-H01,390,Completed,6228.3
ORD-06544,CLI-0018,2026-02-19,SKU-004,323,Completed,34441.49
ORD-06545,CLI-0082,2026-02-19,SKU-011,421,Completed,27386.05
ORD-06546,CLI-0063,2026-02-19,SKU-H01,96,Completed,1533.1200000000001
ORD-06547,CLI-0089,2026-02-19,SKU-008,220,Completed,33781.0
ORD-06548,CLI-0029,2026-02-19,SKU-H01,344,Completed,5493.68
ORD-06549,CLI-0099,2026-02-19,SKU-H01,357,Completed,5701.29
ORD-06550,CLI-0083,2026-02-20,SKU-H01,225,Completed,3593.25
ORD-06551,CLI-0049,2026-02-20,SKU-H01,417,Completed,6659.490000000001
ORD-06552,CLI-0096,2026-02-20,SKU-H01,426,Completed,6803.22
ORD-06553,CLI-0093,2026-02-20,SKU-002,245,Completed,32075.399999999998
ORD-06554,CLI-0084,2026-02-20,SKU-015,378,Completed,49272.299999999996
ORD-06555,CLI-0072,2026-02-20,SKU-014,488,Completed,79807.51999999999
ORD-06556,CLI-0056,2026-02-20,SKU-H01,463,Completed,7394.110000000001
ORD-06557,CLI-0030,2026-02-20,SKU-H01,164,Completed,2619.08
ORD-06558,CLI-0034,2026-02-20,SKU-H01,109,Completed,1740.73
ORD-06559,CLI-0038,2026-02-20,SKU-H01,94,Completed,1501.18
ORD-06560,CLI-0015,2026-02-20,SKU-004,95,Completed,10129.85
ORD-06561,CLI-0044,2026-02-20,SKU-003,429,Completed,29914.170000000002
ORD-06562,CLI-0025,2026-02-21,SKU-H01,431,Completed,6883.070000000001
ORD-06563,CLI-0015,2026-02-21,SKU-H01,343,Completed,5477.71
ORD-06564,CLI-0048,2026-02-21,SKU-H01,115,Completed,1836.5500000000002
ORD-06565,CLI-0041,2026-02-21,SKU-H01,244,Completed,3896.6800000000003
ORD-06566,CLI-0074,2026-02-21,SKU-011,427,Completed,27776.35
ORD-06567,CLI-0040,2026-02-21,SKU-H01,81,Completed,1293.5700000000002
ORD-06568,CLI-0076,2026-02-21,SKU-004,324,Completed,34548.119999999995
ORD-06569,CLI-0025,2026-02-21,SKU-007,483,Completed,42489.51
ORD-06570,CLI-0050,2026-02-21,SKU-016,266,Completed,46704.280000000006
ORD-06571,CLI-0041,2026-02-21,SKU-016,444,Completed,77957.52
ORD-06572,CLI-0047,2026-02-21,SKU-012,458,Completed,18608.54
ORD-06573,CLI-0087,2026-02-21,SKU-H01,457,Completed,7298.29
ORD-06574,CLI-0017,2026-02-21,SKU-007,316,Completed,27798.52
ORD-06575,CLI-0085,2026-02-21,SKU-013,358,Completed,66817.12
ORD-06576,CLI-0076,2026-02-21,SKU-H01,163,Completed,2603.11
ORD-06577,CLI-0014,2026-02-21,SKU-006,252,Completed,14457.24
ORD-06578,CLI-0002,2026-02-21,SKU-015,325,Completed,42363.75
ORD-06579,CLI-0059,2026-02-21,SKU-004,211,Completed,22498.93
ORD-06580,CLI-0019,2026-02-21,SKU-H01,467,Completed,7457.990000000001
ORD-06581,CLI-0038,2026-02-21,SKU-H01,478,Completed,7633.66
ORD-06582,CLI-0029,2026-02-21,SKU-002,305,Completed,39930.6
ORD-06583,CLI-0088,2026-02-21,SKU-H01,283,Completed,4519.51
ORD-06584,CLI-0019,2026-02-21,SKU-010,357,Completed,8792.91
ORD-06585,CLI-0037,2026-02-21,SKU-011,124,Completed,8066.2
ORD-06586,CLI-0096,2026-02-21,SKU-H01,390,Completed,6228.3
ORD-06587,CLI-0090,2026-02-21,SKU-016,67,Completed,11763.86
ORD-06588,CLI-0077,2026-02-21,SKU-003,213,Completed,14852.490000000002
ORD-06589,CLI-0065,2026-02-22,SKU-H01,402,Completed,6419.9400000000005
ORD-06590,CLI-0016,2026-02-22,SKU-013,190,Completed,35461.6
ORD-06591,CLI-0091,2026-02-22,SKU-013,343,Completed,64017.52
ORD-06592,CLI-0062,2026-02-22,SKU-009,373,Completed,19944.31
ORD-06593,CLI-0028,2026-02-22,SKU-015,303,Completed,39496.049999999996
ORD-06594,CLI-0038,2026-02-22,SKU-012,410,Completed,16658.3
ORD-06595,CLI-0049,2026-02-22,SKU-016,80,Completed,14046.400000000001
ORD-06596,CLI-0043,2026-02-22,SKU-003,128,Completed,8925.44
ORD-06597,CLI-0092,2026-02-22,SKU-012,157,Completed,6378.910000000001
ORD-06598,CLI-0029,2026-02-22,SKU-011,408,Completed,26540.399999999998
ORD-06599,CLI-0095,2026-02-22,SKU-H01,76,Completed,1213.72
ORD-06600,CLI-0100,2026-02-22,SKU-005,141,Completed,25724.04
ORD-06601,CLI-0063,2026-02-22,SKU-007,422,Completed,37123.34
ORD-06602,CLI-0051,2026-02-22,SKU-H01,203,Completed,3241.9100000000003
ORD-06603,CLI-0085,2026-02-22,SKU-019,484,Completed,86921.56
ORD-06604,CLI-0021,2026-02-22,SKU-H01,61,Completed,974.1700000000001
ORD-06605,CLI-0071,2026-02-22,SKU-H01,250,Completed,3992.5
ORD-06606,CLI-0044,2026-02-22,SKU-017,266,Completed,43278.2
ORD-06607,CLI-0045,2026-02-23,SKU-003,437,Completed,30472.010000000002
ORD-06608,CLI-0051,2026-02-23,SKU-H01,250,Completed,3992.5
ORD-06609,CLI-0010,2026-02-23,SKU-008,320,Completed,49136.0
ORD-06610,CLI-0094,2026-02-23,SKU-008,194,Completed,29788.7
ORD-06611,CLI-0037,2026-02-23,SKU-H01,406,Completed,6483.820000000001
ORD-06612,CLI-0025,2026-02-23,SKU-019,408,Completed,73272.72
ORD-06613,CLI-0071,2026-02-23,SKU-006,251,Completed,14399.869999999999
ORD-06614,CLI-0013,2026-02-23,SKU-006,117,Completed,6712.29
ORD-06615,CLI-0042,2026-02-23,SKU-005,435,Completed,79361.4
ORD-06616,CLI-0075,2026-02-23,SKU-008,493,Completed,75700.15000000001
ORD-06617,CLI-0007,2026-02-23,SKU-H01,485,Completed,7745.450000000001
ORD-06618,CLI-0091,2026-02-23,SKU-H01,205,Completed,3273.85
ORD-06619,CLI-0059,2026-02-23,SKU-005,385,Completed,70239.4
ORD-06620,CLI-0021,2026-02-23,SKU-014,345,Completed,56421.299999999996
ORD-06621,CLI-0018,2026-02-23,SKU-H01,276,Completed,4407.72
ORD-06622,CLI-0090,2026-02-23,SKU-008,297,Completed,45604.350000000006
ORD-06623,CLI-0038,2026-02-23,SKU-014,124,Completed,20278.96
ORD-06624,CLI-0027,2026-02-23,SKU-H01,161,Completed,2571.17
ORD-06625,CLI-0096,2026-02-23,SKU-H01,150,Completed,2395.5
ORD-06626,CLI-0095,2026-02-23,SKU-H01,383,Completed,6116.51
ORD-06627,CLI-0002,2026-02-23,SKU-007,235,Completed,20672.95
ORD-06628,CLI-0093,2026-02-23,SKU-H01,488,Completed,7793.360000000001
ORD-06629,CLI-0074,2026-02-23,SKU-002,102,Completed,13353.839999999998
ORD-06630,CLI-0087,2026-02-23,SKU-006,452,Completed,25931.239999999998
ORD-06631,CLI-0019,2026-02-23,SKU-008,242,Completed,37159.100000000006
ORD-06632,CLI-0087,2026-02-24,SKU-H01,480,Completed,7665.6
ORD-06633,CLI-0022,2026-02-24,SKU-002,78,Completed,10211.759999999998
ORD-06634,CLI-0013,2026-02-24,SKU-013,232,Completed,43300.479999999996
ORD-06635,CLI-0061,2026-02-24,SKU-018,141,Completed,6408.450000000001
ORD-06636,CLI-0007,2026-02-24,SKU-016,110,Completed,19313.800000000003
ORD-06637,CLI-0066,2026-02-24,SKU-007,382,Completed,33604.54
ORD-06638,CLI-0044,2026-02-24,SKU-002,353,Completed,46214.759999999995
ORD-06639,CLI-0056,2026-02-24,SKU-H01,126,Completed,2012.22
ORD-06640,CLI-0081,2026-02-24,SKU-H01,419,Completed,6691.43
ORD-06641,CLI-0052,2026-02-24,SKU-H01,175,Completed,2794.75
ORD-06642,CLI-0005,2026-02-24,SKU-010,110,Completed,2709.2999999999997
ORD-06643,CLI-0031,2026-02-24,SKU-H01,253,Completed,4040.4100000000003
ORD-06644,CLI-0063,2026-02-24,SKU-H01,204,Completed,3257.88
ORD-06645,CLI-0077,2026-02-24,SKU-H01,138,Completed,2203.86
ORD-06646,CLI-0084,2026-02-24,SKU-H01,431,Completed,6883.070000000001
ORD-06647,CLI-0049,2026-02-24,SKU-H01,447,Completed,7138.59
ORD-06648,CLI-0089,2026-02-24,SKU-007,457,Completed,40202.29
ORD-06649,CLI-0086,2026-02-24,SKU-008,387,Completed,59423.850000000006
ORD-06650,CLI-0012,2026-02-24,SKU-H01,448,Completed,7154.56
ORD-06651,CLI-0060,2026-02-24,SKU-006,492,Completed,28226.039999999997
ORD-06652,CLI-0084,2026-02-24,SKU-013,245,Completed,45726.799999999996
ORD-06653,CLI-0036,2026-02-24,SKU-014,373,Completed,61000.42
ORD-06654,CLI-0057,2026-02-25,SKU-019,238,Completed,42742.42
ORD-06655,CLI-0002,2026-02-25,SKU-014,111,Completed,18152.94
ORD-06656,CLI-0015,2026-02-25,SKU-007,92,Completed,8093.24
ORD-06657,CLI-0016,2026-02-25,SKU-H01,300,Completed,4791.0
ORD-06658,CLI-0083,2026-02-25,SKU-H01,392,Completed,6260.240000000001
ORD-06659,CLI-0066,2026-02-25,SKU-H01,165,Completed,2635.05
ORD-06660,CLI-0003,2026-02-25,SKU-010,350,Completed,8620.5
ORD-06661,CLI-0074,2026-02-25,SKU-014,343,Completed,56094.219999999994
ORD-06662,CLI-0062,2026-02-25,SKU-005,190,Completed,34663.6
ORD-06663,CLI-0089,2026-02-25,SKU-H01,431,Completed,6883.070000000001
ORD-06664,CLI-0013,2026-02-25,SKU-006,456,Completed,26160.719999999998
ORD-06665,CLI-0076,2026-02-25,SKU-018,142,Completed,6453.900000000001
ORD-06666,CLI-0050,2026-02-25,SKU-008,297,Completed,45604.350000000006
ORD-06667,CLI-0083,2026-02-25,SKU-014,409,Completed,66887.86
ORD-06668,CLI-0056,2026-02-25,SKU-014,202,Completed,33035.08
ORD-06669,CLI-0074,2026-02-25,SKU-018,114,Completed,5181.3
ORD-06670,CLI-0013,2026-02-25,SKU-013,216,Completed,40314.24
ORD-06671,CLI-0009,2026-02-25,SKU-012,415,Completed,16861.45
ORD-06672,CLI-0069,2026-02-25,SKU-H01,144,Completed,2299.6800000000003
ORD-06673,CLI-0052,2026-02-25,SKU-H01,466,Completed,7442.02
ORD-06674,CLI-0090,2026-02-25,SKU-005,60,Completed,10946.4
ORD-06675,CLI-0051,2026-02-25,SKU-H01,334,Completed,5333.9800000000005
ORD-06676,CLI-0069,2026-02-25,SKU-019,451,Completed,80995.09
ORD-06677,CLI-0068,2026-02-25,SKU-H01,300,Completed,4791.0
ORD-06678,CLI-0009,2026-02-25,SKU-015,315,Completed,41060.25
ORD-06679,CLI-0075,2026-02-25,SKU-H01,325,Completed,5190.25
ORD-06680,CLI-0092,2026-02-25,SKU-H01,469,Completed,7489.93
ORD-06681,CLI-0084,2026-02-25,SKU-018,113,Completed,5135.85
ORD-06682,CLI-0097,2026-02-25,SKU-H01,435,Completed,6946.950000000001
ORD-06683,CLI-0027,2026-02-25,SKU-H01,387,Completed,6180.39
ORD-06684,CLI-0024,2026-02-26,SKU-H01,491,Completed,7841.27
ORD-06685,CLI-0077,2026-02-26,SKU-010,405,Completed,9975.15
ORD-06686,CLI-0024,2026-02-26,SKU-H01,52,Completed,830.44
ORD-06687,CLI-0072,2026-02-26,SKU-007,278,Completed,24455.66
ORD-06688,CLI-0041,2026-02-26,SKU-007,112,Completed,9852.64
ORD-06689,CLI-0006,2026-02-26,SKU-011,115,Completed,7480.75
ORD-06690,CLI-0074,2026-02-26,SKU-012,155,Completed,6297.650000000001
ORD-06691,CLI-0084,2026-02-26,SKU-005,132,Completed,24082.079999999998
ORD-06692,CLI-0012,2026-02-26,SKU-H01,337,Completed,5381.89
ORD-06693,CLI-0033,2026-02-26,SKU-015,485,Completed,63219.75
ORD-06694,CLI-0097,2026-02-26,SKU-H01,67,Completed,1069.99
ORD-06695,CLI-0011,2026-02-26,SKU-005,113,Completed,20615.72
ORD-06696,CLI-0065,2026-02-26,SKU-002,202,Completed,26445.839999999997
ORD-06697,CLI-0070,2026-02-27,SKU-015,137,Completed,17857.95
ORD-06698,CLI-0055,2026-02-27,SKU-002,386,Completed,50535.119999999995
ORD-06699,CLI-0032,2026-02-27,SKU-H01,203,Completed,3241.9100000000003
ORD-06700,CLI-0006,2026-02-27,SKU-010,315,Completed,7758.45
ORD-06701,CLI-0038,2026-02-27,SKU-008,387,Completed,59423.850000000006
ORD-06702,CLI-0069,2026-02-27,SKU-H01,277,Completed,4423.6900000000005
ORD-06703,CLI-0018,2026-02-27,SKU-005,345,Completed,62941.799999999996
ORD-06704,CLI-0063,2026-02-27,SKU-012,405,Completed,16455.15
ORD-06705,CLI-0067,2026-02-27,SKU-008,230,Completed,35316.5
ORD-06706,CLI-0078,2026-02-27,SKU-H01,325,Completed,5190.25
ORD-06707,CLI-0066,2026-02-27,SKU-H01,157,Completed,2507.29
ORD-06708,CLI-0089,2026-02-27,SKU-016,100,Completed,17558.0
ORD-06709,CLI-0085,2026-02-27,SKU-014,469,Completed,76700.26
ORD-06710,CLI-0006,2026-02-27,SKU-H01,171,Completed,2730.87
ORD-06711,CLI-0005,2026-02-27,SKU-H01,146,Completed,2331.62
ORD-06712,CLI-0019,2026-02-27,SKU-011,203,Completed,13205.15
ORD-06713,CLI-0028,2026-02-27,SKU-H01,118,Completed,1884.46
ORD-06714,CLI-0078,2026-02-27,SKU-H01,332,Completed,5302.04
ORD-06715,CLI-0028,2026-02-27,SKU-H01,352,Completed,5621.4400000000005
ORD-06716,CLI-0036,2026-02-28,SKU-H01,115,Completed,1836.5500000000002
ORD-06717,CLI-0094,2026-02-28,SKU-002,368,Completed,48178.56
ORD-06718,CLI-0055,2026-02-28,SKU-012,88,Completed,3575.44
ORD-06719,CLI-0071,2026-02-28,SKU-H01,180,Completed,2874.6
ORD-06720,CLI-0034,2026-02-28,SKU-H01,245,Completed,3912.65
ORD-06721,CLI-0084,2026-02-28,SKU-H01,133,Completed,2124.01
ORD-06722,CLI-0052,2026-02-28,SKU-004,283,Completed,30176.289999999997
ORD-06723,CLI-0011,2026-02-28,SKU-H01,180,Completed,2874.6
ORD-06724,CLI-0087,2026-02-28,SKU-004,267,Completed,28470.21
ORD-06725,CLI-0089,2026-02-28,SKU-011,123,Completed,8001.15
ORD-06726,CLI-0069,2026-02-28,SKU-H01,154,Completed,2459.38
ORD-06727,CLI-0010,2026-02-28,SKU-H01,372,Completed,5940.84
ORD-06728,CLI-0094,2026-02-28,SKU-H01,187,Completed,2986.3900000000003
ORD-06729,CLI-0082,2026-02-28,SKU-006,406,Completed,23292.219999999998
ORD-06730,CLI-0083,2026-02-28,SKU-015,148,Completed,19291.8
ORD-06731,CLI-0092,2026-02-28,SKU-H01,240,Completed,3832.8
ORD-06732,CLI-0073,2026-02-28,SKU-018,386,Completed,17543.7
ORD-06733,CLI-0083,2026-02-28,SKU-H01,470,Completed,7505.900000000001
ORD-06734,CLI-0066,2026-02-28,SKU-015,359,Completed,46795.65
ORD-06735,CLI-0021,2026-02-28,SKU-004,264,Completed,28150.32
ORD-06736,CLI-0020,2026-02-28,SKU-009,211,Completed,11282.17
ORD-06737,CLI-0049,2026-03-01,SKU-005,63,Completed,11493.72
ORD-06738,CLI-0078,2026-03-01,SKU-004,176,Completed,18766.879999999997
ORD-06739,CLI-0010,2026-03-01,SKU-015,188,Completed,24505.8
ORD-06740,CLI-0016,2026-03-01,SKU-012,322,Completed,13082.86
ORD-06741,CLI-0015,2026-03-01,SKU-004,400,Completed,42652.0
ORD-06742,CLI-0071,2026-03-01,SKU-H01,258,Completed,4120.26
ORD-06743,CLI-0009,2026-03-01,SKU-H01,218,Completed,3481.46
ORD-06744,CLI-0082,2026-03-01,SKU-014,95,Completed,15536.3
ORD-06745,CLI-0047,2026-03-01,SKU-005,220,Completed,40136.8
ORD-06746,CLI-0100,2026-03-01,SKU-004,189,Completed,20153.07
ORD-06747,CLI-0019,2026-03-01,SKU-010,494,Completed,12167.22
ORD-06748,CLI-0029,2026-03-01,SKU-015,190,Completed,24766.5
ORD-06749,CLI-0002,2026-03-01,SKU-008,100,Completed,15355.000000000002
ORD-06750,CLI-0049,2026-03-01,SKU-013,163,Completed,30422.319999999996
ORD-06751,CLI-0049,2026-03-01,SKU-013,103,Completed,19223.92
ORD-06752,CLI-0016,2026-03-01,SKU-H01,139,Completed,2219.83
ORD-06753,CLI-0068,2026-03-01,SKU-H01,422,Completed,6739.34
ORD-06754,CLI-0040,2026-03-01,SKU-014,351,Completed,57402.53999999999
ORD-06755,CLI-0063,2026-03-01,SKU-H01,98,Completed,1565.0600000000002
ORD-06756,CLI-0068,2026-03-01,SKU-017,228,Completed,37095.6
ORD-06757,CLI-0090,2026-03-01,SKU-H01,342,Completed,5461.74
ORD-06758,CLI-0037,2026-03-01,SKU-H01,332,Completed,5302.04
ORD-06759,CLI-0035,2026-03-01,SKU-018,361,Completed,16407.45
ORD-06760,CLI-0007,2026-03-02,SKU-009,137,Completed,7325.389999999999
ORD-06761,CLI-0041,2026-03-02,SKU-H01,434,Completed,6930.9800000000005
ORD-06762,CLI-0050,2026-03-02,SKU-012,142,Completed,5769.46
ORD-06763,CLI-0045,2026-03-02,SKU-010,462,Completed,11379.06
ORD-06764,CLI-0095,2026-03-02,SKU-006,397,Completed,22775.89
ORD-06765,CLI-0069,2026-03-02,SKU-H01,332,Completed,5302.04
ORD-06766,CLI-0077,2026-03-02,SKU-014,485,Completed,79316.9
ORD-06767,CLI-0052,2026-03-02,SKU-016,294,Completed,51620.520000000004
ORD-06768,CLI-0076,2026-03-02,SKU-H01,115,Completed,1836.5500000000002
ORD-06769,CLI-0034,2026-03-02,SKU-015,54,Completed,7038.9
ORD-06770,CLI-0088,2026-03-02,SKU-016,312,Completed,54780.96000000001
ORD-06771,CLI-0092,2026-03-02,SKU-006,129,Completed,7400.73
ORD-06772,CLI-0085,2026-03-02,SKU-009,114,Completed,6095.58
ORD-06773,CLI-0049,2026-03-03,SKU-H01,340,Completed,5429.8
ORD-06774,CLI-0095,2026-03-03,SKU-H01,186,Completed,2970.42
ORD-06775,CLI-0007,2026-03-03,SKU-011,421,Completed,27386.05
ORD-06776,CLI-0082,2026-03-03,SKU-016,239,Completed,41963.62
ORD-06777,CLI-0091,2026-03-03,SKU-009,448,Completed,23954.559999999998
ORD-06778,CLI-0032,2026-03-03,SKU-005,397,Completed,72428.68
ORD-06779,CLI-0078,2026-03-03,SKU-H01,264,Completed,4216.08
ORD-06780,CLI-0091,2026-03-03,SKU-H01,284,Completed,4535.4800000000005
ORD-06781,CLI-0024,2026-03-03,SKU-003,274,Completed,19106.02
ORD-06782,CLI-0046,2026-03-03,SKU-H01,458,Completed,7314.26
ORD-06783,CLI-0060,2026-03-03,SKU-007,307,Completed,27006.79
ORD-06784,CLI-0037,2026-03-03,SKU-H01,191,Completed,3050.27
ORD-06785,CLI-0055,2026-03-03,SKU-012,316,Completed,12839.08
ORD-06786,CLI-0092,2026-03-03,SKU-H01,466,Completed,7442.02
ORD-06787,CLI-0040,2026-03-04,SKU-007,375,Completed,32988.75
ORD-06788,CLI-0012,2026-03-04,SKU-006,206,Completed,11818.22
ORD-06789,CLI-0053,2026-03-04,SKU-H01,444,Completed,7090.68
ORD-06790,CLI-0041,2026-03-04,SKU-H01,482,Completed,7697.54
ORD-06791,CLI-0012,2026-03-04,SKU-H01,374,Completed,5972.780000000001
ORD-06792,CLI-0011,2026-03-04,SKU-016,89,Completed,15626.62
ORD-06793,CLI-0094,2026-03-04,SKU-H01,172,Completed,2746.84
ORD-06794,CLI-0012,2026-03-04,SKU-011,134,Completed,8716.699999999999
ORD-06795,CLI-0074,2026-03-04,SKU-019,79,Completed,14187.61
ORD-06796,CLI-0011,2026-03-04,SKU-013,430,Completed,80255.2
ORD-06797,CLI-0037,2026-03-04,SKU-H01,333,Completed,5318.01
ORD-06798,CLI-0064,2026-03-04,SKU-017,463,Completed,75330.09999999999
ORD-06799,CLI-0002,2026-03-04,SKU-H01,267,Completed,4263.99
ORD-06800,CLI-0087,2026-03-04,SKU-004,310,Completed,33055.299999999996
ORD-06801,CLI-0094,2026-03-04,SKU-016,119,Completed,20894.02
ORD-06802,CLI-0062,2026-03-04,SKU-009,304,Completed,16254.88
ORD-06803,CLI-0066,2026-03-04,SKU-002,400,Completed,52367.99999999999
ORD-06804,CLI-0090,2026-03-05,SKU-H01,113,Completed,1804.6100000000001
ORD-06805,CLI-0052,2026-03-05,SKU-H01,57,Completed,910.2900000000001
ORD-06806,CLI-0079,2026-03-05,SKU-005,147,Completed,26818.68
ORD-06807,CLI-0096,2026-03-05,SKU-H01,53,Completed,846.4100000000001
ORD-06808,CLI-0092,2026-03-05,SKU-019,267,Completed,47950.53
ORD-06809,CLI-0090,2026-03-05,SKU-018,323,Completed,14680.35
ORD-06810,CLI-0096,2026-03-05,SKU-016,226,Completed,39681.08
ORD-06811,CLI-0032,2026-03-05,SKU-002,428,Completed,56033.759999999995
ORD-06812,CLI-0085,2026-03-05,SKU-010,471,Completed,11600.73
ORD-06813,CLI-0068,2026-03-05,SKU-017,400,Completed,65079.99999999999
ORD-06814,CLI-0078,2026-03-05,SKU-015,71,Completed,9254.85
ORD-06815,CLI-0078,2026-03-05,SKU-002,279,Completed,36526.67999999999
ORD-06816,CLI-0022,2026-03-05,SKU-H01,395,Completed,6308.150000000001
ORD-06817,CLI-0098,2026-03-05,SKU-H01,318,Completed,5078.46
ORD-06818,CLI-0029,2026-03-05,SKU-007,139,Completed,12227.83
ORD-06819,CLI-0010,2026-03-05,SKU-009,237,Completed,12672.39
ORD-06820,CLI-0018,2026-03-05,SKU-015,313,Completed,40799.549999999996
ORD-06821,CLI-0046,2026-03-05,SKU-H01,76,Completed,1213.72
ORD-06822,CLI-0055,2026-03-05,SKU-H01,303,Completed,4838.91
ORD-06823,CLI-0049,2026-03-05,SKU-H01,137,Completed,2187.89
ORD-06824,CLI-0048,2026-03-05,SKU-H01,107,Completed,1708.79
ORD-06825,CLI-0044,2026-03-05,SKU-H01,397,Completed,6340.09
ORD-06826,CLI-0032,2026-03-05,SKU-010,475,Completed,11699.25
ORD-06827,CLI-0070,2026-03-05,SKU-005,485,Completed,88483.4
ORD-06828,CLI-0099,2026-03-05,SKU-011,489,Completed,31809.449999999997
ORD-06829,CLI-0016,2026-03-05,SKU-H01,198,Completed,3162.06
ORD-06830,CLI-0039,2026-03-05,SKU-H01,297,Completed,4743.09
ORD-06831,CLI-0034,2026-03-06,SKU-004,159,Completed,16954.17
ORD-06832,CLI-0095,2026-03-06,SKU-016,373,Completed,65491.340000000004
ORD-06833,CLI-0073,2026-03-06,SKU-H01,251,Completed,4008.4700000000003
ORD-06834,CLI-0028,2026-03-06,SKU-014,206,Completed,33689.24
ORD-06835,CLI-0083,2026-03-06,SKU-H01,313,Completed,4998.610000000001
ORD-06836,CLI-0005,2026-03-06,SKU-015,287,Completed,37410.45
ORD-06837,CLI-0080,2026-03-06,SKU-014,484,Completed,79153.36
ORD-06838,CLI-0063,2026-03-06,SKU-H01,79,Completed,1261.63
ORD-06839,CLI-0046,2026-03-06,SKU-010,53,Completed,1305.3899999999999
ORD-06840,CLI-0079,2026-03-06,SKU-H01,285,Completed,4551.45
ORD-06841,CLI-0043,2026-03-06,SKU-017,202,Completed,32865.399999999994
ORD-06842,CLI-0046,2026-03-06,SKU-002,104,Completed,13615.679999999998
ORD-06843,CLI-0045,2026-03-06,SKU-003,419,Completed,29216.870000000003
ORD-06844,CLI-0024,2026-03-06,SKU-011,255,Completed,16587.75
ORD-06845,CLI-0046,2026-03-06,SKU-014,54,Completed,8831.16
ORD-06846,CLI-0013,2026-03-06,SKU-H01,270,Completed,4311.900000000001
ORD-06847,CLI-0063,2026-03-06,SKU-009,151,Completed,8073.97
ORD-06848,CLI-0068,2026-03-07,SKU-H01,313,Completed,4998.610000000001
ORD-06849,CLI-0020,2026-03-07,SKU-H01,260,Completed,4152.2
ORD-06850,CLI-0016,2026-03-07,SKU-010,299,Completed,7364.37
ORD-06851,CLI-0020,2026-03-07,SKU-H01,443,Completed,7074.71
ORD-06852,CLI-0085,2026-03-07,SKU-H01,178,Completed,2842.6600000000003
ORD-06853,CLI-0029,2026-03-07,SKU-015,290,Completed,37801.5
ORD-06854,CLI-0051,2026-03-07,SKU-H01,241,Completed,3848.77
ORD-06855,CLI-0039,2026-03-07,SKU-010,236,Completed,5812.679999999999
ORD-06856,CLI-0055,2026-03-07,SKU-H01,143,Completed,2283.71
ORD-06857,CLI-0069,2026-03-07,SKU-H01,465,Completed,7426.05
ORD-06858,CLI-0035,2026-03-07,SKU-H01,105,Completed,1676.8500000000001
ORD-06859,CLI-0085,2026-03-08,SKU-008,479,Completed,73550.45000000001
ORD-06860,CLI-0057,2026-03-08,SKU-011,132,Completed,8586.6
ORD-06861,CLI-0018,2026-03-08,SKU-H01,231,Completed,3689.07
ORD-06862,CLI-0096,2026-03-08,SKU-H01,272,Completed,4343.84
ORD-06863,CLI-0046,2026-03-08,SKU-017,495,Completed,80536.5
ORD-06864,CLI-0091,2026-03-08,SKU-H01,151,Completed,2411.4700000000003
ORD-06865,CLI-0015,2026-03-08,SKU-017,147,Completed,23916.899999999998
ORD-06866,CLI-0037,2026-03-08,SKU-H01,70,Completed,1117.9
ORD-06867,CLI-0018,2026-03-08,SKU-012,252,Completed,10238.76
ORD-06868,CLI-0054,2026-03-08,SKU-H01,430,Completed,6867.1
ORD-06869,CLI-0043,2026-03-08,SKU-015,66,Completed,8603.1
ORD-06870,CLI-0021,2026-03-08,SKU-011,391,Completed,25434.55
ORD-06871,CLI-0026,2026-03-08,SKU-002,295,Completed,38621.399999999994
ORD-06872,CLI-0086,2026-03-08,SKU-H01,186,Completed,2970.42
ORD-06873,CLI-0016,2026-03-08,SKU-012,265,Completed,10766.95
ORD-06874,CLI-0063,2026-03-08,SKU-008,331,Completed,50825.05
ORD-06875,CLI-0064,2026-03-08,SKU-H01,459,Completed,7330.2300000000005
ORD-06876,CLI-0088,2026-03-08,SKU-H01,415,Completed,6627.55
ORD-06877,CLI-0017,2026-03-08,SKU-014,216,Completed,35324.64
ORD-06878,CLI-0097,2026-03-08,SKU-H01,441,Completed,7042.77
ORD-06879,CLI-0100,2026-03-08,SKU-009,254,Completed,13581.38
ORD-06880,CLI-0065,2026-03-08,SKU-003,421,Completed,29356.33
ORD-06881,CLI-0095,2026-03-08,SKU-016,481,Completed,84453.98000000001
ORD-06882,CLI-0017,2026-03-09,SKU-017,106,Completed,17246.199999999997
ORD-06883,CLI-0003,2026-03-09,SKU-H01,114,Completed,1820.5800000000002
ORD-06884,CLI-0020,2026-03-09,SKU-016,226,Completed,39681.08
ORD-06885,CLI-0065,2026-03-09,SKU-H01,56,Completed,894.32
ORD-06886,CLI-0099,2026-03-09,SKU-007,400,Completed,35188.0
ORD-06887,CLI-0031,2026-03-09,SKU-005,76,Completed,13865.44
ORD-06888,CLI-0087,2026-03-09,SKU-H01,474,Completed,7569.780000000001
ORD-06889,CLI-0044,2026-03-09,SKU-018,269,Completed,12226.050000000001
ORD-06890,CLI-0077,2026-03-09,SKU-H01,427,Completed,6819.1900000000005
ORD-06891,CLI-0002,2026-03-09,SKU-010,272,Completed,6699.36
ORD-06892,CLI-0062,2026-03-09,SKU-013,198,Completed,36954.719999999994
ORD-06893,CLI-0037,2026-03-09,SKU-014,298,Completed,48734.92
ORD-06894,CLI-0011,2026-03-09,SKU-H01,439,Completed,7010.83
ORD-06895,CLI-0055,2026-03-09,SKU-003,176,Completed,12272.480000000001
ORD-06896,CLI-0080,2026-03-09,SKU-015,128,Completed,16684.8
ORD-06897,CLI-0094,2026-03-09,SKU-H01,311,Completed,4966.67
ORD-06898,CLI-0024,2026-03-09,SKU-004,177,Completed,18873.51
ORD-06899,CLI-0036,2026-03-09,SKU-H01,442,Completed,7058.740000000001
ORD-06900,CLI-0015,2026-03-09,SKU-003,492,Completed,34307.16
ORD-06901,CLI-0034,2026-03-09,SKU-016,408,Completed,71636.64
ORD-06902,CLI-0032,2026-03-09,SKU-003,391,Completed,27264.43
ORD-06903,CLI-0026,2026-03-10,SKU-006,292,Completed,16752.04
ORD-06904,CLI-0091,2026-03-10,SKU-002,450,Completed,58913.99999999999
ORD-06905,CLI-0014,2026-03-10,SKU-003,408,Completed,28449.84
ORD-06906,CLI-0094,2026-03-10,SKU-H01,307,Completed,4902.79
ORD-06907,CLI-0079,2026-03-10,SKU-H01,142,Completed,2267.7400000000002
ORD-06908,CLI-0025,2026-03-10,SKU-003,487,Completed,33958.51
ORD-06909,CLI-0076,2026-03-10,SKU-009,372,Completed,19890.84
ORD-06910,CLI-0082,2026-03-10,SKU-003,126,Completed,8785.980000000001
ORD-06911,CLI-0030,2026-03-10,SKU-H01,111,Completed,1772.67
ORD-06912,CLI-0017,2026-03-10,SKU-H01,255,Completed,4072.3500000000004
ORD-06913,CLI-0005,2026-03-10,SKU-H01,190,Completed,3034.3
ORD-06914,CLI-0025,2026-03-10,SKU-018,124,Completed,5635.8
ORD-06915,CLI-0055,2026-03-10,SKU-005,59,Completed,10763.96
ORD-06916,CLI-0079,2026-03-10,SKU-H01,152,Completed,2427.44
ORD-06917,CLI-0012,2026-03-10,SKU-H01,492,Completed,7857.240000000001
ORD-06918,CLI-0007,2026-03-10,SKU-019,244,Completed,43819.96
ORD-06919,CLI-0053,2026-03-10,SKU-H01,318,Completed,5078.46
ORD-06920,CLI-0040,2026-03-10,SKU-014,408,Completed,66724.31999999999
ORD-06921,CLI-0082,2026-03-10,SKU-H01,168,Completed,2682.96
ORD-06922,CLI-0029,2026-03-10,SKU-017,222,Completed,36119.399999999994
ORD-06923,CLI-0055,2026-03-10,SKU-016,295,Completed,51796.100000000006
ORD-06924,CLI-0008,2026-03-10,SKU-007,311,Completed,27358.67
ORD-06925,CLI-0055,2026-03-10,SKU-H01,379,Completed,6052.63
ORD-06926,CLI-0039,2026-03-11,SKU-H01,106,Completed,1692.8200000000002
ORD-06927,CLI-0035,2026-03-11,SKU-002,236,Completed,30897.119999999995
ORD-06928,CLI-0036,2026-03-11,SKU-003,229,Completed,15968.17
ORD-06929,CLI-0092,2026-03-11,SKU-H01,264,Completed,4216.08
ORD-06930,CLI-0032,2026-03-11,SKU-H01,213,Completed,3401.61
ORD-06931,CLI-0007,2026-03-11,SKU-007,143,Completed,12579.71
ORD-06932,CLI-0006,2026-03-11,SKU-005,50,Completed,9122.0
ORD-06933,CLI-0007,2026-03-11,SKU-H01,388,Completed,6196.360000000001
ORD-06934,CLI-0096,2026-03-11,SKU-H01,214,Completed,3417.58
ORD-06935,CLI-0037,2026-03-11,SKU-004,291,Completed,31029.329999999998
ORD-06936,CLI-0078,2026-03-12,SKU-012,101,Completed,4103.63
ORD-06937,CLI-0056,2026-03-12,SKU-003,144,Completed,10041.12
ORD-06938,CLI-0033,2026-03-12,SKU-H01,301,Completed,4806.97
ORD-06939,CLI-0047,2026-03-12,SKU-H01,221,Completed,3529.3700000000003
ORD-06940,CLI-0039,2026-03-12,SKU-H01,107,Completed,1708.79
ORD-06941,CLI-0013,2026-03-12,SKU-015,392,Completed,51097.2
ORD-06942,CLI-0002,2026-03-12,SKU-009,399,Completed,21334.53
ORD-06943,CLI-0071,2026-03-12,SKU-H01,444,Completed,7090.68
ORD-06944,CLI-0017,2026-03-12,SKU-019,219,Completed,39330.21
ORD-06945,CLI-0047,2026-03-12,SKU-H01,429,Completed,6851.13
ORD-06946,CLI-0100,2026-03-12,SKU-H01,351,Completed,5605.47
ORD-06947,CLI-0068,2026-03-12,SKU-H01,359,Completed,5733.2300000000005
ORD-06948,CLI-0048,2026-03-12,SKU-004,171,Completed,18233.73
ORD-06949,CLI-0084,2026-03-12,SKU-010,191,Completed,4704.33
ORD-06950,CLI-0027,2026-03-12,SKU-005,349,Completed,63671.56
ORD-06951,CLI-0050,2026-03-12,SKU-019,94,Completed,16881.46
ORD-06952,CLI-0017,2026-03-13,SKU-011,372,Completed,24198.6
ORD-06953,CLI-0096,2026-03-13,SKU-H01,358,Completed,5717.26
ORD-06954,CLI-0016,2026-03-13,SKU-H01,71,Completed,1133.8700000000001
ORD-06955,CLI-0076,2026-03-13,SKU-010,385,Completed,9482.55
ORD-06956,CLI-0025,2026-03-13,SKU-H01,148,Completed,2363.56
ORD-06957,CLI-0091,2026-03-13,SKU-013,278,Completed,51885.92
ORD-06958,CLI-0013,2026-03-13,SKU-H01,88,Completed,1405.3600000000001
ORD-06959,CLI-0070,2026-03-13,SKU-H01,366,Completed,5845.02
ORD-06960,CLI-0044,2026-03-13,SKU-H01,204,Completed,3257.88
ORD-06961,CLI-0093,2026-03-13,SKU-011,292,Completed,18994.6
ORD-06962,CLI-0098,2026-03-13,SKU-H01,153,Completed,2443.4100000000003
ORD-06963,CLI-0069,2026-03-13,SKU-013,419,Completed,78202.15999999999
ORD-06964,CLI-0020,2026-03-13,SKU-004,72,Completed,7677.36
ORD-06965,CLI-0025,2026-03-14,SKU-013,264,Completed,49272.96
ORD-06966,CLI-0071,2026-03-14,SKU-007,414,Completed,36419.58
ORD-06967,CLI-0033,2026-03-14,SKU-H01,499,Completed,7969.030000000001
ORD-06968,CLI-0098,2026-03-14,SKU-013,486,Completed,90707.04
ORD-06969,CLI-0072,2026-03-14,SKU-H01,227,Completed,3625.19
ORD-06970,CLI-0047,2026-03-14,SKU-004,279,Completed,29749.77
ORD-06971,CLI-0081,2026-03-14,SKU-H01,417,Completed,6659.490000000001
ORD-06972,CLI-0016,2026-03-14,SKU-012,273,Completed,11091.990000000002
ORD-06973,CLI-0009,2026-03-14,SKU-017,297,Completed,48321.899999999994
ORD-06974,CLI-0054,2026-03-14,SKU-006,318,Completed,18243.66
ORD-06975,CLI-0065,2026-03-14,SKU-005,454,Completed,82827.76
ORD-06976,CLI-0003,2026-03-14,SKU-013,135,Completed,25196.399999999998
ORD-06977,CLI-0077,2026-03-14,SKU-H01,190,Completed,3034.3
ORD-06978,CLI-0090,2026-03-14,SKU-017,116,Completed,18873.199999999997
ORD-06979,CLI-0006,2026-03-15,SKU-H01,339,Completed,5413.83
ORD-06980,CLI-0008,2026-03-15,SKU-019,456,Completed,81893.04000000001
ORD-06981,CLI-0089,2026-03-15,SKU-012,147,Completed,5972.610000000001
ORD-06982,CLI-0095,2026-03-15,SKU-013,467,Completed,87160.87999999999
ORD-06983,CLI-0051,2026-03-15,SKU-009,303,Completed,16201.41
ORD-06984,CLI-0088,2026-03-15,SKU-004,322,Completed,34334.86
ORD-06985,CLI-0066,2026-03-15,SKU-007,88,Completed,7741.36
ORD-06986,CLI-0022,2026-03-15,SKU-H01,274,Completed,4375.78
ORD-06987,CLI-0097,2026-03-15,SKU-008,310,Completed,47600.5
ORD-06988,CLI-0050,2026-03-15,SKU-008,337,Completed,51746.350000000006
ORD-06989,CLI-0100,2026-03-15,SKU-016,249,Completed,43719.420000000006
ORD-06990,CLI-0052,2026-03-15,SKU-005,360,Completed,65678.4
ORD-06991,CLI-0035,2026-03-15,SKU-H01,155,Completed,2475.35
ORD-06992,CLI-0024,2026-03-15,SKU-H01,51,Completed,814.47
ORD-06993,CLI-0021,2026-03-15,SKU-009,342,Completed,18286.739999999998
ORD-06994,CLI-0028,2026-03-15,SKU-H01,353,Completed,5637.41
ORD-06995,CLI-0090,2026-03-15,SKU-H01,54,Completed,862.38
ORD-06996,CLI-0066,2026-03-15,SKU-014,283,Completed,46281.82
ORD-06997,CLI-0065,2026-03-15,SKU-007,412,Completed,36243.64
ORD-06998,CLI-0034,2026-03-16,SKU-005,205,Completed,37400.2
ORD-06999,CLI-0029,2026-03-16,SKU-H01,201,Completed,3209.9700000000003
ORD-07000,CLI-0091,2026-03-16,SKU-012,187,Completed,7597.81
ORD-07001,CLI-0071,2026-03-16,SKU-H01,110,Completed,1756.7
ORD-07002,CLI-0022,2026-03-16,SKU-012,164,Completed,6663.320000000001
ORD-07003,CLI-0006,2026-03-16,SKU-H01,323,Completed,5158.31
ORD-07004,CLI-0031,2026-03-16,SKU-016,199,Completed,34940.420000000006
ORD-07005,CLI-0006,2026-03-16,SKU-005,377,Completed,68779.88
ORD-07006,CLI-0019,2026-03-16,SKU-003,192,Completed,13388.16
ORD-07007,CLI-0018,2026-03-16,SKU-008,188,Completed,28867.4
ORD-07008,CLI-0007,2026-03-16,SKU-008,378,Completed,58041.9
ORD-07009,CLI-0032,2026-03-16,SKU-H01,471,Completed,7521.87
ORD-07010,CLI-0027,2026-03-16,SKU-012,323,Completed,13123.490000000002
ORD-07011,CLI-0015,2026-03-16,SKU-H01,50,Completed,798.5
ORD-07012,CLI-0084,2026-03-16,SKU-017,227,Completed,36932.899999999994
ORD-07013,CLI-0081,2026-03-16,SKU-014,359,Completed,58710.86
ORD-07014,CLI-0048,2026-03-16,SKU-H01,216,Completed,3449.52
ORD-07015,CLI-0011,2026-03-16,SKU-014,411,Completed,67214.94
ORD-07016,CLI-0071,2026-03-16,SKU-H01,185,Completed,2954.4500000000003
ORD-07017,CLI-0093,2026-03-16,SKU-H01,118,Completed,1884.46
ORD-07018,CLI-0053,2026-03-16,SKU-019,363,Completed,65191.17
ORD-07019,CLI-0038,2026-03-16,SKU-009,216,Completed,11549.52
ORD-07020,CLI-0008,2026-03-16,SKU-003,370,Completed,25800.100000000002
ORD-07021,CLI-0002,2026-03-16,SKU-H01,471,Completed,7521.87
ORD-07022,CLI-0046,2026-03-16,SKU-H01,162,Completed,2587.1400000000003
ORD-07023,CLI-0094,2026-03-16,SKU-019,193,Completed,34660.87
ORD-07024,CLI-0033,2026-03-17,SKU-H01,58,Completed,926.26
ORD-07025,CLI-0069,2026-03-17,SKU-H01,386,Completed,6164.42
ORD-07026,CLI-0100,2026-03-17,SKU-004,449,Completed,47876.869999999995
ORD-07027,CLI-0075,2026-03-17,SKU-004,104,Completed,11089.52
ORD-07028,CLI-0093,2026-03-17,SKU-004,431,Completed,45957.53
ORD-07029,CLI-0089,2026-03-17,SKU-H01,245,Completed,3912.65
ORD-07030,CLI-0084,2026-03-17,SKU-H01,181,Completed,2890.57
ORD-07031,CLI-0081,2026-03-17,SKU-H01,374,Completed,5972.780000000001
ORD-07032,CLI-0078,2026-03-17,SKU-017,332,Completed,54016.399999999994
ORD-07033,CLI-0027,2026-03-17,SKU-H01,468,Completed,7473.96
ORD-07034,CLI-0057,2026-03-17,SKU-012,162,Completed,6582.06
ORD-07035,CLI-0042,2026-03-17,SKU-012,187,Completed,7597.81
ORD-07036,CLI-0027,2026-03-17,SKU-014,347,Completed,56748.38
ORD-07037,CLI-0081,2026-03-17,SKU-016,463,Completed,81293.54000000001
ORD-07038,CLI-0097,2026-03-17,SKU-H01,252,Completed,4024.44
ORD-07039,CLI-0058,2026-03-18,SKU-H01,168,Completed,2682.96
ORD-07040,CLI-0094,2026-03-18,SKU-003,421,Completed,29356.33
ORD-07041,CLI-0056,2026-03-18,SKU-H01,238,Completed,3800.86
ORD-07042,CLI-0019,2026-03-18,SKU-012,295,Completed,11985.85
ORD-07043,CLI-0012,2026-03-18,SKU-009,303,Completed,16201.41
ORD-07044,CLI-0024,2026-03-18,SKU-016,285,Completed,50040.3
ORD-07045,CLI-0024,2026-03-18,SKU-H01,467,Completed,7457.990000000001
ORD-07046,CLI-0023,2026-03-18,SKU-017,146,Completed,23754.199999999997
ORD-07047,CLI-0073,2026-03-18,SKU-H01,301,Completed,4806.97
ORD-07048,CLI-0094,2026-03-18,SKU-004,142,Completed,15141.46
ORD-07049,CLI-0083,2026-03-18,SKU-003,194,Completed,13527.62
ORD-07050,CLI-0003,2026-03-18,SKU-012,208,Completed,8451.04
ORD-07051,CLI-0021,2026-03-18,SKU-002,140,Completed,18328.8
ORD-07052,CLI-0051,2026-03-18,SKU-018,401,Completed,18225.45
ORD-07053,CLI-0025,2026-03-19,SKU-017,85,Completed,13829.499999999998
ORD-07054,CLI-0019,2026-03-19,SKU-016,86,Completed,15099.880000000001
ORD-07055,CLI-0055,2026-03-19,SKU-H01,175,Completed,2794.75
ORD-07056,CLI-0059,2026-03-19,SKU-015,380,Completed,49533.0
ORD-07057,CLI-0052,2026-03-19,SKU-013,101,Completed,18850.64
ORD-07058,CLI-0093,2026-03-19,SKU-H01,319,Completed,5094.43
ORD-07059,CLI-0018,2026-03-19,SKU-H01,422,Completed,6739.34
ORD-07060,CLI-0097,2026-03-19,SKU-H01,463,Completed,7394.110000000001
ORD-07061,CLI-0002,2026-03-19,SKU-H01,358,Completed,5717.26
ORD-07062,CLI-0013,2026-03-19,SKU-006,243,Completed,13940.91
ORD-07063,CLI-0050,2026-03-19,SKU-019,60,Completed,10775.4
ORD-07064,CLI-0015,2026-03-19,SKU-003,473,Completed,32982.29
ORD-07065,CLI-0002,2026-03-19,SKU-006,440,Completed,25242.8
ORD-07066,CLI-0083,2026-03-19,SKU-019,72,Completed,12930.48
ORD-07067,CLI-0017,2026-03-19,SKU-H01,177,Completed,2826.69
ORD-07068,CLI-0099,2026-03-19,SKU-015,92,Completed,11992.199999999999
ORD-07069,CLI-0035,2026-03-19,SKU-006,123,Completed,7056.509999999999
ORD-07070,CLI-0081,2026-03-19,SKU-007,357,Completed,31405.29
ORD-07071,CLI-0002,2026-03-19,SKU-H01,455,Completed,7266.35
ORD-07072,CLI-0002,2026-03-19,SKU-006,455,Completed,26103.35
ORD-07073,CLI-0014,2026-03-19,SKU-H01,327,Completed,5222.1900000000005
ORD-07074,CLI-0095,2026-03-19,SKU-013,468,Completed,87347.51999999999
ORD-07075,CLI-0044,2026-03-19,SKU-H01,486,Completed,7761.42
ORD-07076,CLI-0091,2026-03-19,SKU-016,93,Completed,16328.94
ORD-07077,CLI-0026,2026-03-19,SKU-H01,121,Completed,1932.3700000000001
ORD-07078,CLI-0062,2026-03-19,SKU-H01,438,Completed,6994.860000000001
ORD-07079,CLI-0073,2026-03-19,SKU-011,277,Completed,18018.85
ORD-07080,CLI-0021,2026-03-19,SKU-H01,207,Completed,3305.79
ORD-07081,CLI-0043,2026-03-19,SKU-012,295,Completed,11985.85
ORD-07082,CLI-0032,2026-03-20,SKU-019,78,Completed,14008.02
ORD-07083,CLI-0070,2026-03-20,SKU-013,404,Completed,75402.56
ORD-07084,CLI-0035,2026-03-20,SKU-H01,371,Completed,5924.87
ORD-07085,CLI-0070,2026-03-20,SKU-008,113,Completed,17351.15
ORD-07086,CLI-0003,2026-03-20,SKU-011,472,Completed,30703.6
ORD-07087,CLI-0006,2026-03-20,SKU-014,102,Completed,16681.079999999998
ORD-07088,CLI-0070,2026-03-20,SKU-H01,201,Completed,3209.9700000000003
ORD-07089,CLI-0014,2026-03-20,SKU-004,311,Completed,33161.93
ORD-07090,CLI-0054,2026-03-20,SKU-006,122,Completed,6999.139999999999
ORD-07091,CLI-0029,2026-03-20,SKU-H01,62,Completed,990.14
ORD-07092,CLI-0030,2026-03-20,SKU-H01,268,Completed,4279.96
ORD-07093,CLI-0050,2026-03-20,SKU-003,125,Completed,8716.25
ORD-07094,CLI-0046,2026-03-20,SKU-015,385,Completed,50184.75
ORD-07095,CLI-0029,2026-03-21,SKU-018,500,Completed,22725.0
ORD-07096,CLI-0088,2026-03-21,SKU-008,246,Completed,37773.3
ORD-07097,CLI-0088,2026-03-21,SKU-H01,416,Completed,6643.52
ORD-07098,CLI-0015,2026-03-21,SKU-H01,301,Completed,4806.97
ORD-07099,CLI-0022,2026-03-21,SKU-019,106,Completed,19036.54
ORD-07100,CLI-0029,2026-03-21,SKU-019,102,Completed,18318.18
ORD-07101,CLI-0037,2026-03-21,SKU-018,232,Completed,10544.400000000001
ORD-07102,CLI-0010,2026-03-21,SKU-013,365,Completed,68123.59999999999
ORD-07103,CLI-0043,2026-03-21,SKU-H01,110,Completed,1756.7
ORD-07104,CLI-0047,2026-03-21,SKU-014,93,Completed,15209.22
ORD-07105,CLI-0006,2026-03-21,SKU-002,359,Completed,47000.28
ORD-07106,CLI-0020,2026-03-21,SKU-H01,141,Completed,2251.77
ORD-07107,CLI-0055,2026-03-21,SKU-012,321,Completed,13042.230000000001
ORD-07108,CLI-0043,2026-03-21,SKU-H01,357,Completed,5701.29
ORD-07109,CLI-0024,2026-03-21,SKU-H01,397,Completed,6340.09
ORD-07110,CLI-0055,2026-03-21,SKU-003,126,Completed,8785.980000000001
ORD-07111,CLI-0086,2026-03-21,SKU-003,401,Completed,27961.730000000003
ORD-07112,CLI-0039,2026-03-21,SKU-017,369,Completed,60036.299999999996
ORD-07113,CLI-0037,2026-03-21,SKU-H01,228,Completed,3641.1600000000003
ORD-07114,CLI-0035,2026-03-22,SKU-H01,305,Completed,4870.85
ORD-07115,CLI-0085,2026-03-22,SKU-H01,238,Completed,3800.86
ORD-07116,CLI-0034,2026-03-22,SKU-H01,465,Completed,7426.05
ORD-07117,CLI-0092,2026-03-22,SKU-H01,458,Completed,7314.26
ORD-07118,CLI-0010,2026-03-22,SKU-009,453,Completed,24221.91
ORD-07119,CLI-0020,2026-03-22,SKU-002,448,Completed,58652.159999999996
ORD-07120,CLI-0084,2026-03-22,SKU-013,125,Completed,23330.0
ORD-07121,CLI-0019,2026-03-22,SKU-009,249,Completed,13314.029999999999
ORD-07122,CLI-0058,2026-03-22,SKU-H01,419,Completed,6691.43
ORD-07123,CLI-0062,2026-03-22,SKU-H01,467,Completed,7457.990000000001
ORD-07124,CLI-0009,2026-03-22,SKU-016,107,Completed,18787.06
ORD-07125,CLI-0055,2026-03-23,SKU-005,422,Completed,76989.68
ORD-07126,CLI-0036,2026-03-23,SKU-014,124,Completed,20278.96
ORD-07127,CLI-0012,2026-03-23,SKU-015,215,Completed,28025.25
ORD-07128,CLI-0017,2026-03-23,SKU-018,143,Completed,6499.35
ORD-07129,CLI-0099,2026-03-23,SKU-018,247,Completed,11226.150000000001
ORD-07130,CLI-0046,2026-03-23,SKU-006,213,Completed,12219.81
ORD-07131,CLI-0064,2026-03-23,SKU-H01,267,Completed,4263.99
ORD-07132,CLI-0062,2026-03-23,SKU-019,405,Completed,72733.95
ORD-07133,CLI-0053,2026-03-23,SKU-006,358,Completed,20538.46
ORD-07134,CLI-0082,2026-03-23,SKU-H01,220,Completed,3513.4
ORD-07135,CLI-0018,2026-03-23,SKU-009,460,Completed,24596.2
ORD-07136,CLI-0084,2026-03-23,SKU-007,175,Completed,15394.75
ORD-07137,CLI-0050,2026-03-23,SKU-017,264,Completed,42952.799999999996
ORD-07138,CLI-0071,2026-03-23,SKU-009,304,Completed,16254.88
ORD-07139,CLI-0069,2026-03-23,SKU-H01,323,Completed,5158.31
ORD-07140,CLI-0064,2026-03-23,SKU-019,322,Completed,57827.98
ORD-07141,CLI-0069,2026-03-23,SKU-014,470,Completed,76863.8
ORD-07142,CLI-0030,2026-03-23,SKU-009,246,Completed,13153.619999999999
ORD-07143,CLI-0011,2026-03-23,SKU-H01,347,Completed,5541.59
ORD-07144,CLI-0092,2026-03-23,SKU-H01,265,Completed,4232.05
ORD-07145,CLI-0068,2026-03-23,SKU-010,345,Completed,8497.35
ORD-07146,CLI-0100,2026-03-23,SKU-H01,405,Completed,6467.85
ORD-07147,CLI-0096,2026-03-23,SKU-H01,162,Completed,2587.1400000000003
ORD-07148,CLI-0090,2026-03-23,SKU-011,94,Completed,6114.7
ORD-07149,CLI-0031,2026-03-23,SKU-004,235,Completed,25058.05
ORD-07150,CLI-0027,2026-03-23,SKU-002,485,Completed,63496.2
ORD-07151,CLI-0003,2026-03-23,SKU-H01,235,Completed,3752.9500000000003
ORD-07152,CLI-0061,2026-03-24,SKU-003,118,Completed,8228.140000000001
ORD-07153,CLI-0015,2026-03-24,SKU-013,80,Completed,14931.199999999999
ORD-07154,CLI-0045,2026-03-24,SKU-H01,234,Completed,3736.98
ORD-07155,CLI-0100,2026-03-24,SKU-H01,469,Completed,7489.93
ORD-07156,CLI-0018,2026-03-24,SKU-010,200,Completed,4926.0
ORD-07157,CLI-0059,2026-03-24,SKU-019,123,Completed,22089.57
ORD-07158,CLI-0071,2026-03-24,SKU-008,265,Completed,40690.75
ORD-07159,CLI-0032,2026-03-24,SKU-H01,157,Completed,2507.29
ORD-07160,CLI-0029,2026-03-24,SKU-H01,78,Completed,1245.66
ORD-07161,CLI-0096,2026-03-24,SKU-016,120,Completed,21069.600000000002
ORD-07162,CLI-0016,2026-03-24,SKU-H01,406,Completed,6483.820000000001
ORD-07163,CLI-0091,2026-03-24,SKU-008,123,Completed,18886.65
ORD-07164,CLI-0049,2026-03-24,SKU-002,425,Completed,55640.99999999999
ORD-07165,CLI-0004,2026-03-24,SKU-H01,406,Completed,6483.820000000001
ORD-07166,CLI-0055,2026-03-24,SKU-014,240,Completed,39249.6
ORD-07167,CLI-0007,2026-03-24,SKU-012,409,Completed,16617.670000000002
ORD-07168,CLI-0014,2026-03-24,SKU-009,389,Completed,20799.829999999998
ORD-07169,CLI-0075,2026-03-24,SKU-H01,87,Completed,1389.39
ORD-07170,CLI-0062,2026-03-24,SKU-H01,478,Completed,7633.66
ORD-07171,CLI-0077,2026-03-24,SKU-007,495,Completed,43545.15
ORD-07172,CLI-0021,2026-03-24,SKU-006,65,Completed,3729.0499999999997
ORD-07173,CLI-0019,2026-03-24,SKU-H01,237,Completed,3784.8900000000003
ORD-07174,CLI-0019,2026-03-24,SKU-H01,90,Completed,1437.3
ORD-07175,CLI-0032,2026-03-24,SKU-H01,89,Completed,1421.3300000000002
ORD-07176,CLI-0073,2026-03-24,SKU-013,475,Completed,88654.0
ORD-07177,CLI-0054,2026-03-24,SKU-017,126,Completed,20500.199999999997
ORD-07178,CLI-0061,2026-03-25,SKU-H01,430,Completed,6867.1
ORD-07179,CLI-0018,2026-03-25,SKU-019,433,Completed,77762.47
ORD-07180,CLI-0068,2026-03-25,SKU-H01,407,Completed,6499.79
ORD-07181,CLI-0039,2026-03-25,SKU-005,290,Completed,52907.6
ORD-07182,CLI-0053,2026-03-25,SKU-015,419,Completed,54616.649999999994
ORD-07183,CLI-0044,2026-03-25,SKU-H01,277,Completed,4423.6900000000005
ORD-07184,CLI-0083,2026-03-25,SKU-002,405,Completed,53022.6
ORD-07185,CLI-0002,2026-03-25,SKU-H01,196,Completed,3130.1200000000003
ORD-07186,CLI-0015,2026-03-25,SKU-H01,129,Completed,2060.13
ORD-07187,CLI-0008,2026-03-25,SKU-008,378,Completed,58041.9
ORD-07188,CLI-0005,2026-03-25,SKU-010,359,Completed,8842.17
ORD-07189,CLI-0097,2026-03-25,SKU-013,138,Completed,25756.32
ORD-07190,CLI-0065,2026-03-25,SKU-006,132,Completed,7572.839999999999
ORD-07191,CLI-0002,2026-03-25,SKU-009,252,Completed,13474.44
ORD-07192,CLI-0055,2026-03-25,SKU-H01,398,Completed,6356.06
ORD-07193,CLI-0071,2026-03-26,SKU-H01,414,Completed,6611.58
ORD-07194,CLI-0034,2026-03-26,SKU-019,342,Completed,61419.78
ORD-07195,CLI-0065,2026-03-26,SKU-H01,206,Completed,3289.82
ORD-07196,CLI-0091,2026-03-26,SKU-010,166,Completed,4088.58
ORD-07197,CLI-0055,2026-03-26,SKU-H01,130,Completed,2076.1
ORD-07198,CLI-0035,2026-03-26,SKU-011,97,Completed,6309.849999999999
ORD-07199,CLI-0067,2026-03-26,SKU-011,243,Completed,15807.15
ORD-07200,CLI-0017,2026-03-26,SKU-H01,430,Completed,6867.1
ORD-07201,CLI-0028,2026-03-26,SKU-H01,255,Completed,4072.3500000000004
ORD-07202,CLI-0080,2026-03-26,SKU-009,78,Completed,4170.66
ORD-07203,CLI-0029,2026-03-26,SKU-H01,250,Completed,3992.5
ORD-07204,CLI-0024,2026-03-26,SKU-H01,471,Completed,7521.87
ORD-07205,CLI-0096,2026-03-26,SKU-012,336,Completed,13651.68
ORD-07206,CLI-0078,2026-03-26,SKU-H01,480,Completed,7665.6
ORD-07207,CLI-0010,2026-03-26,SKU-015,468,Completed,61003.799999999996
ORD-07208,CLI-0089,2026-03-26,SKU-005,289,Completed,52725.159999999996
ORD-07209,CLI-0062,2026-03-26,SKU-H01,210,Completed,3353.7000000000003
ORD-07210,CLI-0084,2026-03-26,SKU-010,378,Completed,9310.14
ORD-07211,CLI-0052,2026-03-26,SKU-005,473,Completed,86294.12
ORD-07212,CLI-0049,2026-03-26,SKU-H01,134,Completed,2139.98
ORD-07213,CLI-0007,2026-03-26,SKU-002,461,Completed,60354.119999999995
ORD-07214,CLI-0048,2026-03-26,SKU-H01,381,Completed,6084.570000000001
ORD-07215,CLI-0055,2026-03-26,SKU-H01,149,Completed,2379.53
ORD-07216,CLI-0035,2026-03-26,SKU-H01,105,Completed,1676.8500000000001
ORD-07217,CLI-0010,2026-03-27,SKU-H01,235,Completed,3752.9500000000003
ORD-07218,CLI-0078,2026-03-27,SKU-H01,448,Completed,7154.56
ORD-07219,CLI-0043,2026-03-27,SKU-010,64,Completed,1576.32
ORD-07220,CLI-0031,2026-03-27,SKU-010,194,Completed,4778.22
ORD-07221,CLI-0021,2026-03-27,SKU-005,327,Completed,59657.88
ORD-07222,CLI-0014,2026-03-27,SKU-013,83,Completed,15491.119999999999
ORD-07223,CLI-0028,2026-03-27,SKU-015,355,Completed,46274.25
ORD-07224,CLI-0002,2026-03-27,SKU-007,437,Completed,38442.89
ORD-07225,CLI-0040,2026-03-27,SKU-008,146,Completed,22418.300000000003
ORD-07226,CLI-0071,2026-03-27,SKU-H01,153,Completed,2443.4100000000003
ORD-07227,CLI-0082,2026-03-27,SKU-017,66,Completed,10738.199999999999
ORD-07228,CLI-0031,2026-03-27,SKU-H01,187,Completed,2986.3900000000003
ORD-07229,CLI-0011,2026-03-27,SKU-H01,341,Completed,5445.77
ORD-07230,CLI-0006,2026-03-28,SKU-011,338,Completed,21986.899999999998
ORD-07231,CLI-0062,2026-03-28,SKU-H01,73,Completed,1165.81
ORD-07232,CLI-0007,2026-03-28,SKU-H01,211,Completed,3369.67
ORD-07233,CLI-0012,2026-03-28,SKU-007,208,Completed,18297.76
ORD-07234,CLI-0002,2026-03-28,SKU-006,232,Completed,13309.84
ORD-07235,CLI-0097,2026-03-28,SKU-012,194,Completed,7882.22
ORD-07236,CLI-0051,2026-03-28,SKU-014,306,Completed,50043.24
ORD-07237,CLI-0025,2026-03-28,SKU-H01,211,Completed,3369.67
ORD-07238,CLI-0097,2026-03-28,SKU-H01,250,Completed,3992.5
ORD-07239,CLI-0093,2026-03-28,SKU-010,232,Completed,5714.16
ORD-07240,CLI-0017,2026-03-28,SKU-H01,409,Completed,6531.7300000000005
ORD-07241,CLI-0087,2026-03-28,SKU-008,99,Completed,15201.45
ORD-07242,CLI-0043,2026-03-28,SKU-H01,258,Completed,4120.26
ORD-07243,CLI-0095,2026-03-28,SKU-004,307,Completed,32735.41
ORD-07244,CLI-0013,2026-03-28,SKU-005,307,Completed,56009.08
ORD-07245,CLI-0100,2026-03-28,SKU-007,126,Completed,11084.22
ORD-07246,CLI-0004,2026-03-28,SKU-005,350,Completed,63854.0
ORD-07247,CLI-0049,2026-03-28,SKU-004,294,Completed,31349.219999999998
ORD-07248,CLI-0076,2026-03-28,SKU-H01,494,Completed,7889.18
ORD-07249,CLI-0005,2026-03-28,SKU-H01,198,Completed,3162.06
ORD-07250,CLI-0021,2026-03-28,SKU-H01,127,Completed,2028.19
ORD-07251,CLI-0088,2026-03-28,SKU-003,287,Completed,20012.510000000002
ORD-07252,CLI-0011,2026-03-28,SKU-H01,370,Completed,5908.900000000001
ORD-07253,CLI-0012,2026-03-28,SKU-005,417,Completed,76077.48
ORD-07254,CLI-0030,2026-03-28,SKU-H01,160,Completed,2555.2000000000003
ORD-07255,CLI-0088,2026-03-28,SKU-010,384,Completed,9457.92
ORD-07256,CLI-0019,2026-03-28,SKU-016,443,Completed,77781.94
ORD-07257,CLI-0092,2026-03-28,SKU-H01,132,Completed,2108.04
ORD-07258,CLI-0067,2026-03-29,SKU-H01,423,Completed,6755.31
ORD-07259,CLI-0078,2026-03-29,SKU-H01,383,Completed,6116.51
ORD-07260,CLI-0067,2026-03-29,SKU-008,443,Completed,68022.65000000001
ORD-07261,CLI-0044,2026-03-29,SKU-003,279,Completed,19454.670000000002
ORD-07262,CLI-0017,2026-03-29,SKU-H01,223,Completed,3561.31
ORD-07263,CLI-0038,2026-03-29,SKU-009,234,Completed,12511.98
ORD-07264,CLI-0080,2026-03-29,SKU-H01,488,Completed,7793.360000000001
ORD-07265,CLI-0056,2026-03-29,SKU-006,70,Completed,4015.8999999999996
ORD-07266,CLI-0092,2026-03-29,SKU-005,446,Completed,81368.24
ORD-07267,CLI-0088,2026-03-29,SKU-012,248,Completed,10076.24
ORD-07268,CLI-0031,2026-03-29,SKU-H01,156,Completed,2491.32
ORD-07269,CLI-0079,2026-03-29,SKU-016,360,Completed,63208.8
ORD-07270,CLI-0010,2026-03-29,SKU-011,128,Completed,8326.4
ORD-07271,CLI-0073,2026-03-29,SKU-H01,371,Completed,5924.87
ORD-07272,CLI-0064,2026-03-29,SKU-H01,99,Completed,1581.03
ORD-07273,CLI-0002,2026-03-29,SKU-002,123,Completed,16103.159999999998
ORD-07274,CLI-0099,2026-03-29,SKU-014,495,Completed,80952.3
ORD-07275,CLI-0040,2026-03-29,SKU-015,330,Completed,43015.5
ORD-07276,CLI-0012,2026-03-29,SKU-005,305,Completed,55644.2
ORD-07277,CLI-0013,2026-03-29,SKU-016,282,Completed,49513.560000000005
ORD-07278,CLI-0041,2026-03-29,SKU-H01,136,Completed,2171.92
ORD-07279,CLI-0038,2026-03-29,SKU-H01,132,Completed,2108.04
ORD-07280,CLI-0009,2026-03-29,SKU-017,193,Completed,31401.1
ORD-07281,CLI-0074,2026-03-29,SKU-013,236,Completed,44047.03999999999
ORD-07282,CLI-0046,2026-03-29,SKU-003,95,Completed,6624.35
ORD-07283,CLI-0010,2026-03-29,SKU-012,141,Completed,5728.83
ORD-07284,CLI-0034,2026-03-30,SKU-018,292,Completed,13271.400000000001
ORD-07285,CLI-0033,2026-03-30,SKU-013,440,Completed,82121.59999999999
ORD-07286,CLI-0057,2026-03-30,SKU-015,382,Completed,49793.7
ORD-07287,CLI-0018,2026-03-30,SKU-013,113,Completed,21090.32
ORD-07288,CLI-0073,2026-03-30,SKU-H01,299,Completed,4775.03
ORD-07289,CLI-0006,2026-03-30,SKU-015,236,Completed,30762.6
ORD-07290,CLI-0037,2026-03-30,SKU-H01,255,Completed,4072.3500000000004
ORD-07291,CLI-0053,2026-03-30,SKU-017,488,Completed,79397.59999999999
ORD-07292,CLI-0080,2026-03-30,SKU-003,398,Completed,27752.54
ORD-07293,CLI-0017,2026-03-30,SKU-010,275,Completed,6773.25
ORD-07294,CLI-0047,2026-03-30,SKU-004,312,Completed,33268.56
ORD-07295,CLI-0080,2026-03-30,SKU-H01,210,Completed,3353.7000000000003
ORD-07296,CLI-0048,2026-03-30,SKU-H01,92,Completed,1469.24
ORD-07297,CLI-0088,2026-03-30,SKU-019,261,Completed,46872.99
ORD-07298,CLI-0065,2026-03-30,SKU-019,280,Completed,50285.200000000004
ORD-07299,CLI-0034,2026-03-30,SKU-H01,499,Completed,7969.030000000001
ORD-07300,CLI-0006,2026-03-30,SKU-015,367,Completed,47838.45
ORD-07301,CLI-0083,2026-03-30,SKU-008,79,Completed,12130.45
ORD-07302,CLI-0095,2026-03-30,SKU-H01,454,Completed,7250.38
ORD-07303,CLI-0032,2026-03-30,SKU-017,408,Completed,66381.59999999999
ORD-07304,CLI-0072,2026-03-30,SKU-006,54,Completed,3097.98
ORD-07305,CLI-0020,2026-03-30,SKU-016,486,Completed,85331.88
ORD-07306,CLI-0014,2026-03-30,SKU-015,198,Completed,25809.3
ORD-07307,CLI-0021,2026-03-31,SKU-015,341,Completed,44449.35
ORD-07308,CLI-0052,2026-03-31,SKU-011,487,Completed,31679.35
ORD-07309,CLI-0010,2026-03-31,SKU-H01,164,Completed,2619.08
ORD-07310,CLI-0050,2026-03-31,SKU-H01,497,Completed,7937.09
ORD-07311,CLI-0060,2026-03-31,SKU-H01,392,Completed,6260.240000000001
ORD-07312,CLI-0012,2026-03-31,SKU-H01,228,Completed,3641.1600000000003
ORD-07313,CLI-0060,2026-03-31,SKU-007,289,Completed,25423.329999999998
ORD-07314,CLI-0083,2026-03-31,SKU-011,323,Completed,21011.149999999998
ORD-07315,CLI-0060,2026-03-31,SKU-015,105,Completed,13686.75
ORD-07316,CLI-0011,2026-03-31,SKU-H01,142,Completed,2267.7400000000002
ORD-07317,CLI-0094,2026-03-31,SKU-006,105,Completed,6023.849999999999
ORD-07318,CLI-0051,2026-03-31,SKU-H01,443,Completed,7074.71
ORD-07319,CLI-0056,2026-03-31,SKU-H01,152,Completed,2427.44
ORD-07320,CLI-0052,2026-03-31,SKU-H01,218,Completed,3481.46
ORD-07321,CLI-0009,2026-03-31,SKU-011,212,Completed,13790.599999999999
ORD-07322,CLI-0044,2026-03-31,SKU-H01,359,Completed,5733.2300000000005
ORD-07323,CLI-0063,2026-03-31,SKU-011,158,Completed,10277.9
ORD-07324,CLI-0090,2026-03-31,SKU-H01,429,Completed,6851.13
ORD-07325,CLI-0061,2026-03-31,SKU-016,108,Completed,18962.640000000003
ORD-07326,CLI-0036,2026-03-31,SKU-014,282,Completed,46118.28
ORD-07327,CLI-0005,2026-03-31,SKU-019,329,Completed,59085.11
ORD-07328,CLI-0020,2026-03-31,SKU-016,290,Completed,50918.200000000004
ORD-07329,CLI-0082,2026-04-01,SKU-018,159,Completed,7226.55
ORD-07330,CLI-0041,2026-04-01,SKU-015,340,Completed,44319.0
ORD-07331,CLI-0005,2026-04-01,SKU-010,357,Completed,8792.91
ORD-07332,CLI-0100,2026-04-01,SKU-H01,244,Completed,3896.6800000000003
ORD-07333,CLI-0008,2026-04-01,SKU-H01,463,Completed,7394.110000000001
ORD-07334,CLI-0047,2026-04-01,SKU-H01,454,Completed,7250.38
ORD-07335,CLI-0056,2026-04-01,SKU-008,292,Completed,44836.600000000006
ORD-07336,CLI-0028,2026-04-01,SKU-005,77,Completed,14047.88
ORD-07337,CLI-0028,2026-04-01,SKU-016,494,Completed,86736.52
ORD-07338,CLI-0003,2026-04-01,SKU-018,438,Completed,19907.100000000002
ORD-07339,CLI-0088,2026-04-01,SKU-002,266,Completed,34824.719999999994
ORD-07340,CLI-0035,2026-04-01,SKU-005,179,Completed,32656.76
ORD-07341,CLI-0082,2026-04-01,SKU-019,140,Completed,25142.600000000002
ORD-07342,CLI-0011,2026-04-01,SKU-H01,122,Completed,1948.3400000000001
ORD-07343,CLI-0036,2026-04-02,SKU-013,257,Completed,47966.479999999996
ORD-07344,CLI-0011,2026-04-02,SKU-H01,202,Completed,3225.94
ORD-07345,CLI-0092,2026-04-02,SKU-010,281,Completed,6921.03
ORD-07346,CLI-0054,2026-04-02,SKU-H01,318,Completed,5078.46
ORD-07347,CLI-0028,2026-04-02,SKU-016,392,Completed,68827.36
ORD-07348,CLI-0034,2026-04-02,SKU-006,144,Completed,8261.279999999999
ORD-07349,CLI-0007,2026-04-02,SKU-H01,97,Completed,1549.0900000000001
ORD-07350,CLI-0055,2026-04-02,SKU-H01,225,Completed,3593.25
ORD-07351,CLI-0097,2026-04-02,SKU-004,202,Completed,21539.26
ORD-07352,CLI-0022,2026-04-02,SKU-019,151,Completed,27118.09
ORD-07353,CLI-0045,2026-04-02,SKU-013,264,Completed,49272.96
ORD-07354,CLI-0062,2026-04-02,SKU-004,293,Completed,31242.59
ORD-07355,CLI-0089,2026-04-03,SKU-H01,451,Completed,7202.47
ORD-07356,CLI-0021,2026-04-03,SKU-006,406,Completed,23292.219999999998
ORD-07357,CLI-0056,2026-04-03,SKU-012,231,Completed,9385.53
ORD-07358,CLI-0089,2026-04-03,SKU-013,342,Completed,63830.88
ORD-07359,CLI-0050,2026-04-03,SKU-H01,471,Completed,7521.87
ORD-07360,CLI-0002,2026-04-03,SKU-011,337,Completed,21921.85
ORD-07361,CLI-0077,2026-04-03,SKU-009,151,Completed,8073.97
ORD-07362,CLI-0010,2026-04-03,SKU-019,420,Completed,75427.8
ORD-07363,CLI-0086,2026-04-03,SKU-018,346,Completed,15725.7
ORD-07364,CLI-0079,2026-04-03,SKU-013,124,Completed,23143.359999999997
ORD-07365,CLI-0042,2026-04-03,SKU-011,390,Completed,25369.5
ORD-07366,CLI-0094,2026-04-03,SKU-H01,430,Completed,6867.1
ORD-07367,CLI-0095,2026-04-03,SKU-015,425,Completed,55398.75
ORD-07368,CLI-0041,2026-04-03,SKU-002,57,Completed,7462.44
ORD-07369,CLI-0020,2026-04-03,SKU-H01,284,Completed,4535.4800000000005
ORD-07370,CLI-0019,2026-04-03,SKU-H01,305,Completed,4870.85
ORD-07371,CLI-0041,2026-04-03,SKU-015,108,Completed,14077.8
ORD-07372,CLI-0087,2026-04-03,SKU-H01,258,Completed,4120.26
ORD-07373,CLI-0034,2026-04-03,SKU-003,316,Completed,22034.68
ORD-07374,CLI-0093,2026-04-03,SKU-004,51,Completed,5438.13
ORD-07375,CLI-0058,2026-04-03,SKU-H01,476,Completed,7601.72
ORD-07376,CLI-0017,2026-04-03,SKU-H01,374,Completed,5972.780000000001
ORD-07377,CLI-0058,2026-04-03,SKU-015,377,Completed,49141.95
ORD-07378,CLI-0075,2026-04-03,SKU-015,99,Completed,12904.65
ORD-07379,CLI-0005,2026-04-03,SKU-H01,161,Completed,2571.17
ORD-07380,CLI-0096,2026-04-03,SKU-016,146,Completed,25634.68
ORD-07381,CLI-0054,2026-04-03,SKU-013,406,Completed,75775.84
ORD-07382,CLI-0100,2026-04-04,SKU-002,135,Completed,17674.199999999997
ORD-07383,CLI-0077,2026-04-04,SKU-012,243,Completed,9873.09
ORD-07384,CLI-0028,2026-04-04,SKU-019,228,Completed,40946.520000000004
ORD-07385,CLI-0027,2026-04-04,SKU-003,147,Completed,10250.310000000001
ORD-07386,CLI-0087,2026-04-04,SKU-H01,345,Completed,5509.650000000001
ORD-07387,CLI-0002,2026-04-04,SKU-018,239,Completed,10862.550000000001
ORD-07388,CLI-0047,2026-04-04,SKU-008,58,Completed,8905.900000000001
ORD-07389,CLI-0039,2026-04-04,SKU-H01,207,Completed,3305.79
ORD-07390,CLI-0065,2026-04-04,SKU-007,469,Completed,41257.93
ORD-07391,CLI-0016,2026-04-04,SKU-005,408,Completed,74435.52
ORD-07392,CLI-0064,2026-04-04,SKU-015,382,Completed,49793.7
ORD-07393,CLI-0059,2026-04-04,SKU-005,261,Completed,47616.84
ORD-07394,CLI-0053,2026-04-04,SKU-H01,230,Completed,3673.1000000000004
ORD-07395,CLI-0046,2026-04-04,SKU-010,474,Completed,11674.619999999999
ORD-07396,CLI-0070,2026-04-04,SKU-006,268,Completed,15375.16
ORD-07397,CLI-0067,2026-04-04,SKU-H01,441,Completed,7042.77
ORD-07398,CLI-0043,2026-04-04,SKU-007,108,Completed,9500.76
ORD-07399,CLI-0023,2026-04-04,SKU-014,284,Completed,46445.36
ORD-07400,CLI-0055,2026-04-04,SKU-H01,241,Completed,3848.77
ORD-07401,CLI-0023,2026-04-04,SKU-009,333,Completed,17805.51
ORD-07402,CLI-0077,2026-04-04,SKU-H01,133,Completed,2124.01
ORD-07403,CLI-0070,2026-04-04,SKU-H01,273,Completed,4359.81
ORD-07404,CLI-0049,2026-04-04,SKU-H01,195,Completed,3114.15
ORD-07405,CLI-0085,2026-04-04,SKU-H01,402,Completed,6419.9400000000005
ORD-07406,CLI-0088,2026-04-04,SKU-015,273,Completed,35585.549999999996
ORD-07407,CLI-0082,2026-04-04,SKU-H01,195,Completed,3114.15
ORD-07408,CLI-0090,2026-04-04,SKU-012,367,Completed,14911.210000000001
ORD-07409,CLI-0012,2026-04-05,SKU-H01,462,Completed,7378.14
ORD-07410,CLI-0014,2026-04-05,SKU-018,95,Completed,4317.75
ORD-07411,CLI-0084,2026-04-05,SKU-008,58,Completed,8905.900000000001
ORD-07412,CLI-0079,2026-04-05,SKU-011,260,Completed,16913.0
ORD-07413,CLI-0014,2026-04-05,SKU-H01,304,Completed,4854.88
ORD-07414,CLI-0096,2026-04-05,SKU-002,434,Completed,56819.27999999999
ORD-07415,CLI-0080,2026-04-05,SKU-H01,328,Completed,5238.16
ORD-07416,CLI-0013,2026-04-05,SKU-018,374,Completed,16998.3
ORD-07417,CLI-0057,2026-04-05,SKU-004,307,Completed,32735.41
ORD-07418,CLI-0075,2026-04-05,SKU-009,462,Completed,24703.14
ORD-07419,CLI-0005,2026-04-05,SKU-012,391,Completed,15886.330000000002
ORD-07420,CLI-0038,2026-04-05,SKU-H01,486,Completed,7761.42
ORD-07421,CLI-0054,2026-04-05,SKU-011,158,Completed,10277.9
ORD-07422,CLI-0100,2026-04-06,SKU-010,282,Completed,6945.66
ORD-07423,CLI-0071,2026-04-06,SKU-011,245,Completed,15937.25
ORD-07424,CLI-0015,2026-04-06,SKU-004,150,Completed,15994.5
ORD-07425,CLI-0061,2026-04-06,SKU-H01,113,Completed,1804.6100000000001
ORD-07426,CLI-0045,2026-04-06,SKU-H01,456,Completed,7282.320000000001
ORD-07427,CLI-0060,2026-04-06,SKU-014,261,Completed,42683.939999999995
ORD-07428,CLI-0083,2026-04-06,SKU-008,410,Completed,62955.50000000001
ORD-07429,CLI-0095,2026-04-06,SKU-003,252,Completed,17571.960000000003
ORD-07430,CLI-0048,2026-04-06,SKU-018,450,Completed,20452.5
ORD-07431,CLI-0029,2026-04-06,SKU-H01,309,Completed,4934.7300000000005
ORD-07432,CLI-0037,2026-04-06,SKU-015,187,Completed,24375.45
ORD-07433,CLI-0034,2026-04-06,SKU-016,207,Completed,36345.060000000005
ORD-07434,CLI-0054,2026-04-06,SKU-014,394,Completed,64434.759999999995
ORD-07435,CLI-0031,2026-04-06,SKU-H01,52,Completed,830.44
ORD-07436,CLI-0054,2026-04-06,SKU-H01,66,Completed,1054.02
ORD-07437,CLI-0004,2026-04-07,SKU-012,128,Completed,5200.64
ORD-07438,CLI-0048,2026-04-07,SKU-H01,480,Completed,7665.6
ORD-07439,CLI-0067,2026-04-07,SKU-H01,469,Completed,7489.93
ORD-07440,CLI-0095,2026-04-07,SKU-013,357,Completed,66630.48
ORD-07441,CLI-0041,2026-04-07,SKU-H01,221,Completed,3529.3700000000003
ORD-07442,CLI-0022,2026-04-07,SKU-017,342,Completed,55643.399999999994
ORD-07443,CLI-0056,2026-04-07,SKU-015,173,Completed,22550.55
ORD-07444,CLI-0072,2026-04-07,SKU-015,250,Completed,32587.5
ORD-07445,CLI-0025,2026-04-07,SKU-013,365,Completed,68123.59999999999
ORD-07446,CLI-0083,2026-04-07,SKU-016,251,Completed,44070.58
